{
"type": "FeatureCollection",
"name": "countries",
"crs": { "type": "name", "properties": { "name": "urn:ogc:def:crs:OGC:1.3:CRS84" } },
"features": [
{ "type": "Feature", "properties": { "ADMIN": "Somalia", "SOVEREIGNT": "Somalia", "TYPE": "Sovereign country", "NAME": "Somalia", "ISO_A3": "SOM" }, "geometry": { "type": "Polygon", "coordinates": [ [ [ 48.039114, 8.087492 ], [ 48.099058, 8.17852 ], [ 48.159003, 8.269419 ], [ 48.219155, 8.360318 ], [ 48.279099, 8.451165 ], [ 48.339147, 8.54209 ], [ 48.399299, 8.633118 ], [ 48.459243, 8.723887 ], [ 48.519188, 8.814915 ], [ 48.579184, 8.90584 ], [ 48.639336, 8.996661 ], [ 48.699229, 9.087689 ], [ 48.759225, 9.178511 ], [ 48.819325, 9.269384 ], [ 48.879114, 9.360308 ], [ 48.939111, 9.451233 ], [ 48.939111, 9.562701 ], [ 48.939111, 9.563603 ], [ 48.939111, 9.676 ], [ 48.939111, 9.788422 ], [ 48.939111, 9.900715 ], [ 48.939111, 10.013033 ], [ 48.939111, 10.12543 ], [ 48.939111, 10.2378 ], [ 48.939111, 10.350119 ], [ 48.939111, 10.462567 ], [ 48.939111, 10.574937 ], [ 48.939111, 10.687333 ], [ 48.939111, 10.7996 ], [ 48.939111, 10.912022 ], [ 48.939111, 11.024367 ], [ 48.939111, 11.136737 ], [ 48.939112, 11.24913 ], [ 48.976817, 11.25141 ], [ 49.108409, 11.276597 ], [ 49.239594, 11.300279 ], [ 49.278087, 11.316962 ], [ 49.293305, 11.337958 ], [ 49.303477, 11.345445 ], [ 49.315929, 11.340522 ], [ 49.32545, 11.33511 ], [ 49.335704, 11.334621 ], [ 49.400076, 11.340522 ], [ 49.4192, 11.344794 ], [ 49.435069, 11.35106 ], [ 49.488617, 11.381741 ], [ 49.507335, 11.385199 ], [ 49.521739, 11.393785 ], [ 49.544444, 11.436713 ], [ 49.558604, 11.453518 ], [ 49.576834, 11.460028 ], [ 49.59962, 11.461737 ], [ 49.644542, 11.460354 ], [ 49.650076, 11.462144 ], [ 49.666026, 11.471137 ], [ 49.675304, 11.473944 ], [ 49.686778, 11.474351 ], [ 49.716319, 11.46776 ], [ 49.804861, 11.458401 ], [ 49.851248, 11.464911 ], [ 49.880707, 11.488227 ], [ 49.88852, 11.487291 ], [ 49.906423, 11.498725 ], [ 49.917979, 11.501899 ], [ 49.921886, 11.503852 ], [ 49.934418, 11.512885 ], [ 49.942149, 11.51557 ], [ 49.949474, 11.51496 ], [ 49.956309, 11.512519 ], [ 49.961111, 11.509955 ], [ 49.962657, 11.508734 ], [ 50.053884, 11.511379 ], [ 50.07252, 11.508734 ], [ 50.131521, 11.539944 ], [ 50.151134, 11.557929 ], [ 50.161876, 11.563381 ], [ 50.197602, 11.562649 ], [ 50.206554, 11.566799 ], [ 50.214366, 11.572659 ], [ 50.225434, 11.578111 ], [ 50.268321, 11.589301 ], [ 50.28891, 11.602444 ], [ 50.372325, 11.668931 ], [ 50.418142, 11.678046 ], [ 50.437022, 11.690619 ], [ 50.470388, 11.727851 ], [ 50.500824, 11.754828 ], [ 50.512706, 11.771226 ], [ 50.517589, 11.79267 ], [ 50.518891, 11.815253 ], [ 50.52296, 11.837958 ], [ 50.52947, 11.859524 ], [ 50.538585, 11.878648 ], [ 50.561209, 11.907904 ], [ 50.575938, 11.920966 ], [ 50.589854, 11.926459 ], [ 50.602061, 11.927965 ], [ 50.627452, 11.940131 ], [ 50.632091, 11.946763 ], [ 50.636485, 11.951606 ], [ 50.641124, 11.954413 ], [ 50.647146, 11.954047 ], [ 50.655935, 11.948432 ], [ 50.661469, 11.947577 ], [ 50.682953, 11.953355 ], [ 50.724864, 11.971137 ], [ 50.761567, 11.978746 ], [ 50.771983, 11.985785 ], [ 50.797864, 11.989119 ], [ 50.867055, 11.942891 ], [ 50.970083, 11.932323 ], [ 51.029307, 11.885077 ], [ 51.048839, 11.878648 ], [ 51.127696, 11.878648 ], [ 51.147227, 11.873603 ], [ 51.181163, 11.855373 ], [ 51.199718, 11.851304 ], [ 51.222911, 11.850775 ], [ 51.247081, 11.847561 ], [ 51.267345, 11.839423 ], [ 51.292698, 11.833108 ], [ 51.277354, 11.800605 ], [ 51.266381, 11.759286 ], [ 51.249359, 11.728775 ], [ 51.255708, 11.681655 ], [ 51.247801, 11.652391 ], [ 51.22954, 11.635897 ], [ 51.212529, 11.607947 ], [ 51.181245, 11.578829 ], [ 51.148123, 11.536038 ], [ 51.124766, 11.511786 ], [ 51.12086, 11.505316 ], [ 51.121918, 11.494127 ], [ 51.126638, 11.478827 ], [ 51.127696, 11.470893 ], [ 51.125011, 11.447984 ], [ 51.118419, 11.426256 ], [ 51.086192, 11.357164 ], [ 51.081309, 11.341498 ], [ 51.079356, 11.275946 ], [ 51.07252, 11.233791 ], [ 51.085948, 11.187974 ], [ 51.130945, 11.160752 ], [ 51.17444, 11.158764 ], [ 51.189504, 11.138306 ], [ 51.164399, 11.116767 ], [ 51.142263, 11.068427 ], [ 51.131358, 11.052883 ], [ 51.12379, 11.038764 ], [ 51.118337, 11.016913 ], [ 51.115082, 10.993354 ], [ 51.124522, 10.85456 ], [ 51.138194, 10.676744 ], [ 51.160655, 10.598456 ], [ 51.154307, 10.587714 ], [ 51.131358, 10.58393 ], [ 51.107432, 10.576565 ], [ 51.101899, 10.55858 ], [ 51.107188, 10.515041 ], [ 51.102224, 10.494696 ], [ 51.092296, 10.482164 ], [ 51.076915, 10.475816 ], [ 51.055675, 10.474066 ], [ 51.035818, 10.467515 ], [ 51.018321, 10.452094 ], [ 51.010102, 10.434027 ], [ 51.018403, 10.41942 ], [ 51.038097, 10.416083 ], [ 51.19044, 10.446112 ], [ 51.200938, 10.44477 ], [ 51.211925, 10.44184 ], [ 51.220388, 10.442043 ], [ 51.223888, 10.449856 ], [ 51.219574, 10.461005 ], [ 51.210216, 10.467108 ], [ 51.200857, 10.471503 ], [ 51.196544, 10.477444 ], [ 51.195811, 10.500312 ], [ 51.193044, 10.521186 ], [ 51.186778, 10.541571 ], [ 51.176117, 10.562812 ], [ 51.191742, 10.548977 ], [ 51.20734, 10.538096 ], [ 51.220647, 10.524928 ], [ 51.237966, 10.515024 ], [ 51.24662, 10.50909 ], [ 51.257942, 10.503801 ], [ 51.280556, 10.48733 ], [ 51.292532, 10.480075 ], [ 51.3112, 10.476055 ], [ 51.325879, 10.47268 ], [ 51.335871, 10.474614 ], [ 51.345875, 10.480494 ], [ 51.35721, 10.48374 ], [ 51.377856, 10.48169 ], [ 51.395173, 10.479023 ], [ 51.403077, 10.456707 ], [ 51.417038, 10.447485 ], [ 51.410965, 10.429814 ], [ 51.397509, 10.395793 ], [ 51.38502, 10.391506 ], [ 51.380154, 10.387339 ], [ 51.372569, 10.381415 ], [ 51.37608, 10.367693 ], [ 51.367419, 10.367726 ], [ 51.349458, 10.375002 ], [ 51.336131, 10.374395 ], [ 51.320079, 10.378485 ], [ 51.300831, 10.372566 ], [ 51.272873, 10.377905 ], [ 51.265391, 10.396877 ], [ 51.26295, 10.408596 ], [ 51.256602, 10.420315 ], [ 51.240977, 10.425605 ], [ 51.090099, 10.407313 ], [ 51.017125, 10.381916 ], [ 50.927389, 10.327844 ], [ 50.90988, 10.295635 ], [ 50.901703, 10.234442 ], [ 50.912814, 10.176853 ], [ 50.8838, 10.101264 ], [ 50.888682, 10.05565 ], [ 50.900401, 10.024075 ], [ 50.901703, 10.011664 ], [ 50.89975, 10.000718 ], [ 50.890798, 9.986029 ], [ 50.877696, 9.916653 ], [ 50.881196, 9.905463 ], [ 50.86964, 9.884467 ], [ 50.863129, 9.866034 ], [ 50.854015, 9.816107 ], [ 50.840587, 9.779771 ], [ 50.833263, 9.768785 ], [ 50.838634, 9.740912 ], [ 50.836925, 9.73078 ], [ 50.831716, 9.712063 ], [ 50.824474, 9.651068 ], [ 50.806163, 9.624457 ], [ 50.805512, 9.59394 ], [ 50.812999, 9.541164 ], [ 50.836762, 9.477037 ], [ 50.840343, 9.456122 ], [ 50.837413, 9.437201 ], [ 50.830333, 9.419623 ], [ 50.768321, 9.319281 ], [ 50.748302, 9.303534 ], [ 50.706309, 9.285712 ], [ 50.689464, 9.274848 ], [ 50.676768, 9.259182 ], [ 50.646983, 9.211371 ], [ 50.641124, 9.196357 ], [ 50.649181, 9.132514 ], [ 50.648448, 9.110419 ], [ 50.633637, 9.073188 ], [ 50.604503, 9.037909 ], [ 50.494884, 8.951972 ], [ 50.464122, 8.920559 ], [ 50.439708, 8.88817 ], [ 50.422048, 8.857123 ], [ 50.40797, 8.816352 ], [ 50.389822, 8.733547 ], [ 50.374278, 8.698879 ], [ 50.326508, 8.641099 ], [ 50.319591, 8.620347 ], [ 50.322602, 8.55976 ], [ 50.319591, 8.541815 ], [ 50.303477, 8.504584 ], [ 50.290212, 8.486762 ], [ 50.274913, 8.479153 ], [ 50.256196, 8.472561 ], [ 50.246104, 8.456448 ], [ 50.239106, 8.436347 ], [ 50.230154, 8.41767 ], [ 50.166026, 8.33336 ], [ 50.156423, 8.320624 ], [ 50.141368, 8.287991 ], [ 50.113048, 8.19953 ], [ 50.091075, 8.161038 ], [ 50.058279, 8.130316 ], [ 49.929373, 8.051744 ], [ 49.878622266269801, 8.0 ], [ 48.0, 8.0 ], [ 48.0, 8.028163608140797 ], [ 48.039114, 8.087492 ] ] ] } },
{ "type": "Feature", "properties": { "ADMIN": "Somaliland", "SOVEREIGNT": "Somaliland", "TYPE": "Sovereign country", "NAME": "Somaliland", "ISO_A3": "-99" }, "geometry": { "type": "Polygon", "coordinates": [ [ [ 48.939111, 11.136737 ], [ 48.939111, 11.024367 ], [ 48.939111, 10.912022 ], [ 48.939111, 10.7996 ], [ 48.939111, 10.687333 ], [ 48.939111, 10.574937 ], [ 48.939111, 10.462567 ], [ 48.939111, 10.350119 ], [ 48.939111, 10.2378 ], [ 48.939111, 10.12543 ], [ 48.939111, 10.013033 ], [ 48.939111, 9.900715 ], [ 48.939111, 9.788422 ], [ 48.939111, 9.676 ], [ 48.939111, 9.563603 ], [ 48.939111, 9.562701 ], [ 48.939111, 9.451233 ], [ 48.879114, 9.360308 ], [ 48.819325, 9.269384 ], [ 48.759225, 9.178511 ], [ 48.699229, 9.087689 ], [ 48.639336, 8.996661 ], [ 48.579184, 8.90584 ], [ 48.519188, 8.814915 ], [ 48.459243, 8.723887 ], [ 48.399299, 8.633118 ], [ 48.339147, 8.54209 ], [ 48.279099, 8.451165 ], [ 48.219155, 8.360318 ], [ 48.159003, 8.269419 ], [ 48.099058, 8.17852 ], [ 48.039114, 8.087492 ], [ 48.0, 8.028163608140797 ], [ 48.0, 11.128420673950881 ], [ 48.130382, 11.136664 ], [ 48.160818, 11.145657 ], [ 48.173513, 11.157131 ], [ 48.195811, 11.186835 ], [ 48.215587, 11.196234 ], [ 48.217296, 11.203681 ], [ 48.2199, 11.211127 ], [ 48.22934, 11.214504 ], [ 48.246593, 11.21426 ], [ 48.255138, 11.215074 ], [ 48.273611, 11.220404 ], [ 48.2942, 11.222602 ], [ 48.30421, 11.227525 ], [ 48.310557, 11.234768 ], [ 48.313324, 11.242011 ], [ 48.314952, 11.24901 ], [ 48.31837, 11.25552 ], [ 48.331309, 11.268704 ], [ 48.342784, 11.275458 ], [ 48.373057, 11.282172 ], [ 48.444347, 11.289252 ], [ 48.478526, 11.296332 ], [ 48.506847, 11.313544 ], [ 48.521983, 11.319281 ], [ 48.585948, 11.316962 ], [ 48.636892, 11.329413 ], [ 48.654796, 11.330634 ], [ 48.723888, 11.315253 ], [ 48.762462, 11.301011 ], [ 48.800629, 11.279039 ], [ 48.888845, 11.250556 ], [ 48.904063, 11.247748 ], [ 48.921153, 11.248033 ], [ 48.939112, 11.24913 ], [ 48.939111, 11.136737 ] ] ] } },
{ "type": "Feature", "properties": { "ADMIN": "Yemen", "SOVEREIGNT": "Yemen", "TYPE": "Sovereign country", "NAME": "Yemen", "ISO_A3": "YEM" }, "geometry": { "type": "MultiPolygon", "coordinates": [ [ [ [ 51.985689, 18.979732 ], [ 52.013962, 18.916159 ], [ 52.05675, 18.819628 ], [ 52.099538, 18.723044 ], [ 52.142326, 18.626513 ], [ 52.185011, 18.52993 ], [ 52.227799, 18.433424 ], [ 52.27069, 18.336866 ], [ 52.313323, 18.240283 ], [ 52.356163, 18.143777 ], [ 52.399003, 18.047272 ], [ 52.441739, 17.950637 ], [ 52.484527, 17.854157 ], [ 52.527419, 17.757625 ], [ 52.570207, 17.661094 ], [ 52.61284, 17.564562 ], [ 52.655628, 17.467979 ], [ 52.698416, 17.371447 ], [ 52.730145, 17.299875 ], [ 52.728285, 17.299359 ], [ 52.723014, 17.298687 ], [ 52.721464, 17.29817 ], [ 52.736243, 17.289178 ], [ 52.773864, 17.287111 ], [ 52.79102, 17.28122 ], [ 52.801562, 17.267423 ], [ 52.840319, 17.183707 ], [ 52.902745, 17.048263 ], [ 52.965273, 16.912922 ], [ 53.027905, 16.777478 ], [ 53.090343, 16.642401 ], [ 53.090017, 16.642239 ], [ 53.069184, 16.631822 ], [ 53.021821, 16.619452 ], [ 52.984874, 16.62816 ], [ 52.973888, 16.618313 ], [ 52.962169, 16.616278 ], [ 52.950531, 16.615627 ], [ 52.940278, 16.610175 ], [ 52.921153, 16.591132 ], [ 52.909923, 16.583075 ], [ 52.885265, 16.575426 ], [ 52.851085, 16.556138 ], [ 52.809093, 16.548326 ], [ 52.788829, 16.5397 ], [ 52.752126, 16.518297 ], [ 52.736827, 16.511949 ], [ 52.597667, 16.476711 ], [ 52.532563, 16.447252 ], [ 52.420421, 16.371243 ], [ 52.318614, 16.291164 ], [ 52.292735, 16.263821 ], [ 52.27947, 16.243883 ], [ 52.261404, 16.20897 ], [ 52.228689, 16.171942 ], [ 52.221446, 16.160875 ], [ 52.217052, 16.148383 ], [ 52.217052, 16.138088 ], [ 52.219574, 16.125963 ], [ 52.222667, 16.1164 ], [ 52.224376, 16.113593 ], [ 52.216807, 16.09516 ], [ 52.194347, 16.070299 ], [ 52.184093, 16.029446 ], [ 52.160004, 16.002102 ], [ 52.155528, 15.983873 ], [ 52.163422, 15.964789 ], [ 52.177419, 15.942369 ], [ 52.186534, 15.919094 ], [ 52.175466, 15.877916 ], [ 52.19158, 15.862982 ], [ 52.224376, 15.846747 ], [ 52.225271, 15.831936 ], [ 52.217052, 15.760728 ], [ 52.221446, 15.716986 ], [ 52.231212, 15.67475 ], [ 52.238292, 15.668647 ], [ 52.242849, 15.663479 ], [ 52.244884, 15.657701 ], [ 52.243826, 15.651557 ], [ 52.238536, 15.642524 ], [ 52.237478, 15.637519 ], [ 52.236583, 15.62934 ], [ 52.233572, 15.621772 ], [ 52.228363, 15.616116 ], [ 52.220714, 15.613959 ], [ 52.198985, 15.611477 ], [ 52.04713, 15.570014 ], [ 52.038748, 15.563137 ], [ 52.031505, 15.555813 ], [ 52.025727, 15.551215 ], [ 52.016938, 15.548651 ], [ 52.001638, 15.547268 ], [ 51.99171, 15.545071 ], [ 51.913097, 15.515326 ], [ 51.874197, 15.491523 ], [ 51.875011, 15.469387 ], [ 51.874197, 15.465033 ], [ 51.871837, 15.463772 ], [ 51.869395, 15.463772 ], [ 51.868175, 15.463121 ], [ 51.868663, 15.451565 ], [ 51.865408, 15.4501 ], [ 51.859874, 15.453315 ], [ 51.853852, 15.455715 ], [ 51.846528, 15.45954 ], [ 51.838715, 15.466295 ], [ 51.829275, 15.468695 ], [ 51.816661, 15.459418 ], [ 51.809418, 15.455756 ], [ 51.7588, 15.445624 ], [ 51.679942, 15.403469 ], [ 51.667247, 15.391425 ], [ 51.66212, 15.377143 ], [ 51.667735, 15.357652 ], [ 51.676524, 15.346991 ], [ 51.676443, 15.340277 ], [ 51.655284, 15.33275 ], [ 51.54949, 15.322984 ], [ 51.530528, 15.31684 ], [ 51.513438, 15.308051 ], [ 51.498302, 15.298041 ], [ 51.474294, 15.270697 ], [ 51.454275, 15.269517 ], [ 51.446544, 15.266425 ], [ 51.443614, 15.260199 ], [ 51.432465, 15.25967 ], [ 51.382009, 15.238023 ], [ 51.367849, 15.229722 ], [ 51.342459, 15.237698 ], [ 51.314464, 15.226711 ], [ 51.288422, 15.210273 ], [ 51.268809, 15.201809 ], [ 51.069835, 15.149644 ], [ 50.851329, 15.109931 ], [ 50.661469, 15.058498 ], [ 50.554047, 15.04857 ], [ 50.459483, 15.010443 ], [ 50.432384, 14.995429 ], [ 50.358246, 14.933336 ], [ 50.343028, 14.92475 ], [ 50.302257, 14.917467 ], [ 50.243826, 14.887152 ], [ 50.179535, 14.843329 ], [ 50.16505, 14.842475 ], [ 50.146251, 14.849799 ], [ 50.12143, 14.844224 ], [ 50.079356, 14.82567 ], [ 50.060395, 14.820217 ], [ 50.051768, 14.818752 ], [ 50.04184, 14.818264 ], [ 50.035818, 14.838935 ], [ 50.029796, 14.850287 ], [ 50.021007, 14.84927 ], [ 50.006033, 14.844387 ], [ 49.942149, 14.838772 ], [ 49.798595, 14.792182 ], [ 49.578136, 14.737291 ], [ 49.46046, 14.67357 ], [ 49.417817, 14.656928 ], [ 49.372406, 14.649807 ], [ 49.352061, 14.639797 ], [ 49.312755, 14.612779 ], [ 49.228852, 14.575263 ], [ 49.190196, 14.54857 ], [ 49.181895, 14.516588 ], [ 49.171886, 14.518256 ], [ 49.156749, 14.526109 ], [ 49.137055, 14.53266 ], [ 49.113536, 14.530219 ], [ 49.092784, 14.519599 ], [ 49.077973, 14.50609 ], [ 49.028087, 14.436347 ], [ 49.009939, 14.401109 ], [ 49.000255, 14.359565 ], [ 49.007986, 14.354438 ], [ 49.008556, 14.343004 ], [ 49.006033, 14.331204 ], [ 49.003673, 14.324774 ], [ 48.991547, 14.316881 ], [ 48.950531, 14.300605 ], [ 48.941661, 14.294379 ], [ 48.935802, 14.270453 ], [ 48.92156, 14.261868 ], [ 48.903494, 14.25849 ], [ 48.886974, 14.250312 ], [ 48.882335, 14.243232 ], [ 48.880382, 14.234605 ], [ 48.880138, 14.212104 ], [ 48.876964, 14.206732 ], [ 48.869884, 14.201361 ], [ 48.862966, 14.194648 ], [ 48.85255, 14.166978 ], [ 48.835297, 14.156236 ], [ 48.797618, 14.140448 ], [ 48.738292, 14.068183 ], [ 48.719493, 14.057278 ], [ 48.713715, 14.055406 ], [ 48.701834, 14.046698 ], [ 48.695811, 14.043606 ], [ 48.689301, 14.042426 ], [ 48.681488, 14.043606 ], [ 48.564789, 14.046047 ], [ 48.548106, 14.040513 ], [ 48.503429, 14.002631 ], [ 48.493826, 13.998969 ], [ 48.485525, 13.998481 ], [ 48.47755, 13.996731 ], [ 48.468761, 13.988959 ], [ 48.45045, 14.010647 ], [ 48.415375, 14.016832 ], [ 48.338227, 14.016303 ], [ 48.341156, 14.012397 ], [ 48.345714, 14.002631 ], [ 48.30421, 14.001899 ], [ 48.188731, 13.969143 ], [ 48.193614, 13.993394 ], [ 48.177582, 14.009182 ], [ 48.155284, 14.020209 ], [ 48.140391, 14.030585 ], [ 48.133556, 14.023139 ], [ 48.105968, 14.036038 ], [ 48.016856, 14.057278 ], [ 48.001638, 14.04914 ], [ 48.0, 14.04865387889182 ], [ 48.0, 17.955238395748665 ], [ 48.084382, 18.055902 ], [ 48.161949, 18.148919 ], [ 48.184428, 18.163931 ], [ 48.312585, 18.226589 ], [ 48.484358, 18.310408 ], [ 48.675974, 18.40402 ], [ 48.84754, 18.48771 ], [ 48.991304, 18.557886 ], [ 49.035849, 18.57972 ], [ 49.128815, 18.612095 ], [ 49.257851, 18.62951 ], [ 49.418048, 18.651059 ], [ 49.578245, 18.672608 ], [ 49.738442, 18.694157 ], [ 49.898535, 18.715706 ], [ 50.058732, 18.737255 ], [ 50.218929, 18.758856 ], [ 50.379126, 18.780353 ], [ 50.539323, 18.801903 ], [ 50.699365, 18.823529 ], [ 50.859717, 18.845027 ], [ 51.01981, 18.866576 ], [ 51.179904, 18.888151 ], [ 51.340101, 18.9097 ], [ 51.500298, 18.931249 ], [ 51.660495, 18.952824 ], [ 51.820692, 18.974373 ], [ 51.978615, 18.995638 ], [ 51.985689, 18.979732 ] ] ], [ [ [ 53.268071, 12.128832 ], [ 53.286884, 12.127337 ], [ 53.298066, 12.121873 ], [ 53.308239, 12.118395 ], [ 53.310267, 12.111444 ], [ 53.277495, 12.113829 ], [ 53.263076, 12.114869 ], [ 53.248326, 12.121302 ], [ 53.268071, 12.128832 ] ] ], [ [ [ 53.068366, 12.17494 ], [ 53.082918, 12.164794 ], [ 53.087074, 12.148555 ], [ 53.086378, 12.134344 ], [ 53.071829, 12.130283 ], [ 53.05659, 12.128251 ], [ 53.026774, 12.139742 ], [ 53.006703, 12.156644 ], [ 52.985265, 12.162727 ], [ 52.98872, 12.172198 ], [ 53.003953, 12.176942 ], [ 53.01705, 12.175576 ], [ 53.02746, 12.179648 ], [ 53.03855, 12.180333 ], [ 53.053068, 12.17492 ], [ 53.068366, 12.17494 ] ] ], [ [ [ 52.319374, 12.188264 ], [ 52.374685, 12.200588 ], [ 52.389496, 12.197252 ], [ 52.389578, 12.197252 ], [ 52.394705, 12.187323 ], [ 52.381482, 12.182545 ], [ 52.371129, 12.171565 ], [ 52.37894, 12.165691 ], [ 52.388464, 12.148868 ], [ 52.359981, 12.153854 ], [ 52.347904, 12.151296 ], [ 52.330577, 12.146186 ], [ 52.284679, 12.154486 ], [ 52.24023, 12.156877 ], [ 52.235034, 12.165283 ], [ 52.224376, 12.180325 ], [ 52.21811, 12.180609 ], [ 52.211762, 12.180894 ], [ 52.190684, 12.174628 ], [ 52.179861, 12.172838 ], [ 52.175792, 12.176337 ], [ 52.164561, 12.192532 ], [ 52.162364, 12.197414 ], [ 52.156993, 12.196234 ], [ 52.136691, 12.204541 ], [ 52.123753, 12.201978 ], [ 52.112315, 12.198635 ], [ 52.105805, 12.203803 ], [ 52.101817, 12.207017 ], [ 52.068487, 12.222008 ], [ 52.064118, 12.235473 ], [ 52.078763, 12.239737 ], [ 52.094086, 12.241767 ], [ 52.118435, 12.241549 ], [ 52.147777, 12.234898 ], [ 52.178876, 12.213943 ], [ 52.200434, 12.206443 ], [ 52.216804, 12.207335 ], [ 52.246114, 12.202371 ], [ 52.289199, 12.200815 ], [ 52.319374, 12.188264 ] ] ], [ [ [ 54.496932, 12.546914 ], [ 54.516092, 12.558434 ], [ 54.526833, 12.557214 ], [ 54.540294, 12.550238 ], [ 54.527927, 12.537446 ], [ 54.498038, 12.529472 ], [ 54.476524, 12.522613 ], [ 54.457423, 12.519228 ], [ 54.446654, 12.51115 ], [ 54.444684, 12.484721 ], [ 54.40234, 12.467224 ], [ 54.368661, 12.459569 ], [ 54.328169, 12.443457 ], [ 54.283337, 12.447291 ], [ 54.245942, 12.433539 ], [ 54.237478, 12.425198 ], [ 54.218761, 12.3994 ], [ 54.209727, 12.393785 ], [ 54.183849, 12.382514 ], [ 54.154959, 12.359809 ], [ 54.140498, 12.351344 ], [ 54.110711, 12.353811 ], [ 54.064229, 12.350548 ], [ 54.047546, 12.352962 ], [ 54.030886, 12.348361 ], [ 54.008244, 12.329857 ], [ 53.985932, 12.337144 ], [ 53.985688, 12.337144 ], [ 53.969981, 12.341864 ], [ 53.939281, 12.334757 ], [ 53.896471, 12.327908 ], [ 53.776352, 12.304969 ], [ 53.731165, 12.300414 ], [ 53.672924, 12.306342 ], [ 53.618265, 12.322706 ], [ 53.572147, 12.334614 ], [ 53.552, 12.354383 ], [ 53.535981, 12.373765 ], [ 53.519542, 12.393541 ], [ 53.505626, 12.416327 ], [ 53.479375, 12.42517 ], [ 53.437875, 12.451956 ], [ 53.334239, 12.51553 ], [ 53.309744, 12.537665 ], [ 53.306895, 12.543402 ], [ 53.315684, 12.550279 ], [ 53.342494, 12.542609 ], [ 53.363002, 12.544913 ], [ 53.384532, 12.557318 ], [ 53.389415, 12.560777 ], [ 53.391124, 12.569648 ], [ 53.399587, 12.587592 ], [ 53.403168, 12.598049 ], [ 53.396027, 12.656468 ], [ 53.410738, 12.662136 ], [ 53.428024, 12.66539 ], [ 53.470077, 12.671424 ], [ 53.479578, 12.686535 ], [ 53.490327, 12.701621 ], [ 53.499869, 12.712065 ], [ 53.518946, 12.714351 ], [ 53.573762, 12.703772 ], [ 53.606198, 12.699985 ], [ 53.629935, 12.702304 ], [ 53.654755, 12.704758 ], [ 53.694009, 12.669779 ], [ 53.762894, 12.619703 ], [ 53.808065, 12.607996 ], [ 53.846104, 12.598605 ], [ 53.866401, 12.622933 ], [ 53.875995, 12.647294 ], [ 53.903391, 12.653031 ], [ 53.922427, 12.650655 ], [ 53.940184, 12.642426 ], [ 53.973541, 12.646988 ], [ 54.008097, 12.645744 ], [ 54.045131, 12.666556 ], [ 54.058259, 12.671163 ], [ 54.082166, 12.6862 ], [ 54.093028, 12.698879 ], [ 54.119395, 12.701117 ], [ 54.132246, 12.688366 ], [ 54.146511, 12.677861 ], [ 54.16789, 12.664995 ], [ 54.18346, 12.668444 ], [ 54.195491, 12.6754 ], [ 54.200531, 12.673 ], [ 54.210704, 12.661689 ], [ 54.218761, 12.652655 ], [ 54.237315, 12.652045 ], [ 54.26002, 12.647528 ], [ 54.269341, 12.632119 ], [ 54.284854, 12.626249 ], [ 54.319468, 12.610994 ], [ 54.360145, 12.602689 ], [ 54.400775, 12.580404 ], [ 54.421909, 12.574028 ], [ 54.470662, 12.543566 ], [ 54.496932, 12.546914 ] ] ] ] } },
{ "type": "Feature", "properties": { "ADMIN": "Oman", "SOVEREIGNT": "Oman", "TYPE": "Sovereign country", "NAME": "Oman", "ISO_A3": "OMN" }, "geometry": { "type": "MultiPolygon", "coordinates": [ [ [ [ 56.290688, 25.327543 ], [ 56.309369, 25.301328 ], [ 56.349123, 25.294025 ], [ 56.344375, 25.266528 ], [ 56.316426, 25.253355 ], [ 56.29315, 25.245846 ], [ 56.281763, 25.23691 ], [ 56.252204, 25.217635 ], [ 56.235771, 25.211175 ], [ 56.219958, 25.215258 ], [ 56.207625, 25.220835 ], [ 56.206123, 25.230596 ], [ 56.208375, 25.255374 ], [ 56.235126, 25.267476 ], [ 56.244887, 25.277988 ], [ 56.23888, 25.286247 ], [ 56.235668, 25.296287 ], [ 56.233625, 25.312526 ], [ 56.260625, 25.331075 ], [ 56.290688, 25.327543 ] ], [ [ 56.282979, 25.255476 ], [ 56.288328, 25.271926 ], [ 56.273812, 25.281289 ], [ 56.265075, 25.281175 ], [ 56.259578, 25.275982 ], [ 56.263026, 25.249223 ], [ 56.282979, 25.255476 ] ] ], [ [ [ 56.077485, 26.061347 ], [ 56.082042, 26.070705 ], [ 56.091482, 26.106513 ], [ 56.157725, 26.201077 ], [ 56.181814, 26.245998 ], [ 56.191905, 26.255072 ], [ 56.208263, 26.263088 ], [ 56.209158, 26.257554 ], [ 56.208263, 26.244045 ], [ 56.2199, 26.227729 ], [ 56.216807, 26.222113 ], [ 56.212413, 26.207831 ], [ 56.2199, 26.207831 ], [ 56.229503, 26.216783 ], [ 56.255544, 26.218085 ], [ 56.260753, 26.224595 ], [ 56.266856, 26.227484 ], [ 56.279959, 26.22309 ], [ 56.29184, 26.211859 ], [ 56.294932, 26.194241 ], [ 56.301931, 26.205308 ], [ 56.308849, 26.204739 ], [ 56.317393, 26.200629 ], [ 56.329112, 26.201077 ], [ 56.356293, 26.219143 ], [ 56.366954, 26.221503 ], [ 56.397472, 26.213853 ], [ 56.404145, 26.214748 ], [ 56.406912, 26.223131 ], [ 56.402354, 26.232082 ], [ 56.394542, 26.239163 ], [ 56.38738, 26.242011 ], [ 56.367849, 26.244086 ], [ 56.355724, 26.243394 ], [ 56.346853, 26.238593 ], [ 56.341156, 26.232327 ], [ 56.331309, 26.223456 ], [ 56.319591, 26.217922 ], [ 56.308442, 26.221503 ], [ 56.308279, 26.232611 ], [ 56.315929, 26.274644 ], [ 56.315929, 26.290432 ], [ 56.345225, 26.269232 ], [ 56.358409, 26.26496 ], [ 56.36378, 26.279527 ], [ 56.35906, 26.28734 ], [ 56.34783, 26.297431 ], [ 56.333995, 26.306138 ], [ 56.322276, 26.309638 ], [ 56.326508, 26.318915 ], [ 56.332042, 26.320746 ], [ 56.338145, 26.320705 ], [ 56.344005, 26.32392 ], [ 56.356293, 26.337592 ], [ 56.361827, 26.349514 ], [ 56.360525, 26.371283 ], [ 56.36378, 26.385972 ], [ 56.369965, 26.385972 ], [ 56.383637, 26.35871 ], [ 56.399099, 26.367906 ], [ 56.404145, 26.372301 ], [ 56.411632, 26.364936 ], [ 56.406912, 26.357367 ], [ 56.406505, 26.354804 ], [ 56.408702, 26.352362 ], [ 56.411632, 26.345038 ], [ 56.421072, 26.352118 ], [ 56.426931, 26.349595 ], [ 56.431895, 26.342963 ], [ 56.438975, 26.337592 ], [ 56.462169, 26.331855 ], [ 56.474376, 26.330797 ], [ 56.487315, 26.331366 ], [ 56.485199, 26.335883 ], [ 56.481781, 26.347357 ], [ 56.479828, 26.351874 ], [ 56.500987, 26.35871 ], [ 56.511078, 26.333482 ], [ 56.508962, 26.323717 ], [ 56.494965, 26.32274 ], [ 56.469574, 26.32392 ], [ 56.45281, 26.318345 ], [ 56.422862, 26.294623 ], [ 56.406261, 26.284898 ], [ 56.407481, 26.284857 ], [ 56.407237, 26.27912 ], [ 56.398611, 26.268704 ], [ 56.420909, 26.247626 ], [ 56.432302, 26.239447 ], [ 56.445811, 26.235175 ], [ 56.454926, 26.239325 ], [ 56.465343, 26.24726 ], [ 56.476248, 26.249172 ], [ 56.487315, 26.235175 ], [ 56.468761, 26.205512 ], [ 56.459646, 26.202094 ], [ 56.453298, 26.221503 ], [ 56.443044, 26.220445 ], [ 56.431977, 26.221503 ], [ 56.435802, 26.211615 ], [ 56.43686, 26.205268 ], [ 56.435395, 26.200141 ], [ 56.431977, 26.194241 ], [ 56.444591, 26.182359 ], [ 56.459727, 26.174262 ], [ 56.472911, 26.164008 ], [ 56.479828, 26.145819 ], [ 56.46811, 26.145982 ], [ 56.457367, 26.148424 ], [ 56.447765, 26.153144 ], [ 56.438975, 26.160102 ], [ 56.424571, 26.153795 ], [ 56.412446, 26.158433 ], [ 56.404959, 26.1706 ], [ 56.404145, 26.186754 ], [ 56.398285, 26.183417 ], [ 56.383149, 26.176988 ], [ 56.377452, 26.173733 ], [ 56.376964, 26.184394 ], [ 56.378917, 26.192532 ], [ 56.383637, 26.198065 ], [ 56.391124, 26.201077 ], [ 56.368419, 26.204535 ], [ 56.343598, 26.191392 ], [ 56.328787, 26.172838 ], [ 56.335948, 26.160102 ], [ 56.330903, 26.149319 ], [ 56.329763, 26.137112 ], [ 56.331716, 26.124213 ], [ 56.335948, 26.11164 ], [ 56.344737, 26.131822 ], [ 56.353038, 26.142646 ], [ 56.36378, 26.145819 ], [ 56.370128, 26.139472 ], [ 56.371104, 26.127834 ], [ 56.368337, 26.114895 ], [ 56.36378, 26.104885 ], [ 56.383311, 26.09748 ], [ 56.472992, 26.098619 ], [ 56.464366, 26.085354 ], [ 56.449229, 26.073554 ], [ 56.418305, 26.057074 ], [ 56.389171, 26.047105 ], [ 56.380138, 26.038235 ], [ 56.383637, 26.022284 ], [ 56.408865, 26.034369 ], [ 56.422862, 26.023139 ], [ 56.42335, 26.004625 ], [ 56.400401, 25.990465 ], [ 56.40504, 25.980455 ], [ 56.418305, 25.963935 ], [ 56.42213, 25.95661 ], [ 56.431163, 25.952704 ], [ 56.453298, 25.94717 ], [ 56.445486, 25.94245 ], [ 56.442638, 25.939276 ], [ 56.438975, 25.926093 ], [ 56.424164, 25.933173 ], [ 56.407888, 25.937405 ], [ 56.393321, 25.935858 ], [ 56.383637, 25.926093 ], [ 56.399425, 25.90233 ], [ 56.392589, 25.880439 ], [ 56.37615, 25.85928 ], [ 56.36378, 25.837958 ], [ 56.362641, 25.830634 ], [ 56.36378, 25.806871 ], [ 56.344005, 25.789537 ], [ 56.327403, 25.762397 ], [ 56.316254, 25.749579 ], [ 56.301768, 25.741767 ], [ 56.301768, 25.762885 ], [ 56.287934, 25.741604 ], [ 56.273774, 25.709133 ], [ 56.266612, 25.672593 ], [ 56.273774, 25.639309 ], [ 56.279055, 25.627446 ], [ 56.237528, 25.616577 ], [ 56.221508, 25.613838 ], [ 56.205799, 25.617766 ], [ 56.198771, 25.625259 ], [ 56.188849, 25.645412 ], [ 56.179857, 25.652079 ], [ 56.156396, 25.655903 ], [ 56.152496, 25.657961 ], [ 56.150815, 25.658848 ], [ 56.145131, 25.670837 ], [ 56.140376, 25.715537 ], [ 56.141203, 25.732694 ], [ 56.151952, 25.743133 ], [ 56.164871, 25.752176 ], [ 56.172002, 25.76525 ], [ 56.167352, 25.777704 ], [ 56.144097, 25.805919 ], [ 56.139653, 25.822973 ], [ 56.144511, 25.837907 ], [ 56.163838, 25.862454 ], [ 56.170555, 25.87682 ], [ 56.17469, 25.96653 ], [ 56.181304, 25.996244 ], [ 56.183475, 26.014537 ], [ 56.17841, 26.035001 ], [ 56.162701, 26.073552 ], [ 56.151332, 26.074792 ], [ 56.100586, 26.062855 ], [ 56.077397, 26.061048 ], [ 56.077485, 26.061347 ] ] ], [ [ [ 56.405447, 24.897284 ], [ 56.469574, 24.775336 ], [ 56.480317, 24.765123 ], [ 56.486827, 24.741848 ], [ 56.4935, 24.700181 ], [ 56.611176, 24.496324 ], [ 56.63559, 24.471381 ], [ 56.692149, 24.425238 ], [ 56.801443, 24.302965 ], [ 56.82309, 24.271145 ], [ 56.832286, 24.252509 ], [ 56.841075, 24.223822 ], [ 56.939464, 24.115912 ], [ 57.058279, 24.023098 ], [ 57.151541, 23.953559 ], [ 57.184255, 23.934272 ], [ 57.326345, 23.884019 ], [ 57.509613, 23.839097 ], [ 57.586436, 23.80744 ], [ 57.645193, 23.790432 ], [ 57.686778, 23.783352 ], [ 57.709727, 23.782213 ], [ 57.777354, 23.785956 ], [ 57.795746, 23.782213 ], [ 57.824392, 23.747626 ], [ 57.834972, 23.740058 ], [ 57.859223, 23.734076 ], [ 57.887706, 23.720852 ], [ 57.912771, 23.717841 ], [ 58.043142, 23.724555 ], [ 58.086762, 23.722113 ], [ 58.131602, 23.713324 ], [ 58.193207, 23.689358 ], [ 58.210297, 23.685981 ], [ 58.227387, 23.679145 ], [ 58.264171, 23.644843 ], [ 58.2824, 23.631415 ], [ 58.317231, 23.620917 ], [ 58.363536, 23.615546 ], [ 58.411957, 23.616197 ], [ 58.452973, 23.623969 ], [ 58.474864, 23.631537 ], [ 58.483653, 23.638129 ], [ 58.490896, 23.656562 ], [ 58.499522, 23.656887 ], [ 58.518565, 23.651923 ], [ 58.561371, 23.651109 ], [ 58.584158, 23.646959 ], [ 58.604503, 23.6376 ], [ 58.613292, 23.625067 ], [ 58.633311, 23.585273 ], [ 58.6421, 23.576809 ], [ 58.647146, 23.574897 ], [ 58.651541, 23.570543 ], [ 58.655528, 23.565741 ], [ 58.659028, 23.562486 ], [ 58.661306, 23.563137 ], [ 58.66684, 23.56391 ], [ 58.674001, 23.563951 ], [ 58.680349, 23.562486 ], [ 58.694591, 23.551418 ], [ 58.702403, 23.542955 ], [ 58.706879, 23.535142 ], [ 58.714366, 23.535142 ], [ 58.720551, 23.548814 ], [ 58.722911, 23.543402 ], [ 58.724946, 23.540107 ], [ 58.726817, 23.536078 ], [ 58.728038, 23.528388 ], [ 58.734874, 23.528388 ], [ 58.736013, 23.53266 ], [ 58.740977, 23.54206 ], [ 58.746349, 23.537665 ], [ 58.749522, 23.536444 ], [ 58.762055, 23.54206 ], [ 58.786143, 23.512112 ], [ 58.792979, 23.495673 ], [ 58.789399, 23.480618 ], [ 58.797374, 23.466783 ], [ 58.807628, 23.421129 ], [ 58.820567, 23.40176 ], [ 58.879161, 23.351264 ], [ 58.915212, 23.336086 ], [ 58.929454, 23.318101 ], [ 58.946544, 23.275092 ], [ 58.956228, 23.259426 ], [ 58.986501, 23.232489 ], [ 59.00172, 23.212388 ], [ 59.010102, 23.153306 ], [ 59.073741, 23.093248 ], [ 59.077891, 23.08515 ], [ 59.083669, 23.055365 ], [ 59.087901, 23.048407 ], [ 59.09254, 23.043647 ], [ 59.120453, 23.022773 ], [ 59.173676, 22.993964 ], [ 59.20753, 22.970364 ], [ 59.23227, 22.94302 ], [ 59.250011, 22.912014 ], [ 59.286143, 22.826483 ], [ 59.289806, 22.812079 ], [ 59.297537, 22.792711 ], [ 59.315684, 22.779486 ], [ 59.351817, 22.761176 ], [ 59.391612, 22.702216 ], [ 59.397227, 22.686103 ], [ 59.410655, 22.670844 ], [ 59.452485, 22.634101 ], [ 59.483897, 22.618842 ], [ 59.506847, 22.600084 ], [ 59.529796, 22.587877 ], [ 59.535492, 22.583075 ], [ 59.536469, 22.572577 ], [ 59.530447, 22.570054 ], [ 59.521983, 22.57217 ], [ 59.515636, 22.575588 ], [ 59.515798, 22.56151 ], [ 59.523123, 22.555121 ], [ 59.535167, 22.55386 ], [ 59.549815, 22.555121 ], [ 59.626801, 22.57982 ], [ 59.653494, 22.569729 ], [ 59.693858, 22.541449 ], [ 59.699962, 22.54092 ], [ 59.715668, 22.542914 ], [ 59.721202, 22.541449 ], [ 59.723969, 22.536811 ], [ 59.725841, 22.526109 ], [ 59.728526, 22.520982 ], [ 59.728363, 22.518134 ], [ 59.727224, 22.513577 ], [ 59.728038, 22.507636 ], [ 59.734711, 22.500474 ], [ 59.739757, 22.497789 ], [ 59.746104, 22.495592 ], [ 59.752778, 22.494208 ], [ 59.758962, 22.493638 ], [ 59.762543, 22.498603 ], [ 59.756033, 22.509426 ], [ 59.741547, 22.524726 ], [ 59.745779, 22.538235 ], [ 59.756358, 22.538479 ], [ 59.776378, 22.541449 ], [ 59.803233, 22.534735 ], [ 59.82488, 22.508857 ], [ 59.839366, 22.475287 ], [ 59.844574, 22.445258 ], [ 59.82488, 22.281399 ], [ 59.811778, 22.237372 ], [ 59.791759, 22.198065 ], [ 59.734711, 22.123114 ], [ 59.704926, 22.099555 ], [ 59.688162, 22.082709 ], [ 59.680675, 22.06509 ], [ 59.677989, 22.041897 ], [ 59.659679, 21.994045 ], [ 59.65504, 21.945746 ], [ 59.645274, 21.925849 ], [ 59.605642, 21.910224 ], [ 59.593435, 21.892768 ], [ 59.576996, 21.856269 ], [ 59.497895, 21.756334 ], [ 59.467621, 21.666409 ], [ 59.448578, 21.624905 ], [ 59.354991, 21.485663 ], [ 59.347504, 21.453559 ], [ 59.344249, 21.444729 ], [ 59.336192, 21.43773 ], [ 59.195323, 21.379096 ], [ 59.16627, 21.362779 ], [ 59.054373, 21.277086 ], [ 58.9192, 21.143704 ], [ 58.878103, 21.083808 ], [ 58.867931, 21.074774 ], [ 58.854259, 21.065619 ], [ 58.838552, 21.044501 ], [ 58.807872, 20.99079 ], [ 58.804454, 20.981594 ], [ 58.801931, 20.946234 ], [ 58.798839, 20.936021 ], [ 58.792979, 20.927395 ], [ 58.734874, 20.883002 ], [ 58.739024, 20.86225 ], [ 58.722179, 20.848049 ], [ 58.680349, 20.828355 ], [ 58.681488, 20.826483 ], [ 58.673839, 20.808173 ], [ 58.672699, 20.807847 ], [ 58.665782, 20.801581 ], [ 58.661306, 20.796332 ], [ 58.659028, 20.790839 ], [ 58.661469, 20.781643 ], [ 58.667654, 20.772284 ], [ 58.676443, 20.76439 ], [ 58.686534, 20.759467 ], [ 58.701345, 20.766018 ], [ 58.71811, 20.780829 ], [ 58.72934, 20.786811 ], [ 58.728038, 20.766913 ], [ 58.71811, 20.753648 ], [ 58.69988, 20.74079 ], [ 58.681814, 20.735907 ], [ 58.672699, 20.746405 ], [ 58.666515, 20.746405 ], [ 58.660899, 20.732327 ], [ 58.653331, 20.705268 ], [ 58.645356, 20.691148 ], [ 58.637462, 20.684394 ], [ 58.615408, 20.672431 ], [ 58.604503, 20.663275 ], [ 58.591807, 20.643948 ], [ 58.580821, 20.618476 ], [ 58.573253, 20.590644 ], [ 58.570486, 20.564276 ], [ 58.545095, 20.516425 ], [ 58.531261, 20.481391 ], [ 58.532481, 20.465277 ], [ 58.526866, 20.457709 ], [ 58.521495, 20.424384 ], [ 58.518565, 20.416815 ], [ 58.510427, 20.415229 ], [ 58.497081, 20.410793 ], [ 58.483572, 20.404202 ], [ 58.474132, 20.396389 ], [ 58.467459, 20.369534 ], [ 58.445811, 20.358629 ], [ 58.417654, 20.359605 ], [ 58.391612, 20.368476 ], [ 58.372569, 20.377387 ], [ 58.359141, 20.381578 ], [ 58.326427, 20.382717 ], [ 58.313813, 20.380805 ], [ 58.29005, 20.371405 ], [ 58.275564, 20.368476 ], [ 58.278656, 20.377387 ], [ 58.284516, 20.381985 ], [ 58.279633, 20.384833 ], [ 58.244151, 20.394232 ], [ 58.224294, 20.396389 ], [ 58.202891, 20.404731 ], [ 58.200531, 20.424384 ], [ 58.21339, 20.465277 ], [ 58.213227, 20.452704 ], [ 58.217296, 20.441555 ], [ 58.224783, 20.43183 ], [ 58.23463, 20.423651 ], [ 58.238455, 20.443834 ], [ 58.228282, 20.488837 ], [ 58.238048, 20.509345 ], [ 58.251313, 20.529202 ], [ 58.261567, 20.558092 ], [ 58.264171, 20.587633 ], [ 58.255138, 20.60928 ], [ 58.234874, 20.615668 ], [ 58.20574, 20.613349 ], [ 58.17628, 20.604722 ], [ 58.144216, 20.585191 ], [ 58.103526, 20.575141 ], [ 58.090831, 20.56684 ], [ 58.084483, 20.558051 ], [ 58.067231, 20.511054 ], [ 58.06658, 20.499823 ], [ 58.07309, 20.489163 ], [ 58.075857, 20.480048 ], [ 58.067638, 20.47248 ], [ 58.055349, 20.467231 ], [ 58.030772, 20.4619 ], [ 58.012462, 20.453437 ], [ 57.994395, 20.442288 ], [ 57.970714, 20.42121 ], [ 57.962087, 20.410875 ], [ 57.955821, 20.399563 ], [ 57.95338, 20.38642 ], [ 57.956554, 20.376939 ], [ 57.970714, 20.361884 ], [ 57.973888, 20.352281 ], [ 57.966563, 20.330227 ], [ 57.948741, 20.317572 ], [ 57.90504, 20.300767 ], [ 57.888438, 20.290717 ], [ 57.870453, 20.277045 ], [ 57.85613, 20.260647 ], [ 57.850352, 20.242418 ], [ 57.8449, 20.231187 ], [ 57.833507, 20.218329 ], [ 57.823741, 20.201077 ], [ 57.823009, 20.176663 ], [ 57.84197, 20.136054 ], [ 57.847992, 20.111762 ], [ 57.831716, 20.075344 ], [ 57.816254, 20.020738 ], [ 57.815684, 20.006578 ], [ 57.81365, 19.976996 ], [ 57.790375, 19.924018 ], [ 57.773692, 19.867865 ], [ 57.762055, 19.842963 ], [ 57.698904, 19.754381 ], [ 57.68922, 19.728176 ], [ 57.69337, 19.697455 ], [ 57.70045, 19.685981 ], [ 57.709239, 19.676744 ], [ 57.716807, 19.666815 ], [ 57.719981, 19.653062 ], [ 57.720551, 19.622626 ], [ 57.718923, 19.607978 ], [ 57.713878, 19.595038 ], [ 57.706554, 19.568834 ], [ 57.704438, 19.548733 ], [ 57.711762, 19.529486 ], [ 57.760265, 19.454088 ], [ 57.767833, 19.437445 ], [ 57.773936, 19.409654 ], [ 57.773774, 19.38288 ], [ 57.769054, 19.357611 ], [ 57.752208, 19.311591 ], [ 57.748302, 19.291002 ], [ 57.750662, 19.268052 ], [ 57.770844, 19.216946 ], [ 57.780528, 19.201117 ], [ 57.805675, 19.173 ], [ 57.81186, 19.156887 ], [ 57.802989, 19.115139 ], [ 57.802013, 19.094794 ], [ 57.839854, 19.029975 ], [ 57.840099, 19.015326 ], [ 57.815684, 18.991767 ], [ 57.801117, 18.980658 ], [ 57.79713, 18.979234 ], [ 57.752289, 18.973049 ], [ 57.747325, 18.967841 ], [ 57.742849, 18.961859 ], [ 57.731944, 18.953803 ], [ 57.719412, 18.946926 ], [ 57.709727, 18.943996 ], [ 57.501475, 18.953681 ], [ 57.445323, 18.945339 ], [ 57.20753, 18.90998 ], [ 57.083751, 18.87637 ], [ 56.91505, 18.810289 ], [ 56.850352, 18.765815 ], [ 56.807791, 18.745592 ], [ 56.784679, 18.728583 ], [ 56.77475, 18.70718 ], [ 56.766449, 18.696845 ], [ 56.659679, 18.595364 ], [ 56.641124, 18.559272 ], [ 56.636892, 18.511949 ], [ 56.643403, 18.479193 ], [ 56.644298, 18.467597 ], [ 56.641124, 18.454901 ], [ 56.626638, 18.435858 ], [ 56.621267, 18.419582 ], [ 56.612315, 18.399604 ], [ 56.60963, 18.389065 ], [ 56.60963, 18.34748 ], [ 56.600597, 18.305406 ], [ 56.548839, 18.189846 ], [ 56.563731, 18.170233 ], [ 56.56129, 18.149237 ], [ 56.547211, 18.129706 ], [ 56.527599, 18.114691 ], [ 56.484141, 18.096503 ], [ 56.462576, 18.084418 ], [ 56.431977, 18.032172 ], [ 56.425629, 18.027411 ], [ 56.411306, 18.023179 ], [ 56.404145, 18.01911 ], [ 56.357677, 17.969794 ], [ 56.354991, 17.962307 ], [ 56.356293, 17.940009 ], [ 56.3449, 17.937812 ], [ 56.188487, 17.957099 ], [ 56.168224, 17.954088 ], [ 56.138357, 17.940579 ], [ 56.116222, 17.936591 ], [ 56.031098, 17.943427 ], [ 56.010753, 17.940375 ], [ 55.946056, 17.915473 ], [ 55.909434, 17.906643 ], [ 55.653494, 17.895331 ], [ 55.552908, 17.870266 ], [ 55.530528, 17.868313 ], [ 55.522472, 17.866441 ], [ 55.517345, 17.86225 ], [ 55.512869, 17.857489 ], [ 55.506602, 17.85399 ], [ 55.488292, 17.853461 ], [ 55.486827, 17.85399 ], [ 55.453949, 17.845404 ], [ 55.44516, 17.84101 ], [ 55.431651, 17.824652 ], [ 55.417328, 17.785224 ], [ 55.40797, 17.768704 ], [ 55.393077, 17.752143 ], [ 55.388682, 17.744289 ], [ 55.373383, 17.703315 ], [ 55.369477, 17.696357 ], [ 55.355724, 17.681586 ], [ 55.263194, 17.607733 ], [ 55.235037, 17.558824 ], [ 55.228201, 17.538764 ], [ 55.225434, 17.515448 ], [ 55.229503, 17.488593 ], [ 55.240082, 17.475165 ], [ 55.273774, 17.457424 ], [ 55.293224, 17.43769 ], [ 55.300792, 17.416815 ], [ 55.301117, 17.371161 ], [ 55.2942, 17.352118 ], [ 55.253429, 17.29914 ], [ 55.251231, 17.289984 ], [ 55.249522, 17.276109 ], [ 55.250662, 17.263617 ], [ 55.256847, 17.258205 ], [ 55.264822, 17.254788 ], [ 55.265147, 17.247056 ], [ 55.260265, 17.23428 ], [ 55.254731, 17.228705 ], [ 55.228526, 17.216132 ], [ 55.219249, 17.210395 ], [ 55.213145, 17.202094 ], [ 55.209321, 17.193549 ], [ 55.205089, 17.176215 ], [ 55.195486, 17.160834 ], [ 55.198741, 17.155748 ], [ 55.18922, 17.144761 ], [ 55.158865, 17.13581 ], [ 55.143565, 17.127834 ], [ 55.138438, 17.118883 ], [ 55.132986, 17.105048 ], [ 55.124766, 17.092475 ], [ 55.112559, 17.086859 ], [ 55.071788, 17.042182 ], [ 55.026866, 17.011135 ], [ 55.020681, 17.011135 ], [ 55.010916, 17.026272 ], [ 54.999197, 17.01968 ], [ 54.98699, 17.005357 ], [ 54.975352, 16.997463 ], [ 54.959646, 16.994859 ], [ 54.945079, 16.989976 ], [ 54.931326, 16.987128 ], [ 54.917003, 16.990668 ], [ 54.901378, 16.974921 ], [ 54.882823, 16.969062 ], [ 54.841807, 16.963935 ], [ 54.808442, 16.951483 ], [ 54.79184, 16.951402 ], [ 54.780528, 16.963935 ], [ 54.769054, 16.957913 ], [ 54.750743, 16.960517 ], [ 54.739431, 16.956488 ], [ 54.705333, 16.977607 ], [ 54.697927, 16.97016 ], [ 54.689789, 16.989325 ], [ 54.685313, 17.006903 ], [ 54.674083, 17.019761 ], [ 54.633149, 17.026923 ], [ 54.60434, 17.036322 ], [ 54.592052, 17.038479 ], [ 54.580333, 17.03734 ], [ 54.559744, 17.032701 ], [ 54.547699, 17.031643 ], [ 54.51238, 17.038398 ], [ 54.499278, 17.038479 ], [ 54.488536, 17.03559 ], [ 54.467621, 17.026679 ], [ 54.461681, 17.024807 ], [ 54.414561, 17.037828 ], [ 54.389985, 17.039455 ], [ 54.369477, 17.024807 ], [ 54.360118, 17.029608 ], [ 54.350352, 17.031684 ], [ 54.164073, 17.011135 ], [ 54.084972, 17.011135 ], [ 54.067556, 17.006741 ], [ 54.023448, 16.985338 ], [ 54.012706, 16.977607 ], [ 54.008962, 16.968655 ], [ 54.009288, 16.960924 ], [ 54.011404, 16.953681 ], [ 54.012706, 16.94599 ], [ 54.009451, 16.937445 ], [ 53.995372, 16.92536 ], [ 53.992198, 16.919257 ], [ 53.98113, 16.908759 ], [ 53.955903, 16.903876 ], [ 53.910167, 16.901272 ], [ 53.850352, 16.889146 ], [ 53.83074, 16.887641 ], [ 53.812673, 16.881781 ], [ 53.792003, 16.870307 ], [ 53.771332, 16.862616 ], [ 53.753184, 16.867743 ], [ 53.73463, 16.856147 ], [ 53.709321, 16.836005 ], [ 53.687022, 16.813625 ], [ 53.677501, 16.795111 ], [ 53.669281, 16.784084 ], [ 53.650564, 16.773179 ], [ 53.615408, 16.75788 ], [ 53.582693, 16.749945 ], [ 53.423025, 16.746812 ], [ 53.338634, 16.734809 ], [ 53.175304, 16.684516 ], [ 53.090343, 16.642401 ], [ 53.027905, 16.777478 ], [ 52.965273, 16.912922 ], [ 52.902745, 17.048263 ], [ 52.840319, 17.183707 ], [ 52.801562, 17.267423 ], [ 52.79102, 17.28122 ], [ 52.773864, 17.287111 ], [ 52.736243, 17.289178 ], [ 52.721464, 17.29817 ], [ 52.723014, 17.298687 ], [ 52.728285, 17.299359 ], [ 52.730145, 17.299875 ], [ 52.698416, 17.371447 ], [ 52.655628, 17.467979 ], [ 52.61284, 17.564562 ], [ 52.570207, 17.661094 ], [ 52.527419, 17.757625 ], [ 52.484527, 17.854157 ], [ 52.441739, 17.950637 ], [ 52.399003, 18.047272 ], [ 52.356163, 18.143777 ], [ 52.313323, 18.240283 ], [ 52.27069, 18.336866 ], [ 52.227799, 18.433424 ], [ 52.185011, 18.52993 ], [ 52.142326, 18.626513 ], [ 52.099538, 18.723044 ], [ 52.05675, 18.819628 ], [ 52.013962, 18.916159 ], [ 51.985689, 18.979732 ], [ 51.978615, 18.995638 ], [ 52.089926, 19.032638 ], [ 52.261078, 19.089689 ], [ 52.432127, 19.146739 ], [ 52.603125, 19.20379 ], [ 52.77438, 19.260789 ], [ 52.945533, 19.317866 ], [ 53.116582, 19.374917 ], [ 53.287837, 19.431942 ], [ 53.458886, 19.488992 ], [ 53.630039, 19.545992 ], [ 53.801088, 19.603068 ], [ 53.97224, 19.660119 ], [ 54.143496, 19.717144 ], [ 54.314648, 19.774195 ], [ 54.485594, 19.831194 ], [ 54.656746, 19.888193 ], [ 54.827898, 19.945269 ], [ 54.97838, 19.995421 ], [ 55.010523, 20.092005 ], [ 55.017137, 20.111745 ], [ 55.035741, 20.167556 ], [ 55.064473, 20.254269 ], [ 55.101887, 20.366846 ], [ 55.146225, 20.49999 ], [ 55.195525, 20.64856 ], [ 55.248338, 20.807413 ], [ 55.302908, 20.971486 ], [ 55.344624, 21.096909 ], [ 55.357478, 21.135559 ], [ 55.410188, 21.294464 ], [ 55.459591, 21.443033 ], [ 55.503826, 21.576152 ], [ 55.54124, 21.688651 ], [ 55.570075, 21.775416 ], [ 55.588575, 21.831227 ], [ 55.59519, 21.851019 ], [ 55.600171, 21.86606 ], [ 55.637565, 21.97897 ], [ 55.637048, 22.001914 ], [ 55.626713, 22.023773 ], [ 55.573589, 22.105939 ], [ 55.492767, 22.230789 ], [ 55.412049, 22.355691 ], [ 55.331123, 22.480593 ], [ 55.250405, 22.605495 ], [ 55.186843, 22.703577 ], [ 55.197592, 22.849459 ], [ 55.191287, 22.995368 ], [ 55.191287, 22.995471 ], [ 55.194801, 23.025081 ], [ 55.22591, 23.121251 ], [ 55.321098, 23.275092 ], [ 55.343216, 23.336277 ], [ 55.364093, 23.436012 ], [ 55.375255, 23.469344 ], [ 55.393962, 23.495182 ], [ 55.394169, 23.495285 ], [ 55.431479, 23.532932 ], [ 55.445328, 23.552259 ], [ 55.478298, 23.67636 ], [ 55.487393, 23.693258 ], [ 55.534109, 23.756768 ], [ 55.538346, 23.770049 ], [ 55.535142, 23.845884 ], [ 55.530595, 23.874668 ], [ 55.514575, 23.896605 ], [ 55.478298, 23.916577 ], [ 55.461555, 23.930556 ], [ 55.45277, 23.948565 ], [ 55.456801, 23.963164 ], [ 55.499795, 23.970605 ], [ 55.542273, 23.985436 ], [ 55.561704, 23.995229 ], [ 55.591056, 24.010008 ], [ 55.618341, 24.020137 ], [ 55.646866, 24.02502 ], [ 55.680043, 24.024271 ], [ 55.712599, 24.019233 ], [ 55.727998, 24.019594 ], [ 55.744432, 24.025279 ], [ 55.762415, 24.028147 ], [ 55.78846, 24.009569 ], [ 55.807063, 24.007476 ], [ 55.923542, 24.051143 ], [ 55.986794, 24.06538 ], [ 55.997853, 24.08127 ], [ 55.960749, 24.142429 ], [ 55.948967, 24.18483 ], [ 55.933154, 24.220719 ], [ 55.903182, 24.232243 ], [ 55.847164, 24.211417 ], [ 55.830318, 24.21227 ], [ 55.767686, 24.224879 ], [ 55.755697, 24.230331 ], [ 55.754147, 24.245472 ], [ 55.762105, 24.262965 ], [ 55.800966, 24.326268 ], [ 55.807373, 24.340789 ], [ 55.810887, 24.389236 ], [ 55.808614, 24.397633 ], [ 55.801069, 24.40647 ], [ 55.781019, 24.418872 ], [ 55.774611, 24.4259 ], [ 55.771407, 24.441093 ], [ 55.77368, 24.49525 ], [ 55.761175, 24.537444 ], [ 55.759831, 24.558528 ], [ 55.76996, 24.572403 ], [ 55.784016, 24.58633 ], [ 55.790217, 24.619868 ], [ 55.818226, 24.643381 ], [ 55.814918, 24.662733 ], [ 55.799981, 24.693258 ], [ 55.794764, 24.70392 ], [ 55.792697, 24.722291 ], [ 55.797038, 24.759549 ], [ 55.797038, 24.778359 ], [ 55.788667, 24.855202 ], [ 55.799105, 24.886105 ], [ 55.829388, 24.921167 ], [ 55.857826, 24.944851 ], [ 55.862151, 24.948452 ], [ 55.89698, 24.968606 ], [ 55.935428, 24.977727 ], [ 55.975873, 24.972112 ], [ 55.978422, 24.971759 ], [ 56.005604, 24.956178 ], [ 56.016973, 24.926619 ], [ 56.025252, 24.882562 ], [ 56.029272, 24.861171 ], [ 56.005294, 24.876984 ], [ 55.992375, 24.883004 ], [ 55.978422, 24.886105 ], [ 55.960852, 24.881247 ], [ 55.957649, 24.868664 ], [ 55.96478, 24.853859 ], [ 56.00209, 24.823008 ], [ 56.031546, 24.754149 ], [ 56.062138, 24.731773 ], [ 56.07627, 24.729972 ], [ 56.077951, 24.729758 ], [ 56.099139, 24.730507 ], [ 56.118259, 24.735416 ], [ 56.127251, 24.7457 ], [ 56.133348, 24.762831 ], [ 56.154846, 24.786705 ], [ 56.171176, 24.82399 ], [ 56.171366, 24.824069 ], [ 56.186265, 24.830243 ], [ 56.223679, 24.83448 ], [ 56.241662, 24.842438 ], [ 56.274683, 24.871949 ], [ 56.280316, 24.876984 ], [ 56.308325, 24.895174 ], [ 56.313596, 24.90507 ], [ 56.314278, 24.911962 ], [ 56.316053, 24.929912 ], [ 56.31928, 24.962534 ], [ 56.324451, 24.967939 ], [ 56.328995, 24.972689 ], [ 56.383311, 24.978217 ], [ 56.405447, 24.897284 ] ] ], [ [ [ 55.832449, 17.500393 ], [ 55.831716, 17.502265 ], [ 55.831716, 17.502346 ], [ 55.837087, 17.510077 ], [ 55.848806, 17.515286 ], [ 55.862966, 17.518866 ], [ 55.883067, 17.507148 ], [ 55.89088, 17.504584 ], [ 55.890798, 17.504543 ], [ 55.875824, 17.495917 ], [ 55.845714, 17.49608 ], [ 55.836274, 17.490953 ], [ 55.836192, 17.490912 ], [ 55.832449, 17.500393 ] ] ], [ [ [ 56.055349, 17.559719 ], [ 56.058197, 17.545844 ], [ 56.058442, 17.544338 ], [ 56.067882, 17.532213 ], [ 56.081065, 17.523627 ], [ 56.095551, 17.518866 ], [ 56.063813, 17.499579 ], [ 56.046886, 17.493354 ], [ 56.031098, 17.490912 ], [ 55.986827, 17.492906 ], [ 55.97283, 17.498358 ], [ 55.964203, 17.519924 ], [ 55.990571, 17.535386 ], [ 56.028819, 17.547675 ], [ 56.055349, 17.559801 ], [ 56.055349, 17.559719 ] ] ], [ [ [ 58.908376, 20.604722 ], [ 58.914317, 20.587836 ], [ 58.945079, 20.535224 ], [ 58.953949, 20.519924 ], [ 58.950043, 20.508938 ], [ 58.941173, 20.500922 ], [ 58.902843, 20.474107 ], [ 58.862315, 20.452786 ], [ 58.844086, 20.437323 ], [ 58.82016, 20.403022 ], [ 58.808279, 20.379584 ], [ 58.796641, 20.331529 ], [ 58.787608, 20.314521 ], [ 58.787608, 20.314439 ], [ 58.787608, 20.30329 ], [ 58.787771, 20.302395 ], [ 58.789317, 20.293199 ], [ 58.789399, 20.286526 ], [ 58.785167, 20.279527 ], [ 58.751475, 20.248033 ], [ 58.733409, 20.224555 ], [ 58.724294, 20.215155 ], [ 58.715343, 20.212104 ], [ 58.702647, 20.210435 ], [ 58.691254, 20.20775 ], [ 58.686534, 20.201483 ], [ 58.683116, 20.190904 ], [ 58.674571, 20.179511 ], [ 58.663585, 20.171373 ], [ 58.652354, 20.170478 ], [ 58.652192, 20.170478 ], [ 58.646983, 20.179674 ], [ 58.642589, 20.187242 ], [ 58.637462, 20.218451 ], [ 58.636485, 20.249701 ], [ 58.638682, 20.266628 ], [ 58.638357, 20.267849 ], [ 58.635916, 20.277004 ], [ 58.642914, 20.356106 ], [ 58.648204, 20.368842 ], [ 58.659028, 20.382717 ], [ 58.664561, 20.387844 ], [ 58.682384, 20.400621 ], [ 58.689952, 20.403225 ], [ 58.691905, 20.405178 ], [ 58.693858, 20.407172 ], [ 58.698253, 20.425686 ], [ 58.700694, 20.431098 ], [ 58.717621, 20.436998 ], [ 58.734223, 20.437649 ], [ 58.751231, 20.440131 ], [ 58.768891, 20.451606 ], [ 58.77711, 20.462185 ], [ 58.780772, 20.466986 ], [ 58.784516, 20.479397 ], [ 58.785167, 20.481635 ], [ 58.789399, 20.519924 ], [ 58.795584, 20.538398 ], [ 58.804861, 20.553453 ], [ 58.852875, 20.613349 ], [ 58.871349, 20.649604 ], [ 58.882579, 20.682522 ], [ 58.891287, 20.694281 ], [ 58.906261, 20.697984 ], [ 58.918305, 20.681464 ], [ 58.918305, 20.681342 ], [ 58.917003, 20.664252 ], [ 58.910167, 20.645941 ], [ 58.906261, 20.626003 ], [ 58.908376, 20.604722 ] ] ] ] } },
{ "type": "Feature", "properties": { "ADMIN": "Saudi Arabia", "SOVEREIGNT": "Saudi Arabia", "TYPE": "Sovereign country", "NAME": "Saudi Arabia", "ISO_A3": "SAU" }, "geometry": { "type": "MultiPolygon", "coordinates": [ [ [ [ 50.881008, 24.636404 ], [ 50.928602, 24.587208 ], [ 50.978883, 24.567726 ], [ 51.038879, 24.559872 ], [ 51.095465, 24.560182 ], [ 51.147451, 24.576279 ], [ 51.215258, 24.62585 ], [ 51.217621, 24.617662 ], [ 51.268809, 24.624498 ], [ 51.278168, 24.618883 ], [ 51.286388, 24.608385 ], [ 51.295177, 24.602607 ], [ 51.306407, 24.610826 ], [ 51.307465, 24.603095 ], [ 51.306326, 24.594062 ], [ 51.302419, 24.586615 ], [ 51.295909, 24.583564 ], [ 51.290294, 24.578518 ], [ 51.292247, 24.567816 ], [ 51.296886, 24.558092 ], [ 51.299571, 24.55622 ], [ 51.29656, 24.521918 ], [ 51.302419, 24.517157 ], [ 51.320079, 24.522691 ], [ 51.333669, 24.53205 ], [ 51.361095, 24.576117 ], [ 51.375173, 24.589097 ], [ 51.38795, 24.597073 ], [ 51.395844, 24.608344 ], [ 51.395274, 24.631334 ], [ 51.410004, 24.624335 ], [ 51.428396, 24.62287 ], [ 51.443858, 24.619696 ], [ 51.45045, 24.607408 ], [ 51.455333, 24.594184 ], [ 51.46754, 24.592353 ], [ 51.483084, 24.59219 ], [ 51.498302, 24.583564 ], [ 51.498302, 24.576117 ], [ 51.482107, 24.569241 ], [ 51.461436, 24.563463 ], [ 51.443696, 24.554755 ], [ 51.436209, 24.538804 ], [ 51.432302, 24.538764 ], [ 51.409516, 24.515855 ], [ 51.404796, 24.507758 ], [ 51.39975, 24.494574 ], [ 51.395274, 24.487942 ], [ 51.336192, 24.447943 ], [ 51.326915, 24.436103 ], [ 51.324229, 24.431301 ], [ 51.311371, 24.414862 ], [ 51.306407, 24.405992 ], [ 51.304373, 24.396186 ], [ 51.302257, 24.37401 ], [ 51.299571, 24.364447 ], [ 51.299083, 24.35871 ], [ 51.299978, 24.351996 ], [ 51.299653, 24.34634 ], [ 51.295909, 24.34394 ], [ 51.285167, 24.344468 ], [ 51.280447, 24.343573 ], [ 51.278575, 24.340522 ], [ 51.277843, 24.318996 ], [ 51.278819, 24.307766 ], [ 51.282237, 24.302965 ], [ 51.344981, 24.297797 ], [ 51.367849, 24.302965 ], [ 51.380138, 24.309963 ], [ 51.38852, 24.316555 ], [ 51.397797, 24.321519 ], [ 51.412852, 24.323472 ], [ 51.479015, 24.310858 ], [ 51.496918, 24.298285 ], [ 51.526134, 24.268256 ], [ 51.569347, 24.256171 ], [ 51.575539, 24.217722 ], [ 51.575229, 24.191935 ], [ 51.573162, 24.127831 ], [ 51.578536, 24.101837 ], [ 51.593522, 24.078325 ], [ 51.65047, 24.010603 ], [ 51.702559, 23.948591 ], [ 51.754753, 23.886553 ], [ 51.806842, 23.82449 ], [ 51.859036, 23.76253 ], [ 51.911229, 23.700518 ], [ 51.963422, 23.638558 ], [ 52.015512, 23.576495 ], [ 52.067705, 23.514483 ], [ 52.119795, 23.452523 ], [ 52.171988, 23.390486 ], [ 52.224078, 23.328422 ], [ 52.276271, 23.26641 ], [ 52.328309, 23.20445 ], [ 52.380503, 23.142413 ], [ 52.432644, 23.080375 ], [ 52.484837, 23.018338 ], [ 52.538477, 22.95475 ], [ 52.558476, 22.938575 ], [ 52.583074, 22.931108 ], [ 52.743788, 22.911342 ], [ 52.882797, 22.894237 ], [ 53.021807, 22.877132 ], [ 53.16092, 22.860053 ], [ 53.29993, 22.842974 ], [ 53.438939, 22.825869 ], [ 53.578052, 22.808764 ], [ 53.717062, 22.791685 ], [ 53.856071, 22.77458 ], [ 53.995288, 22.757449 ], [ 54.134297, 22.740319 ], [ 54.273307, 22.723265 ], [ 54.41242, 22.70616 ], [ 54.551326, 22.689004 ], [ 54.690336, 22.671951 ], [ 54.829449, 22.654897 ], [ 54.968562, 22.637741 ], [ 55.105297, 22.620946 ], [ 55.120387, 22.623426 ], [ 55.186843, 22.703577 ], [ 55.250405, 22.605495 ], [ 55.331123, 22.480593 ], [ 55.412049, 22.355691 ], [ 55.492767, 22.230789 ], [ 55.573589, 22.105939 ], [ 55.626713, 22.023773 ], [ 55.637048, 22.001914 ], [ 55.637565, 21.97897 ], [ 55.600171, 21.86606 ], [ 55.59519, 21.851019 ], [ 55.588575, 21.831227 ], [ 55.570075, 21.775416 ], [ 55.54124, 21.688651 ], [ 55.503826, 21.576152 ], [ 55.459591, 21.443033 ], [ 55.410188, 21.294464 ], [ 55.357478, 21.135559 ], [ 55.344624, 21.096909 ], [ 55.302908, 20.971486 ], [ 55.248338, 20.807413 ], [ 55.195525, 20.64856 ], [ 55.146225, 20.49999 ], [ 55.101887, 20.366846 ], [ 55.064473, 20.254269 ], [ 55.035741, 20.167556 ], [ 55.017137, 20.111745 ], [ 55.010523, 20.092005 ], [ 54.97838, 19.995421 ], [ 54.827898, 19.945269 ], [ 54.656746, 19.888193 ], [ 54.485594, 19.831194 ], [ 54.314648, 19.774195 ], [ 54.143496, 19.717144 ], [ 53.97224, 19.660119 ], [ 53.801088, 19.603068 ], [ 53.630039, 19.545992 ], [ 53.458886, 19.488992 ], [ 53.287837, 19.431942 ], [ 53.116582, 19.374917 ], [ 52.945533, 19.317866 ], [ 52.77438, 19.260789 ], [ 52.603125, 19.20379 ], [ 52.432127, 19.146739 ], [ 52.261078, 19.089689 ], [ 52.089926, 19.032638 ], [ 51.978615, 18.995638 ], [ 51.820692, 18.974373 ], [ 51.660495, 18.952824 ], [ 51.500298, 18.931249 ], [ 51.340101, 18.9097 ], [ 51.179904, 18.888151 ], [ 51.01981, 18.866576 ], [ 50.859717, 18.845027 ], [ 50.699365, 18.823529 ], [ 50.539323, 18.801903 ], [ 50.379126, 18.780353 ], [ 50.218929, 18.758856 ], [ 50.058732, 18.737255 ], [ 49.898535, 18.715706 ], [ 49.738442, 18.694157 ], [ 49.578245, 18.672608 ], [ 49.418048, 18.651059 ], [ 49.257851, 18.62951 ], [ 49.128815, 18.612095 ], [ 49.035849, 18.57972 ], [ 48.991304, 18.557886 ], [ 48.84754, 18.48771 ], [ 48.675974, 18.40402 ], [ 48.484358, 18.310408 ], [ 48.312585, 18.226589 ], [ 48.184428, 18.163931 ], [ 48.161949, 18.148919 ], [ 48.084382, 18.055902 ], [ 48.0, 17.955238395748665 ], [ 48.0, 28.53655743618511 ], [ 48.077406, 28.537277 ], [ 48.255225, 28.538879 ], [ 48.432781, 28.54048 ], [ 48.456391, 28.518459 ], [ 48.468761, 28.510647 ], [ 48.49464, 28.500149 ], [ 48.498546, 28.492906 ], [ 48.50766, 28.449164 ], [ 48.507823, 28.415717 ], [ 48.499034, 28.393378 ], [ 48.476085, 28.400784 ], [ 48.471202, 28.394192 ], [ 48.469981, 28.391303 ], [ 48.468761, 28.387112 ], [ 48.488292, 28.385891 ], [ 48.504893, 28.389635 ], [ 48.517345, 28.398993 ], [ 48.523936, 28.414455 ], [ 48.535492, 28.40762 ], [ 48.534923, 28.398668 ], [ 48.523936, 28.380316 ], [ 48.517833, 28.354193 ], [ 48.5171, 28.342434 ], [ 48.522227, 28.318834 ], [ 48.534923, 28.298814 ], [ 48.618419, 28.217271 ], [ 48.623546, 28.205268 ], [ 48.609141, 28.186103 ], [ 48.601736, 28.167385 ], [ 48.600841, 28.147773 ], [ 48.606456, 28.126451 ], [ 48.616466, 28.110541 ], [ 48.648123, 28.071967 ], [ 48.654796, 28.061591 ], [ 48.653331, 28.049872 ], [ 48.65211, 28.046088 ], [ 48.667817, 28.037665 ], [ 48.701996, 28.023993 ], [ 48.712901, 28.022895 ], [ 48.747081, 28.023993 ], [ 48.75587, 28.021715 ], [ 48.77589, 28.011949 ], [ 48.787934, 28.009711 ], [ 48.792003, 28.007025 ], [ 48.791515, 28.0008 ], [ 48.788259, 27.993883 ], [ 48.784516, 27.989244 ], [ 48.778087, 27.98664 ], [ 48.771332, 27.987006 ], [ 48.764008, 27.989244 ], [ 48.746837, 27.981635 ], [ 48.742361, 27.975246 ], [ 48.743663, 27.96133 ], [ 48.753266, 27.947984 ], [ 48.773285, 27.929755 ], [ 48.796235, 27.913642 ], [ 48.814708, 27.906684 ], [ 48.815196, 27.902248 ], [ 48.837657, 27.872301 ], [ 48.87794, 27.836819 ], [ 48.88266, 27.826728 ], [ 48.87379, 27.806586 ], [ 48.872569, 27.793891 ], [ 48.873383, 27.782131 ], [ 48.87672, 27.777004 ], [ 48.874522, 27.769924 ], [ 48.865489, 27.754055 ], [ 48.852794, 27.737494 ], [ 48.839203, 27.728583 ], [ 48.846202, 27.740302 ], [ 48.847667, 27.748725 ], [ 48.84547, 27.773261 ], [ 48.848481, 27.787299 ], [ 48.854259, 27.795356 ], [ 48.857595, 27.803534 ], [ 48.852875, 27.817939 ], [ 48.838064, 27.804023 ], [ 48.821788, 27.766832 ], [ 48.805024, 27.756496 ], [ 48.823416, 27.799628 ], [ 48.825531, 27.811103 ], [ 48.820567, 27.830024 ], [ 48.812511, 27.828599 ], [ 48.804047, 27.815009 ], [ 48.785167, 27.744696 ], [ 48.784516, 27.728583 ], [ 48.782237, 27.726142 ], [ 48.778819, 27.71955 ], [ 48.78004, 27.714097 ], [ 48.791352, 27.714911 ], [ 48.796886, 27.719713 ], [ 48.803966, 27.736477 ], [ 48.81129, 27.742825 ], [ 48.81129, 27.698188 ], [ 48.815278, 27.687567 ], [ 48.824555, 27.688951 ], [ 48.833995, 27.697455 ], [ 48.839203, 27.708075 ], [ 48.846202, 27.697089 ], [ 48.847341, 27.683824 ], [ 48.84547, 27.667141 ], [ 48.858084, 27.662828 ], [ 48.867686, 27.667792 ], [ 48.875011, 27.677476 ], [ 48.880138, 27.687567 ], [ 48.880544, 27.670315 ], [ 48.878429, 27.664211 ], [ 48.873302, 27.659654 ], [ 48.878184, 27.65058 ], [ 48.877126, 27.644477 ], [ 48.870616, 27.641181 ], [ 48.85963, 27.640448 ], [ 48.869802, 27.618557 ], [ 48.873302, 27.612494 ], [ 48.848969, 27.623358 ], [ 48.838878, 27.623196 ], [ 48.831798, 27.612494 ], [ 48.852794, 27.604641 ], [ 48.870779, 27.605618 ], [ 48.884776, 27.615058 ], [ 48.893809, 27.632961 ], [ 48.900645, 27.632961 ], [ 48.907481, 27.61872 ], [ 48.895274, 27.607733 ], [ 48.891124, 27.588121 ], [ 48.896739, 27.572008 ], [ 48.914317, 27.571519 ], [ 48.921641, 27.578843 ], [ 48.917247, 27.585842 ], [ 48.909516, 27.592678 ], [ 48.907481, 27.599433 ], [ 48.915294, 27.608629 ], [ 48.926036, 27.613837 ], [ 48.949067, 27.61872 ], [ 48.968516, 27.620347 ], [ 48.9817, 27.614569 ], [ 49.017345, 27.585191 ], [ 49.05421, 27.568264 ], [ 49.063975, 27.556342 ], [ 49.044688, 27.544176 ], [ 49.05893, 27.538153 ], [ 49.071625, 27.539496 ], [ 49.077647, 27.546536 ], [ 49.072032, 27.557847 ], [ 49.088878, 27.551093 ], [ 49.106293, 27.546861 ], [ 49.144298, 27.544176 ], [ 49.15268, 27.546332 ], [ 49.170421, 27.555732 ], [ 49.178477, 27.557847 ], [ 49.188975, 27.556708 ], [ 49.208751, 27.551581 ], [ 49.219574, 27.550442 ], [ 49.239757, 27.545111 ], [ 49.255138, 27.532375 ], [ 49.278087, 27.503241 ], [ 49.28533, 27.497626 ], [ 49.292491, 27.494127 ], [ 49.299083, 27.489895 ], [ 49.305349, 27.482123 ], [ 49.307872, 27.474514 ], [ 49.309825, 27.456692 ], [ 49.312755, 27.448635 ], [ 49.300141, 27.448065 ], [ 49.292654, 27.452948 ], [ 49.289887, 27.462348 ], [ 49.291759, 27.475328 ], [ 49.284923, 27.475328 ], [ 49.263927, 27.452867 ], [ 49.208832, 27.458075 ], [ 49.18922, 27.441148 ], [ 49.181895, 27.441148 ], [ 49.175059, 27.458319 ], [ 49.157725, 27.458482 ], [ 49.119802, 27.441148 ], [ 49.128103, 27.436916 ], [ 49.150076, 27.431342 ], [ 49.161388, 27.426907 ], [ 49.170258, 27.421047 ], [ 49.176117, 27.415839 ], [ 49.183116, 27.411119 ], [ 49.195486, 27.40644 ], [ 49.201996, 27.398668 ], [ 49.207042, 27.395168 ], [ 49.212576, 27.396796 ], [ 49.229503, 27.411811 ], [ 49.229666, 27.413886 ], [ 49.235037, 27.418158 ], [ 49.237315, 27.423977 ], [ 49.240245, 27.427191 ], [ 49.246918, 27.423774 ], [ 49.254568, 27.417792 ], [ 49.263845, 27.413886 ], [ 49.256847, 27.400051 ], [ 49.247325, 27.393134 ], [ 49.237478, 27.388129 ], [ 49.229666, 27.379706 ], [ 49.226736, 27.36872 ], [ 49.226085, 27.34276 ], [ 49.223399, 27.331285 ], [ 49.23406, 27.333889 ], [ 49.245779, 27.339423 ], [ 49.257335, 27.34691 ], [ 49.267426, 27.355211 ], [ 49.278819, 27.358791 ], [ 49.292166, 27.355455 ], [ 49.312755, 27.344957 ], [ 49.304861, 27.325507 ], [ 49.307872, 27.306301 ], [ 49.315115, 27.286811 ], [ 49.319021, 27.266425 ], [ 49.317068, 27.2237 ], [ 49.322602, 27.205715 ], [ 49.339529, 27.207831 ], [ 49.33839, 27.189602 ], [ 49.345225, 27.182807 ], [ 49.355968, 27.185004 ], [ 49.366873, 27.194159 ], [ 49.361827, 27.209133 ], [ 49.37086, 27.218736 ], [ 49.386404, 27.219631 ], [ 49.40089, 27.207831 ], [ 49.407074, 27.215277 ], [ 49.412364, 27.204006 ], [ 49.409434, 27.193915 ], [ 49.403982, 27.183295 ], [ 49.40089, 27.170233 ], [ 49.397472, 27.162584 ], [ 49.388845, 27.159329 ], [ 49.377696, 27.159166 ], [ 49.366873, 27.160631 ], [ 49.374848, 27.149075 ], [ 49.399099, 27.144721 ], [ 49.407074, 27.132717 ], [ 49.417166, 27.138129 ], [ 49.423595, 27.14647 ], [ 49.435069, 27.166815 ], [ 49.435883, 27.16234 ], [ 49.436778, 27.16177 ], [ 49.438487, 27.162055 ], [ 49.441905, 27.160631 ], [ 49.431895, 27.142768 ], [ 49.440196, 27.139797 ], [ 49.465668, 27.146959 ], [ 49.481293, 27.144436 ], [ 49.508311, 27.133979 ], [ 49.524425, 27.132717 ], [ 49.497325, 27.159084 ], [ 49.489106, 27.17475 ], [ 49.50408, 27.187934 ], [ 49.516449, 27.188381 ], [ 49.526134, 27.182807 ], [ 49.534923, 27.176174 ], [ 49.544932, 27.173651 ], [ 49.552745, 27.176744 ], [ 49.572113, 27.194159 ], [ 49.568614, 27.17829 ], [ 49.559418, 27.153998 ], [ 49.558604, 27.139553 ], [ 49.564626, 27.116685 ], [ 49.570079, 27.104071 ], [ 49.575531, 27.098578 ], [ 49.594249, 27.090725 ], [ 49.612478, 27.071967 ], [ 49.670177, 26.990912 ], [ 49.699474, 26.958238 ], [ 49.708263, 26.952135 ], [ 49.736664, 26.940904 ], [ 49.74586, 26.934272 ], [ 49.760509, 26.92064 ], [ 49.770844, 26.91356 ], [ 49.833018, 26.888007 ], [ 49.871837, 26.862494 ], [ 49.894054, 26.860297 ], [ 49.917247, 26.861477 ], [ 49.942149, 26.858344 ], [ 49.972992, 26.842353 ], [ 50.001964, 26.816962 ], [ 50.052013, 26.755927 ], [ 50.069102, 26.728583 ], [ 50.141938, 26.681342 ], [ 50.158458, 26.664862 ], [ 50.161876, 26.639228 ], [ 50.11671, 26.67536 ], [ 50.09254, 26.689114 ], [ 50.037852, 26.695217 ], [ 50.023692, 26.69953 ], [ 50.014008, 26.710761 ], [ 50.006358, 26.747626 ], [ 49.997569, 26.74136 ], [ 49.988455, 26.724433 ], [ 49.983735, 26.708197 ], [ 49.982921, 26.695705 ], [ 49.983246, 26.683743 ], [ 49.986501, 26.672756 ], [ 49.993663, 26.663153 ], [ 50.003673, 26.653632 ], [ 50.006358, 26.648586 ], [ 50.002208, 26.587388 ], [ 50.003673, 26.570705 ], [ 50.03061, 26.494615 ], [ 50.04184, 26.478461 ], [ 50.058279, 26.463935 ], [ 50.076508, 26.453762 ], [ 50.162283, 26.427069 ], [ 50.19158, 26.403551 ], [ 50.209239, 26.369534 ], [ 50.216563, 26.32392 ], [ 50.215994, 26.215074 ], [ 50.21225, 26.191311 ], [ 50.201996, 26.171373 ], [ 50.182384, 26.160102 ], [ 50.181895, 26.175482 ], [ 50.174083, 26.180732 ], [ 50.163422, 26.177232 ], [ 50.154552, 26.166246 ], [ 50.160981, 26.141099 ], [ 50.158376, 26.102484 ], [ 50.150401, 26.063218 ], [ 50.141368, 26.035956 ], [ 50.125824, 26.046454 ], [ 50.12143, 26.060736 ], [ 50.121837, 26.076483 ], [ 50.120291, 26.091213 ], [ 50.113292, 26.103258 ], [ 50.10434, 26.111233 ], [ 50.0949, 26.117621 ], [ 50.086762, 26.125312 ], [ 50.081309, 26.129096 ], [ 50.076671, 26.129096 ], [ 50.073578, 26.131537 ], [ 50.071625, 26.159247 ], [ 50.069591, 26.165961 ], [ 50.065684, 26.173733 ], [ 50.057872, 26.18358 ], [ 50.045665, 26.194525 ], [ 50.0324, 26.201077 ], [ 50.021007, 26.197659 ], [ 49.994884, 26.152167 ], [ 49.986827, 26.145819 ], [ 49.975841, 26.139594 ], [ 49.980968, 26.126125 ], [ 49.991547, 26.113105 ], [ 49.997325, 26.108222 ], [ 49.999522, 26.100898 ], [ 50.0088, 26.086493 ], [ 50.010427, 26.07689 ], [ 50.007091, 26.074408 ], [ 50.000173, 26.07217 ], [ 49.993175, 26.068061 ], [ 49.990001, 26.060452 ], [ 49.992361, 26.045885 ], [ 49.996104, 26.031724 ], [ 49.996918, 26.017279 ], [ 49.990001, 26.001776 ], [ 50.006847, 25.996527 ], [ 50.021007, 26.004462 ], [ 50.028168, 26.019477 ], [ 50.024099, 26.035956 ], [ 50.033702, 26.033352 ], [ 50.040538, 26.028266 ], [ 50.052013, 26.015448 ], [ 50.057384, 26.01317 ], [ 50.061697, 26.014146 ], [ 50.064626, 26.013373 ], [ 50.065684, 26.00552 ], [ 50.065766, 25.999457 ], [ 50.066905, 25.996283 ], [ 50.069835, 25.995103 ], [ 50.075938, 25.995022 ], [ 50.101329, 25.989488 ], [ 50.111501, 25.97602 ], [ 50.11671, 25.958238 ], [ 50.127696, 25.940375 ], [ 50.127696, 25.933539 ], [ 50.107758, 25.91474 ], [ 50.118337, 25.867865 ], [ 50.141938, 25.816107 ], [ 50.161876, 25.782701 ], [ 50.222016, 25.717353 ], [ 50.247244, 25.679429 ], [ 50.257498, 25.631903 ], [ 50.251231, 25.631903 ], [ 50.233735, 25.679511 ], [ 50.226736, 25.687161 ], [ 50.21461, 25.689643 ], [ 50.199962, 25.695868 ], [ 50.187511, 25.703559 ], [ 50.174978, 25.720445 ], [ 50.15919, 25.731757 ], [ 50.144705, 25.733344 ], [ 50.141368, 25.713813 ], [ 50.148692, 25.699856 ], [ 50.174327, 25.68301 ], [ 50.182384, 25.672838 ], [ 50.187673, 25.682929 ], [ 50.18922, 25.687161 ], [ 50.196056, 25.687161 ], [ 50.23406, 25.61518 ], [ 50.347992, 25.482123 ], [ 50.374278, 25.461168 ], [ 50.371349, 25.474514 ], [ 50.364757, 25.490058 ], [ 50.36199, 25.502997 ], [ 50.370779, 25.508368 ], [ 50.381358, 25.512885 ], [ 50.385916, 25.510647 ], [ 50.389985, 25.488674 ], [ 50.39503, 25.483303 ], [ 50.399913, 25.480373 ], [ 50.40211, 25.477973 ], [ 50.410167, 25.464097 ], [ 50.428722, 25.456204 ], [ 50.462901, 25.446926 ], [ 50.471528, 25.437201 ], [ 50.490896, 25.392279 ], [ 50.483409, 25.385443 ], [ 50.495616, 25.370063 ], [ 50.509125, 25.343573 ], [ 50.520356, 25.314765 ], [ 50.525076, 25.29267 ], [ 50.523936, 25.280219 ], [ 50.518728, 25.258002 ], [ 50.517589, 25.244859 ], [ 50.519786, 25.232123 ], [ 50.524425, 25.22309 ], [ 50.529063, 25.216295 ], [ 50.534679, 25.199042 ], [ 50.549083, 25.174791 ], [ 50.551606, 25.159491 ], [ 50.545421, 25.118598 ], [ 50.553477, 25.077948 ], [ 50.562185, 25.054836 ], [ 50.572765, 25.042873 ], [ 50.580414, 25.062161 ], [ 50.606293, 25.042711 ], [ 50.633474, 25.01142 ], [ 50.644786, 24.995063 ], [ 50.661632, 24.979967 ], [ 50.681407, 24.913886 ], [ 50.706554, 24.898871 ], [ 50.72641, 24.881659 ], [ 50.735037, 24.843411 ], [ 50.737315, 24.782172 ], [ 50.741466, 24.770575 ], [ 50.750011, 24.753119 ], [ 50.76059, 24.736396 ], [ 50.771332, 24.726955 ], [ 50.786143, 24.72724 ], [ 50.807872, 24.746649 ], [ 50.881008, 24.636404 ] ] ], [ [ [ 49.585134, 27.344306 ], [ 49.638438, 27.330634 ], [ 49.688813, 27.317694 ], [ 49.670421, 27.311428 ], [ 49.655121, 27.314602 ], [ 49.640391, 27.32099 ], [ 49.62379, 27.324449 ], [ 49.60727, 27.322455 ], [ 49.591807, 27.316799 ], [ 49.577647, 27.308295 ], [ 49.56544, 27.297797 ], [ 49.557465, 27.305487 ], [ 49.556407, 27.304836 ], [ 49.551768, 27.304023 ], [ 49.54363, 27.309272 ], [ 49.538259, 27.311428 ], [ 49.538097, 27.311469 ], [ 49.538097, 27.317694 ], [ 49.551443, 27.322821 ], [ 49.554047, 27.328274 ], [ 49.549815, 27.334459 ], [ 49.545502, 27.338324 ], [ 49.541515, 27.341864 ], [ 49.531261, 27.346177 ], [ 49.520274, 27.344631 ], [ 49.509613, 27.340888 ], [ 49.500255, 27.338772 ], [ 49.487559, 27.334133 ], [ 49.474946, 27.322333 ], [ 49.463878, 27.306627 ], [ 49.456228, 27.290351 ], [ 49.453624, 27.316392 ], [ 49.472179, 27.342027 ], [ 49.501231, 27.360541 ], [ 49.531261, 27.365465 ], [ 49.542491, 27.363715 ], [ 49.551036, 27.360053 ], [ 49.56544, 27.351752 ], [ 49.585134, 27.344306 ] ] ] ] } },
{ "type": "Feature", "properties": { "ADMIN": "United Arab Emirates", "SOVEREIGNT": "United Arab Emirates", "TYPE": "Sovereign country", "NAME": "United Arab Emirates", "ISO_A3": "ARE" }, "geometry": { "type": "MultiPolygon", "coordinates": [ [ [ [ 56.300304, 25.616156 ], [ 56.323253, 25.607815 ], [ 56.340017, 25.60456 ], [ 56.347992, 25.593085 ], [ 56.369965, 25.525702 ], [ 56.36378, 25.433254 ], [ 56.365001, 25.423163 ], [ 56.368337, 25.396308 ], [ 56.366954, 25.388861 ], [ 56.359223, 25.37641 ], [ 56.360199, 25.367255 ], [ 56.369965, 25.351304 ], [ 56.374685, 25.341213 ], [ 56.379161, 25.334621 ], [ 56.382498, 25.32685 ], [ 56.382986, 25.321275 ], [ 56.383637, 25.313463 ], [ 56.38266, 25.302232 ], [ 56.378429, 25.28262 ], [ 56.375255, 25.252753 ], [ 56.365977, 25.209215 ], [ 56.362234, 25.068264 ], [ 56.36199, 25.057278 ], [ 56.383311, 24.978217 ], [ 56.328995, 24.972689 ], [ 56.324451, 24.967939 ], [ 56.31928, 24.962534 ], [ 56.316053, 24.929912 ], [ 56.314278, 24.911962 ], [ 56.313596, 24.90507 ], [ 56.308325, 24.895174 ], [ 56.280316, 24.876984 ], [ 56.274683, 24.871949 ], [ 56.241662, 24.842438 ], [ 56.223679, 24.83448 ], [ 56.186265, 24.830243 ], [ 56.171366, 24.824069 ], [ 56.171176, 24.82399 ], [ 56.154846, 24.786705 ], [ 56.133348, 24.762831 ], [ 56.127251, 24.7457 ], [ 56.118259, 24.735416 ], [ 56.099139, 24.730507 ], [ 56.077951, 24.729758 ], [ 56.07627, 24.729972 ], [ 56.062138, 24.731773 ], [ 56.031546, 24.754149 ], [ 56.00209, 24.823008 ], [ 55.96478, 24.853859 ], [ 55.957649, 24.868664 ], [ 55.960852, 24.881247 ], [ 55.978422, 24.886105 ], [ 55.992375, 24.883004 ], [ 56.005294, 24.876984 ], [ 56.029272, 24.861171 ], [ 56.025252, 24.882562 ], [ 56.016973, 24.926619 ], [ 56.005604, 24.956178 ], [ 55.978422, 24.971759 ], [ 55.975873, 24.972112 ], [ 55.935428, 24.977727 ], [ 55.89698, 24.968606 ], [ 55.862151, 24.948452 ], [ 55.857826, 24.944851 ], [ 55.829388, 24.921167 ], [ 55.799105, 24.886105 ], [ 55.788667, 24.855202 ], [ 55.797038, 24.778359 ], [ 55.797038, 24.759549 ], [ 55.792697, 24.722291 ], [ 55.794764, 24.70392 ], [ 55.799981, 24.693258 ], [ 55.814918, 24.662733 ], [ 55.818226, 24.643381 ], [ 55.790217, 24.619868 ], [ 55.784016, 24.58633 ], [ 55.76996, 24.572403 ], [ 55.759831, 24.558528 ], [ 55.761175, 24.537444 ], [ 55.77368, 24.49525 ], [ 55.771407, 24.441093 ], [ 55.774611, 24.4259 ], [ 55.781019, 24.418872 ], [ 55.801069, 24.40647 ], [ 55.808614, 24.397633 ], [ 55.810887, 24.389236 ], [ 55.807373, 24.340789 ], [ 55.800966, 24.326268 ], [ 55.762105, 24.262965 ], [ 55.754147, 24.245472 ], [ 55.755697, 24.230331 ], [ 55.767686, 24.224879 ], [ 55.830318, 24.21227 ], [ 55.847164, 24.211417 ], [ 55.903182, 24.232243 ], [ 55.933154, 24.220719 ], [ 55.948967, 24.18483 ], [ 55.960749, 24.142429 ], [ 55.997853, 24.08127 ], [ 55.986794, 24.06538 ], [ 55.923542, 24.051143 ], [ 55.807063, 24.007476 ], [ 55.78846, 24.009569 ], [ 55.762415, 24.028147 ], [ 55.744432, 24.025279 ], [ 55.727998, 24.019594 ], [ 55.712599, 24.019233 ], [ 55.680043, 24.024271 ], [ 55.646866, 24.02502 ], [ 55.618341, 24.020137 ], [ 55.591056, 24.010008 ], [ 55.561704, 23.995229 ], [ 55.542273, 23.985436 ], [ 55.499795, 23.970605 ], [ 55.456801, 23.963164 ], [ 55.45277, 23.948565 ], [ 55.461555, 23.930556 ], [ 55.478298, 23.916577 ], [ 55.514575, 23.896605 ], [ 55.530595, 23.874668 ], [ 55.535142, 23.845884 ], [ 55.538346, 23.770049 ], [ 55.534109, 23.756768 ], [ 55.487393, 23.693258 ], [ 55.478298, 23.67636 ], [ 55.445328, 23.552259 ], [ 55.431479, 23.532932 ], [ 55.394169, 23.495285 ], [ 55.393962, 23.495182 ], [ 55.375255, 23.469344 ], [ 55.364093, 23.436012 ], [ 55.343216, 23.336277 ], [ 55.321098, 23.275092 ], [ 55.22591, 23.121251 ], [ 55.194801, 23.025081 ], [ 55.191287, 22.995471 ], [ 55.191287, 22.995368 ], [ 55.197592, 22.849459 ], [ 55.186843, 22.703577 ], [ 55.120387, 22.623426 ], [ 55.105297, 22.620946 ], [ 54.968562, 22.637741 ], [ 54.829449, 22.654897 ], [ 54.690336, 22.671951 ], [ 54.551326, 22.689004 ], [ 54.41242, 22.70616 ], [ 54.273307, 22.723265 ], [ 54.134297, 22.740319 ], [ 53.995288, 22.757449 ], [ 53.856071, 22.77458 ], [ 53.717062, 22.791685 ], [ 53.578052, 22.808764 ], [ 53.438939, 22.825869 ], [ 53.29993, 22.842974 ], [ 53.16092, 22.860053 ], [ 53.021807, 22.877132 ], [ 52.882797, 22.894237 ], [ 52.743788, 22.911342 ], [ 52.583074, 22.931108 ], [ 52.558476, 22.938575 ], [ 52.538477, 22.95475 ], [ 52.484837, 23.018338 ], [ 52.432644, 23.080375 ], [ 52.380503, 23.142413 ], [ 52.328309, 23.20445 ], [ 52.276271, 23.26641 ], [ 52.224078, 23.328422 ], [ 52.171988, 23.390486 ], [ 52.119795, 23.452523 ], [ 52.067705, 23.514483 ], [ 52.015512, 23.576495 ], [ 51.963422, 23.638558 ], [ 51.911229, 23.700518 ], [ 51.859036, 23.76253 ], [ 51.806842, 23.82449 ], [ 51.754753, 23.886553 ], [ 51.702559, 23.948591 ], [ 51.65047, 24.010603 ], [ 51.593522, 24.078325 ], [ 51.578536, 24.101837 ], [ 51.573162, 24.127831 ], [ 51.575229, 24.191935 ], [ 51.575539, 24.217722 ], [ 51.569347, 24.256171 ], [ 51.590668, 24.28441 ], [ 51.591645, 24.328599 ], [ 51.573985, 24.364447 ], [ 51.593761, 24.384914 ], [ 51.602387, 24.367906 ], [ 51.62379, 24.339342 ], [ 51.62794, 24.319729 ], [ 51.62794, 24.26203 ], [ 51.634451, 24.226874 ], [ 51.648692, 24.218573 ], [ 51.662934, 24.232815 ], [ 51.672618, 24.278062 ], [ 51.679373, 24.265774 ], [ 51.689301, 24.234687 ], [ 51.695974, 24.224351 ], [ 51.700694, 24.22191 ], [ 51.709809, 24.221096 ], [ 51.718272, 24.22309 ], [ 51.723643, 24.227769 ], [ 51.724864, 24.232571 ], [ 51.720876, 24.234687 ], [ 51.740082, 24.277533 ], [ 51.7588, 24.290513 ], [ 51.77947, 24.26203 ], [ 51.782237, 24.240383 ], [ 51.771983, 24.176337 ], [ 51.773448, 24.153225 ], [ 51.785655, 24.103746 ], [ 51.786794, 24.093004 ], [ 51.785655, 24.059312 ], [ 51.787771, 24.04857 ], [ 51.79713, 24.028225 ], [ 51.799164, 24.018378 ], [ 51.809418, 24.000678 ], [ 51.833263, 23.99494 ], [ 51.881847, 23.993883 ], [ 51.893565, 23.990383 ], [ 51.902517, 23.985663 ], [ 51.919688, 23.970364 ], [ 51.928722, 23.964748 ], [ 51.936371, 23.964748 ], [ 51.939138, 23.969184 ], [ 51.93336, 23.977118 ], [ 51.931407, 23.987982 ], [ 51.952891, 23.990912 ], [ 52.01002, 23.98786 ], [ 52.016938, 23.989691 ], [ 52.023936, 23.98786 ], [ 52.036388, 23.977118 ], [ 52.067393, 23.963446 ], [ 52.075694, 23.963813 ], [ 52.117931, 23.970893 ], [ 52.13559, 23.966539 ], [ 52.145518, 23.971991 ], [ 52.155528, 23.966539 ], [ 52.171072, 23.973375 ], [ 52.188243, 23.97427 ], [ 52.206309, 23.973131 ], [ 52.224376, 23.974026 ], [ 52.240977, 23.979641 ], [ 52.279063, 24.00137 ], [ 52.295909, 24.00373 ], [ 52.32781, 24.003852 ], [ 52.341075, 24.007514 ], [ 52.35255, 24.016343 ], [ 52.364757, 24.027899 ], [ 52.378103, 24.037991 ], [ 52.392345, 24.042304 ], [ 52.408865, 24.045233 ], [ 52.428071, 24.052639 ], [ 52.444184, 24.06269 ], [ 52.450938, 24.07331 ], [ 52.456554, 24.084662 ], [ 52.48699, 24.096625 ], [ 52.501801, 24.107489 ], [ 52.514985, 24.119818 ], [ 52.532481, 24.131822 ], [ 52.550059, 24.141059 ], [ 52.56365, 24.144721 ], [ 52.574555, 24.152086 ], [ 52.577647, 24.169013 ], [ 52.577973, 24.187445 ], [ 52.58074, 24.199368 ], [ 52.600271, 24.20954 ], [ 52.618419, 24.203681 ], [ 52.634125, 24.189887 ], [ 52.670095, 24.144721 ], [ 52.681326, 24.140815 ], [ 52.685395, 24.143459 ], [ 52.68865, 24.148586 ], [ 52.697439, 24.152167 ], [ 52.720063, 24.151516 ], [ 52.760997, 24.140611 ], [ 52.782725, 24.137885 ], [ 52.795421, 24.139879 ], [ 52.816905, 24.149319 ], [ 52.827647, 24.152167 ], [ 52.839203, 24.152004 ], [ 52.84783, 24.149604 ], [ 52.854747, 24.146674 ], [ 52.86199, 24.144721 ], [ 52.947113, 24.137885 ], [ 52.956716, 24.139635 ], [ 52.992198, 24.152167 ], [ 52.996918, 24.155911 ], [ 52.998302, 24.161363 ], [ 52.999766, 24.165676 ], [ 53.00587, 24.165839 ], [ 53.010997, 24.162787 ], [ 53.014822, 24.158433 ], [ 53.017589, 24.154364 ], [ 53.019542, 24.152167 ], [ 53.048839, 24.12995 ], [ 53.067231, 24.121894 ], [ 53.107188, 24.137885 ], [ 53.127696, 24.130683 ], [ 53.146495, 24.121324 ], [ 53.163422, 24.124823 ], [ 53.149669, 24.132229 ], [ 53.145763, 24.14175 ], [ 53.145356, 24.153062 ], [ 53.142426, 24.165839 ], [ 53.165294, 24.170315 ], [ 53.19158, 24.15941 ], [ 53.215587, 24.141547 ], [ 53.231781, 24.124823 ], [ 53.245616, 24.104153 ], [ 53.253754, 24.098782 ], [ 53.309093, 24.095771 ], [ 53.437022, 24.119818 ], [ 53.445811, 24.119818 ], [ 53.4546, 24.114407 ], [ 53.468272, 24.100328 ], [ 53.47877, 24.093695 ], [ 53.493012, 24.090644 ], [ 53.507823, 24.091539 ], [ 53.519298, 24.096869 ], [ 53.537446, 24.084296 ], [ 53.548188, 24.078762 ], [ 53.557384, 24.076402 ], [ 53.561534, 24.072577 ], [ 53.574392, 24.054389 ], [ 53.581309, 24.048529 ], [ 53.58961, 24.047065 ], [ 53.601085, 24.047187 ], [ 53.612071, 24.048977 ], [ 53.629161, 24.057034 ], [ 53.639415, 24.054755 ], [ 53.648936, 24.05036 ], [ 53.656993, 24.048529 ], [ 53.687836, 24.062079 ], [ 53.694591, 24.066474 ], [ 53.70281, 24.070502 ], [ 53.712413, 24.068834 ], [ 53.722423, 24.06509 ], [ 53.732107, 24.06273 ], [ 53.85377, 24.061998 ], [ 53.878917, 24.064846 ], [ 53.889822, 24.07331 ], [ 53.951182, 24.103746 ], [ 54.014334, 24.113267 ], [ 54.03419, 24.122748 ], [ 54.055186, 24.12641 ], [ 54.081554, 24.137885 ], [ 54.112071, 24.141791 ], [ 54.122569, 24.144721 ], [ 54.135427, 24.152045 ], [ 54.153656, 24.165269 ], [ 54.170095, 24.181098 ], [ 54.177094, 24.196194 ], [ 54.187022, 24.203599 ], [ 54.252778, 24.221096 ], [ 54.305919, 24.256781 ], [ 54.314952, 24.258246 ], [ 54.323009, 24.270657 ], [ 54.34197, 24.269761 ], [ 54.382579, 24.254584 ], [ 54.390147, 24.265855 ], [ 54.427257, 24.292141 ], [ 54.445974, 24.316148 ], [ 54.485606, 24.388332 ], [ 54.479991, 24.413398 ], [ 54.483165, 24.425116 ], [ 54.499278, 24.432685 ], [ 54.490001, 24.438381 ], [ 54.485606, 24.439521 ], [ 54.485606, 24.446967 ], [ 54.50115, 24.445624 ], [ 54.525727, 24.435207 ], [ 54.540294, 24.432685 ], [ 54.533946, 24.445258 ], [ 54.516856, 24.462388 ], [ 54.513438, 24.474311 ], [ 54.528331, 24.467963 ], [ 54.544281, 24.463568 ], [ 54.558604, 24.457709 ], [ 54.568126, 24.446967 ], [ 54.574392, 24.446967 ], [ 54.5713, 24.473334 ], [ 54.552501, 24.481635 ], [ 54.526052, 24.482856 ], [ 54.499278, 24.487942 ], [ 54.440684, 24.523912 ], [ 54.417328, 24.528957 ], [ 54.417328, 24.535102 ], [ 54.429373, 24.538275 ], [ 54.441661, 24.545722 ], [ 54.451915, 24.556545 ], [ 54.453624, 24.550198 ], [ 54.457042, 24.541897 ], [ 54.465099, 24.535102 ], [ 54.462413, 24.545356 ], [ 54.465831, 24.554348 ], [ 54.47877, 24.569892 ], [ 54.485606, 24.569892 ], [ 54.4935, 24.542304 ], [ 54.512869, 24.515286 ], [ 54.537446, 24.49844 ], [ 54.56129, 24.501614 ], [ 54.555186, 24.504584 ], [ 54.540294, 24.515855 ], [ 54.551768, 24.515326 ], [ 54.573253, 24.508979 ], [ 54.581798, 24.50845 ], [ 54.585134, 24.511949 ], [ 54.593761, 24.525824 ], [ 54.598888, 24.528957 ], [ 54.636404, 24.597805 ], [ 54.619802, 24.604315 ], [ 54.612153, 24.613227 ], [ 54.615896, 24.621161 ], [ 54.632986, 24.624498 ], [ 54.643403, 24.630561 ], [ 54.646332, 24.644232 ], [ 54.65211, 24.658393 ], [ 54.670584, 24.666083 ], [ 54.670584, 24.672309 ], [ 54.661876, 24.678127 ], [ 54.657725, 24.688381 ], [ 54.654796, 24.700995 ], [ 54.650157, 24.713853 ], [ 54.655528, 24.721096 ], [ 54.648285, 24.725328 ], [ 54.640473, 24.732611 ], [ 54.643321, 24.748684 ], [ 54.652517, 24.758002 ], [ 54.691661, 24.782172 ], [ 54.696544, 24.788886 ], [ 54.701345, 24.798285 ], [ 54.707042, 24.8039 ], [ 54.737804, 24.79092 ], [ 54.739431, 24.789618 ], [ 54.754161, 24.792426 ], [ 54.768565, 24.801459 ], [ 54.773611, 24.814765 ], [ 54.76002, 24.830552 ], [ 54.868826, 24.888658 ], [ 54.917735, 24.920885 ], [ 54.94809, 24.946438 ], [ 54.96811, 24.958645 ], [ 54.992849, 24.96601 ], [ 54.994965, 24.966661 ], [ 54.99936, 24.967963 ], [ 55.003347, 24.969143 ], [ 55.00587, 24.969916 ], [ 55.010753, 24.972602 ], [ 55.014008, 24.974351 ], [ 55.015798, 24.975328 ], [ 55.017996, 24.976508 ], [ 55.022227, 24.978827 ], [ 55.049978, 24.993394 ], [ 55.044607, 25.013902 ], [ 55.077647, 25.02025 ], [ 55.082286, 25.016832 ], [ 55.156912, 25.096747 ], [ 55.259044, 25.215277 ], [ 55.264171, 25.231187 ], [ 55.263357, 25.24494 ], [ 55.2824, 25.260688 ], [ 55.29835, 25.25849 ], [ 55.313324, 25.238918 ], [ 55.31837, 25.225287 ], [ 55.31422, 25.212063 ], [ 55.301117, 25.193671 ], [ 55.328868, 25.201483 ], [ 55.334239, 25.219224 ], [ 55.326508, 25.241197 ], [ 55.306407, 25.275051 ], [ 55.303722, 25.283026 ], [ 55.309255, 25.291734 ], [ 55.339366, 25.321438 ], [ 55.348155, 25.324774 ], [ 55.363292, 25.324042 ], [ 55.358653, 25.336575 ], [ 55.359386, 25.348578 ], [ 55.365489, 25.358588 ], [ 55.376964, 25.364976 ], [ 55.387055, 25.357082 ], [ 55.407237, 25.372748 ], [ 55.438975, 25.412787 ], [ 55.44516, 25.412787 ], [ 55.449555, 25.400621 ], [ 55.455333, 25.399888 ], [ 55.461192, 25.407375 ], [ 55.465668, 25.419623 ], [ 55.472504, 25.412787 ], [ 55.486095, 25.449937 ], [ 55.495616, 25.466132 ], [ 55.506602, 25.47484 ], [ 55.494151, 25.48078 ], [ 55.500499, 25.492987 ], [ 55.513357, 25.508857 ], [ 55.520274, 25.525702 ], [ 55.524669, 25.542629 ], [ 55.535655, 25.562405 ], [ 55.551036, 25.578599 ], [ 55.568126, 25.584662 ], [ 55.559581, 25.568305 ], [ 55.548595, 25.554877 ], [ 55.542247, 25.542548 ], [ 55.548188, 25.529486 ], [ 55.563731, 25.523749 ], [ 55.583344, 25.526842 ], [ 55.605154, 25.532945 ], [ 55.626313, 25.536322 ], [ 55.632579, 25.544176 ], [ 55.648123, 25.583157 ], [ 55.656912, 25.597724 ], [ 55.683442, 25.623521 ], [ 55.699474, 25.634711 ], [ 55.733897, 25.646796 ], [ 55.759532, 25.679674 ], [ 55.770518, 25.687161 ], [ 55.779552, 25.688422 ], [ 55.792247, 25.692043 ], [ 55.803477, 25.697414 ], [ 55.80836, 25.704169 ], [ 55.812836, 25.706529 ], [ 55.842459, 25.713813 ], [ 55.878103, 25.740058 ], [ 55.932465, 25.802558 ], [ 55.959727, 25.823676 ], [ 55.953787, 25.814602 ], [ 55.947439, 25.794094 ], [ 55.937185, 25.776679 ], [ 55.941254, 25.770697 ], [ 55.948497, 25.768948 ], [ 55.952322, 25.772121 ], [ 55.954438, 25.787095 ], [ 55.963715, 25.815375 ], [ 55.965994, 25.834215 ], [ 55.972341, 25.842841 ], [ 56.014415, 25.878852 ], [ 56.023204, 25.889228 ], [ 56.030772, 25.900865 ], [ 56.036876, 25.915107 ], [ 56.041026, 25.933539 ], [ 56.03419, 25.933539 ], [ 56.03061, 25.924262 ], [ 56.024669, 25.916449 ], [ 56.016938, 25.910468 ], [ 56.007579, 25.906887 ], [ 56.033702, 25.946438 ], [ 56.055349, 25.988756 ], [ 56.073253, 26.052314 ], [ 56.077397, 26.061048 ], [ 56.100586, 26.062855 ], [ 56.151332, 26.074792 ], [ 56.162701, 26.073552 ], [ 56.17841, 26.035001 ], [ 56.183475, 26.014537 ], [ 56.181304, 25.996244 ], [ 56.17469, 25.96653 ], [ 56.170555, 25.87682 ], [ 56.163838, 25.862454 ], [ 56.144511, 25.837907 ], [ 56.139653, 25.822973 ], [ 56.144097, 25.805919 ], [ 56.167352, 25.777704 ], [ 56.172002, 25.76525 ], [ 56.164871, 25.752176 ], [ 56.151952, 25.743133 ], [ 56.141203, 25.732694 ], [ 56.140376, 25.715537 ], [ 56.145131, 25.670837 ], [ 56.150815, 25.658848 ], [ 56.152496, 25.657961 ], [ 56.156396, 25.655903 ], [ 56.179857, 25.652079 ], [ 56.188849, 25.645412 ], [ 56.198771, 25.625259 ], [ 56.205799, 25.617766 ], [ 56.221508, 25.613838 ], [ 56.237528, 25.616577 ], [ 56.279055, 25.627446 ], [ 56.300304, 25.616156 ] ], [ [ 56.233625, 25.312526 ], [ 56.235668, 25.296287 ], [ 56.23888, 25.286247 ], [ 56.244887, 25.277988 ], [ 56.235126, 25.267476 ], [ 56.208375, 25.255374 ], [ 56.206123, 25.230596 ], [ 56.207625, 25.220835 ], [ 56.219958, 25.215258 ], [ 56.235771, 25.211175 ], [ 56.252204, 25.217635 ], [ 56.281763, 25.23691 ], [ 56.29315, 25.245846 ], [ 56.316426, 25.253355 ], [ 56.344375, 25.266528 ], [ 56.349123, 25.294025 ], [ 56.309369, 25.301328 ], [ 56.290688, 25.327543 ], [ 56.260625, 25.331075 ], [ 56.233625, 25.312526 ] ] ], [ [ [ 56.259578, 25.275982 ], [ 56.265075, 25.281175 ], [ 56.273812, 25.281289 ], [ 56.288328, 25.271926 ], [ 56.282979, 25.255476 ], [ 56.263026, 25.249223 ], [ 56.259578, 25.275982 ] ] ], [ [ [ 53.639496, 24.160468 ], [ 53.628184, 24.164211 ], [ 53.627778, 24.171942 ], [ 53.643321, 24.186265 ], [ 53.654633, 24.192613 ], [ 53.656098, 24.193427 ], [ 53.656098, 24.193508 ], [ 53.680675, 24.20185 ], [ 53.691173, 24.206732 ], [ 53.710216, 24.222317 ], [ 53.715831, 24.225694 ], [ 53.72283, 24.229885 ], [ 53.727143, 24.231147 ], [ 53.738943, 24.234687 ], [ 53.748302, 24.234442 ], [ 53.76295, 24.228705 ], [ 53.765147, 24.228258 ], [ 53.770274, 24.22724 ], [ 53.77711, 24.229885 ], [ 53.801036, 24.247748 ], [ 53.828624, 24.25845 ], [ 53.83961, 24.26435 ], [ 53.848155, 24.275051 ], [ 53.853526, 24.262681 ], [ 53.852306, 24.259752 ], [ 53.848155, 24.254584 ], [ 53.858409, 24.239203 ], [ 53.863048, 24.234687 ], [ 53.888601, 24.219957 ], [ 53.892345, 24.217841 ], [ 53.926606, 24.211371 ], [ 53.93393, 24.208645 ], [ 53.9546, 24.200995 ], [ 53.964854, 24.172593 ], [ 53.95102, 24.149726 ], [ 53.920421, 24.139838 ], [ 53.884613, 24.141181 ], [ 53.854991, 24.152167 ], [ 53.857107, 24.161444 ], [ 53.849376, 24.174221 ], [ 53.837413, 24.177436 ], [ 53.826996, 24.158393 ], [ 53.834483, 24.152167 ], [ 53.807302, 24.135972 ], [ 53.774669, 24.130113 ], [ 53.741466, 24.13349 ], [ 53.711599, 24.144721 ], [ 53.694347, 24.153591 ], [ 53.694184, 24.153632 ], [ 53.684255, 24.156724 ], [ 53.656993, 24.158393 ], [ 53.639496, 24.160468 ] ] ], [ [ [ 54.180837, 24.245063 ], [ 54.159353, 24.253811 ], [ 54.134125, 24.260403 ], [ 54.112559, 24.271674 ], [ 54.101573, 24.297675 ], [ 54.101573, 24.297756 ], [ 54.115245, 24.318508 ], [ 54.136974, 24.32689 ], [ 54.1421, 24.322699 ], [ 54.150401, 24.315985 ], [ 54.175873, 24.290147 ], [ 54.188324, 24.277493 ], [ 54.198904, 24.253119 ], [ 54.198822, 24.253079 ], [ 54.190766, 24.22724 ], [ 54.180837, 24.245063 ] ] ], [ [ [ 52.587169, 24.3605 ], [ 52.611095, 24.373236 ], [ 52.634461, 24.3666 ], [ 52.645375, 24.350719 ], [ 52.650855, 24.324899 ], [ 52.648774, 24.309516 ], [ 52.627208, 24.283596 ], [ 52.608653, 24.268256 ], [ 52.592154, 24.253368 ], [ 52.579065, 24.266259 ], [ 52.568139, 24.283127 ], [ 52.556104, 24.306946 ], [ 52.558239, 24.326813 ], [ 52.574474, 24.34394 ], [ 52.587169, 24.3605 ] ] ], [ [ [ 53.308666, 24.278623 ], [ 53.294504, 24.279667 ], [ 53.276008, 24.288666 ], [ 53.266142, 24.27381 ], [ 53.228001, 24.278897 ], [ 53.213838, 24.280926 ], [ 53.192719, 24.277004 ], [ 53.189138, 24.275865 ], [ 53.186534, 24.275946 ], [ 53.184093, 24.281236 ], [ 53.184581, 24.287014 ], [ 53.187673, 24.294257 ], [ 53.191254, 24.30036 ], [ 53.194347, 24.302965 ], [ 53.231781, 24.295559 ], [ 53.241873, 24.297797 ], [ 53.267589, 24.308254 ], [ 53.272716, 24.312567 ], [ 53.278087, 24.316148 ], [ 53.311046, 24.328246 ], [ 53.329607, 24.336115 ], [ 53.338327, 24.33608 ], [ 53.348065, 24.320162 ], [ 53.357849, 24.315161 ], [ 53.36671, 24.319241 ], [ 53.368907, 24.330146 ], [ 53.367686, 24.340888 ], [ 53.361583, 24.350735 ], [ 53.399099, 24.401435 ], [ 53.416759, 24.412828 ], [ 53.417654, 24.40705 ], [ 53.42213, 24.397162 ], [ 53.423595, 24.39175 ], [ 53.446788, 24.37995 ], [ 53.447032, 24.379828 ], [ 53.44044, 24.341254 ], [ 53.427632, 24.328759 ], [ 53.38834, 24.312057 ], [ 53.369773, 24.301218 ], [ 53.345793, 24.298335 ], [ 53.331589, 24.288463 ], [ 53.331542, 24.277546 ], [ 53.322759, 24.262691 ], [ 53.308666, 24.278623 ] ] ], [ [ [ 54.334809, 24.453192 ], [ 54.334809, 24.46894 ], [ 54.375336, 24.503607 ], [ 54.389415, 24.522691 ], [ 54.396251, 24.522691 ], [ 54.389415, 24.501573 ], [ 54.396658, 24.483466 ], [ 54.414317, 24.470608 ], [ 54.451427, 24.453192 ], [ 54.469737, 24.436469 ], [ 54.470551, 24.425035 ], [ 54.456716, 24.420803 ], [ 54.430431, 24.425238 ], [ 54.382579, 24.439521 ], [ 54.334809, 24.453192 ] ] ], [ [ [ 54.257335, 24.287746 ], [ 54.247813, 24.283189 ], [ 54.239268, 24.281195 ], [ 54.228282, 24.281399 ], [ 54.222179, 24.284491 ], [ 54.205089, 24.302924 ], [ 54.192393, 24.311103 ], [ 54.183116, 24.315009 ], [ 54.179454, 24.321438 ], [ 54.184581, 24.337063 ], [ 54.191905, 24.346177 ], [ 54.203787, 24.353746 ], [ 54.218028, 24.357978 ], [ 54.232432, 24.357571 ], [ 54.241222, 24.340766 ], [ 54.25115, 24.326565 ], [ 54.273448, 24.302924 ], [ 54.266368, 24.294501 ], [ 54.257335, 24.287746 ] ] ], [ [ [ 54.335297, 24.364 ], [ 54.336111, 24.350328 ], [ 54.32545, 24.321275 ], [ 54.30893, 24.31387 ], [ 54.281586, 24.357489 ], [ 54.279063, 24.364447 ], [ 54.286143, 24.365546 ], [ 54.297211, 24.36286 ], [ 54.306895, 24.357245 ], [ 54.311371, 24.355292 ], [ 54.312673, 24.359849 ], [ 54.309906, 24.36518 ], [ 54.295177, 24.37523 ], [ 54.292003, 24.384508 ], [ 54.304861, 24.385932 ], [ 54.325857, 24.373033 ], [ 54.335297, 24.364 ] ] ], [ [ [ 52.332565, 24.525414 ], [ 52.339238, 24.501552 ], [ 52.326224, 24.480646 ], [ 52.314228, 24.475651 ], [ 52.299653, 24.482896 ], [ 52.294444, 24.489 ], [ 52.289561, 24.491604 ], [ 52.283214, 24.497016 ], [ 52.282338, 24.510402 ], [ 52.291028, 24.521364 ], [ 52.298621, 24.533317 ], [ 52.309744, 24.539496 ], [ 52.332565, 24.525414 ] ] ] ] } },
{ "type": "Feature", "properties": { "ADMIN": "Qatar", "SOVEREIGNT": "Qatar", "TYPE": "Sovereign country", "NAME": "Qatar", "ISO_A3": "QAT" }, "geometry": { "type": "Polygon", "coordinates": [ [ [ 50.826671, 24.748684 ], [ 50.852794, 24.770006 ], [ 50.85963, 24.7956 ], [ 50.851085, 24.890815 ], [ 50.842784, 24.916083 ], [ 50.799978, 24.988756 ], [ 50.796641, 25.003607 ], [ 50.807384, 25.031643 ], [ 50.809744, 25.051215 ], [ 50.808604, 25.069159 ], [ 50.802419, 25.076972 ], [ 50.775727, 25.091864 ], [ 50.768403, 25.1258 ], [ 50.766938, 25.162584 ], [ 50.757823, 25.186225 ], [ 50.764985, 25.204291 ], [ 50.763438, 25.225287 ], [ 50.759044, 25.247504 ], [ 50.757823, 25.269355 ], [ 50.765798, 25.323554 ], [ 50.765147, 25.344468 ], [ 50.750987, 25.419623 ], [ 50.762462, 25.462714 ], [ 50.763845, 25.482408 ], [ 50.750987, 25.494696 ], [ 50.778005, 25.527045 ], [ 50.797093, 25.529896 ], [ 50.808484, 25.517239 ], [ 50.811648, 25.498887 ], [ 50.820508, 25.491293 ], [ 50.820486, 25.471829 ], [ 50.847179, 25.467353 ], [ 50.831309, 25.507799 ], [ 50.827891, 25.525051 ], [ 50.826671, 25.543118 ], [ 50.828624, 25.554348 ], [ 50.832205, 25.566148 ], [ 50.832856, 25.578518 ], [ 50.826671, 25.590888 ], [ 50.818533, 25.595771 ], [ 50.79656, 25.599595 ], [ 50.785004, 25.60456 ], [ 50.796397, 25.617255 ], [ 50.809581, 25.620592 ], [ 50.823497, 25.622138 ], [ 50.836925, 25.628811 ], [ 50.84018, 25.634508 ], [ 50.846528, 25.649848 ], [ 50.850597, 25.652981 ], [ 50.857188, 25.650824 ], [ 50.863536, 25.641425 ], [ 50.870942, 25.639309 ], [ 50.87615, 25.631781 ], [ 50.874278, 25.614936 ], [ 50.867686, 25.587836 ], [ 50.867686, 25.567043 ], [ 50.868663, 25.559556 ], [ 50.87672, 25.540595 ], [ 50.881521, 25.535142 ], [ 50.888682, 25.529486 ], [ 50.898692, 25.532213 ], [ 50.900727, 25.534857 ], [ 50.900076, 25.53974 ], [ 50.904145, 25.563137 ], [ 50.904796, 25.587063 ], [ 50.90919, 25.597724 ], [ 50.920584, 25.608344 ], [ 50.927501, 25.60517 ], [ 50.93572, 25.598334 ], [ 50.949555, 25.597724 ], [ 50.955903, 25.604682 ], [ 50.9699, 25.633857 ], [ 50.97755, 25.646145 ], [ 50.94988, 25.636461 ], [ 50.924327, 25.63231 ], [ 50.903168, 25.640123 ], [ 50.888682, 25.666653 ], [ 50.887543, 25.680894 ], [ 50.894867, 25.728095 ], [ 50.897309, 25.732571 ], [ 50.906993, 25.739936 ], [ 50.90919, 25.745103 ], [ 50.90797, 25.749254 ], [ 50.902843, 25.755276 ], [ 50.901703, 25.759467 ], [ 50.901703, 25.789537 ], [ 50.915538, 25.786444 ], [ 50.920258, 25.794379 ], [ 50.923595, 25.805162 ], [ 50.932872, 25.810614 ], [ 50.939708, 25.807196 ], [ 50.945567, 25.798489 ], [ 50.949229, 25.787014 ], [ 50.949555, 25.775295 ], [ 50.963715, 25.783881 ], [ 50.972992, 25.797512 ], [ 50.975922, 25.813788 ], [ 50.970714, 25.830512 ], [ 50.963878, 25.823676 ], [ 50.949392, 25.837958 ], [ 50.951182, 25.85928 ], [ 50.977306, 25.916449 ], [ 50.981456, 25.935858 ], [ 50.984223, 25.98135 ], [ 50.992524, 25.975735 ], [ 50.995616, 25.972846 ], [ 50.998546, 25.967027 ], [ 51.004731, 25.967027 ], [ 51.027354, 26.026923 ], [ 51.047374, 26.053046 ], [ 51.075938, 26.06391 ], [ 51.091075, 26.066962 ], [ 51.133149, 26.082099 ], [ 51.141856, 26.087795 ], [ 51.147227, 26.103095 ], [ 51.170584, 26.124579 ], [ 51.176117, 26.139594 ], [ 51.194347, 26.133531 ], [ 51.214854, 26.13935 ], [ 51.251231, 26.160102 ], [ 51.33074, 26.121161 ], [ 51.346853, 26.104885 ], [ 51.348481, 26.085639 ], [ 51.346365, 26.060696 ], [ 51.347179, 26.039008 ], [ 51.357677, 26.029731 ], [ 51.376638, 26.022895 ], [ 51.382498, 26.006171 ], [ 51.383474, 25.985582 ], [ 51.388438, 25.967027 ], [ 51.403982, 25.954088 ], [ 51.416515, 25.952094 ], [ 51.424327, 25.950873 ], [ 51.46754, 25.954047 ], [ 51.491954, 25.95189 ], [ 51.511974, 25.946112 ], [ 51.52947, 25.937323 ], [ 51.546072, 25.926093 ], [ 51.559418, 25.913764 ], [ 51.570323, 25.898383 ], [ 51.577485, 25.880845 ], [ 51.594737, 25.771877 ], [ 51.594493, 25.758246 ], [ 51.591563, 25.746649 ], [ 51.583507, 25.741767 ], [ 51.577647, 25.745063 ], [ 51.572032, 25.759508 ], [ 51.563324, 25.762885 ], [ 51.555431, 25.758694 ], [ 51.54835, 25.748847 ], [ 51.544607, 25.737372 ], [ 51.546072, 25.728095 ], [ 51.555024, 25.720649 ], [ 51.56365, 25.721625 ], [ 51.570323, 25.727484 ], [ 51.573985, 25.734931 ], [ 51.590099, 25.7119 ], [ 51.576834, 25.688666 ], [ 51.556814, 25.681627 ], [ 51.552908, 25.707587 ], [ 51.539317, 25.703925 ], [ 51.505138, 25.687161 ], [ 51.519705, 25.681708 ], [ 51.534923, 25.673245 ], [ 51.54713, 25.663153 ], [ 51.552908, 25.652981 ], [ 51.54949, 25.631171 ], [ 51.535899, 25.622382 ], [ 51.518809, 25.61872 ], [ 51.505138, 25.612006 ], [ 51.498302, 25.615912 ], [ 51.491384, 25.618232 ], [ 51.493663, 25.565823 ], [ 51.491547, 25.550645 ], [ 51.491384, 25.549302 ], [ 51.48585, 25.540513 ], [ 51.47755, 25.531073 ], [ 51.471934, 25.521389 ], [ 51.474294, 25.512112 ], [ 51.510997, 25.454291 ], [ 51.516938, 25.440172 ], [ 51.518809, 25.426215 ], [ 51.515717, 25.382839 ], [ 51.511974, 25.330227 ], [ 51.513194, 25.308254 ], [ 51.518809, 25.297065 ], [ 51.531261, 25.292182 ], [ 51.590017, 25.283759 ], [ 51.599132, 25.274888 ], [ 51.607595, 25.255113 ], [ 51.611095, 25.237535 ], [ 51.614594, 25.219794 ], [ 51.616547, 25.137193 ], [ 51.605724, 25.034247 ], [ 51.611013, 25.022366 ], [ 51.602306, 25.013821 ], [ 51.586925, 24.953437 ], [ 51.574067, 24.934394 ], [ 51.539399, 24.898871 ], [ 51.528819, 24.874416 ], [ 51.520844, 24.870592 ], [ 51.511729, 24.867865 ], [ 51.505138, 24.864081 ], [ 51.500255, 24.855373 ], [ 51.474213, 24.764472 ], [ 51.47283, 24.759426 ], [ 51.46754, 24.748684 ], [ 51.455821, 24.740668 ], [ 51.450369, 24.721666 ], [ 51.443614, 24.679755 ], [ 51.430431, 24.664496 ], [ 51.389985, 24.642483 ], [ 51.381521, 24.635077 ], [ 51.37615, 24.611884 ], [ 51.363536, 24.59634 ], [ 51.349783, 24.583808 ], [ 51.340587, 24.569892 ], [ 51.328949, 24.584784 ], [ 51.332693, 24.598863 ], [ 51.341645, 24.614691 ], [ 51.346853, 24.635077 ], [ 51.339122, 24.646186 ], [ 51.321137, 24.648179 ], [ 51.285981, 24.645006 ], [ 51.284434, 24.662502 ], [ 51.278087, 24.662991 ], [ 51.267914, 24.656195 ], [ 51.254568, 24.651801 ], [ 51.23699, 24.650051 ], [ 51.220958, 24.644232 ], [ 51.212576, 24.633694 ], [ 51.214854, 24.627183 ], [ 51.215258, 24.62585 ], [ 51.147451, 24.576279 ], [ 51.095465, 24.560182 ], [ 51.038879, 24.559872 ], [ 50.978883, 24.567726 ], [ 50.928602, 24.587208 ], [ 50.881008, 24.636404 ], [ 50.807872, 24.746649 ], [ 50.826671, 24.748684 ] ] ] } },
{ "type": "Feature", "properties": { "ADMIN": "Bahrain", "SOVEREIGNT": "Bahrain", "TYPE": "Sovereign country", "NAME": "Bahrain", "ISO_A3": "BHR" }, "geometry": { "type": "MultiPolygon", "coordinates": [ [ [ [ 50.594737, 26.160305 ], [ 50.604871, 26.174732 ], [ 50.619898, 26.185466 ], [ 50.626339, 26.170438 ], [ 50.632779, 26.146823 ], [ 50.64566, 26.14575 ], [ 50.635507, 26.134382 ], [ 50.634926, 26.115694 ], [ 50.614757, 26.111151 ], [ 50.620616, 26.052965 ], [ 50.618419, 25.964748 ], [ 50.603526, 25.85456 ], [ 50.594493, 25.832709 ], [ 50.56544, 25.7897 ], [ 50.565278, 25.789537 ], [ 50.558604, 25.81977 ], [ 50.547211, 25.852932 ], [ 50.531423, 25.88524 ], [ 50.511404, 25.913031 ], [ 50.467784, 25.957587 ], [ 50.46046, 25.985297 ], [ 50.479991, 26.018866 ], [ 50.485444, 26.033433 ], [ 50.490896, 26.048 ], [ 50.485199, 26.085639 ], [ 50.469981, 26.122626 ], [ 50.452973, 26.149563 ], [ 50.448904, 26.161607 ], [ 50.449555, 26.177965 ], [ 50.461192, 26.225246 ], [ 50.468516, 26.236884 ], [ 50.481456, 26.24258 ], [ 50.481619, 26.24254 ], [ 50.482595, 26.24254 ], [ 50.503917, 26.242011 ], [ 50.516368, 26.239691 ], [ 50.5324, 26.2331 ], [ 50.545421, 26.227729 ], [ 50.545502, 26.227769 ], [ 50.586681, 26.242499 ], [ 50.593272, 26.238593 ], [ 50.597423, 26.225531 ], [ 50.604747, 26.216498 ], [ 50.606944, 26.212388 ], [ 50.609141, 26.208279 ], [ 50.603526, 26.197659 ], [ 50.594086, 26.195299 ], [ 50.565603, 26.198879 ], [ 50.551606, 26.194241 ], [ 50.594737, 26.160305 ] ] ], [ [ [ 50.408438, 26.171511 ], [ 50.419172, 26.166144 ], [ 50.419172, 26.14897 ], [ 50.421319, 26.135016 ], [ 50.423466, 26.119988 ], [ 50.405218, 26.124282 ], [ 50.385897, 26.123208 ], [ 50.38053, 26.139309 ], [ 50.382676, 26.159704 ], [ 50.397704, 26.174732 ], [ 50.408438, 26.171511 ] ] ], [ [ [ 50.632779, 26.287439 ], [ 50.65532, 26.276705 ], [ 50.656394, 26.261677 ], [ 50.656394, 26.24665 ], [ 50.671421, 26.227328 ], [ 50.684302, 26.221961 ], [ 50.678935, 26.208007 ], [ 50.673568, 26.20264 ], [ 50.657467, 26.211227 ], [ 50.653174, 26.225181 ], [ 50.647807, 26.239136 ], [ 50.633852, 26.242356 ], [ 50.620972, 26.244503 ], [ 50.612384, 26.241283 ], [ 50.599504, 26.262751 ], [ 50.60165, 26.278852 ], [ 50.632779, 26.287439 ] ] ], [ [ [ 50.782537, 25.720382 ], [ 50.790764, 25.726078 ], [ 50.80089, 25.73114 ], [ 50.80089, 25.724812 ], [ 50.798358, 25.715952 ], [ 50.790764, 25.705827 ], [ 50.78317, 25.696967 ], [ 50.788233, 25.692537 ], [ 50.795827, 25.684943 ], [ 50.79203, 25.67988 ], [ 50.780006, 25.682411 ], [ 50.77431, 25.678614 ], [ 50.766083, 25.671653 ], [ 50.762286, 25.667856 ], [ 50.766716, 25.654566 ], [ 50.77431, 25.645074 ], [ 50.776209, 25.638745 ], [ 50.769248, 25.636214 ], [ 50.765451, 25.629886 ], [ 50.764185, 25.621659 ], [ 50.769881, 25.617862 ], [ 50.77431, 25.612166 ], [ 50.767982, 25.60647 ], [ 50.762286, 25.597611 ], [ 50.757224, 25.588751 ], [ 50.759755, 25.582422 ], [ 50.756591, 25.579891 ], [ 50.7452, 25.584954 ], [ 50.737606, 25.595712 ], [ 50.741403, 25.605205 ], [ 50.748997, 25.621026 ], [ 50.748364, 25.630518 ], [ 50.748364, 25.644441 ], [ 50.739504, 25.653301 ], [ 50.740137, 25.662161 ], [ 50.741403, 25.674185 ], [ 50.7452, 25.687474 ], [ 50.755325, 25.70203 ], [ 50.768615, 25.716585 ], [ 50.77431, 25.721648 ], [ 50.782537, 25.720382 ] ] ], [ [ [ 50.78317, 25.755821 ], [ 50.790132, 25.755188 ], [ 50.791397, 25.74886 ], [ 50.780639, 25.745063 ], [ 50.775576, 25.752657 ], [ 50.78317, 25.755821 ] ] ], [ [ [ 50.819875, 25.678614 ], [ 50.816711, 25.669122 ], [ 50.808484, 25.664059 ], [ 50.804054, 25.669755 ], [ 50.802156, 25.674817 ], [ 50.804687, 25.679247 ], [ 50.819875, 25.678614 ] ] ], [ [ [ 50.799624, 25.651402 ], [ 50.811648, 25.649504 ], [ 50.816711, 25.644441 ], [ 50.815445, 25.636847 ], [ 50.811648, 25.631784 ], [ 50.807851, 25.63305 ], [ 50.802788, 25.634315 ], [ 50.795827, 25.63305 ], [ 50.790764, 25.630518 ], [ 50.786334, 25.638745 ], [ 50.788233, 25.643808 ], [ 50.785069, 25.648238 ], [ 50.786967, 25.652668 ], [ 50.793296, 25.652035 ], [ 50.799624, 25.651402 ] ] ] ] } },
{ "type": "Feature", "properties": { "ADMIN": "Kuwait", "SOVEREIGNT": "Kuwait", "TYPE": "Sovereign country", "NAME": "Kuwait", "ISO_A3": "KWT" }, "geometry": { "type": "MultiPolygon", "coordinates": [ [ [ [ 48.021739, 29.779731 ], [ 48.052419, 29.742987 ], [ 48.078868, 29.743964 ], [ 48.096039, 29.699164 ], [ 48.119151, 29.654527 ], [ 48.161306, 29.60163 ], [ 48.180917, 29.562217 ], [ 48.176758, 29.541916 ], [ 48.154518, 29.53909 ], [ 48.113536, 29.554633 ], [ 48.09254, 29.565823 ], [ 48.085948, 29.575019 ], [ 48.066349, 29.577556 ], [ 48.041923, 29.582093 ], [ 48.023859, 29.584809 ], [ 48.0, 29.581327585430667 ], [ 48.0, 29.819653101098645 ], [ 48.021739, 29.779731 ] ] ], [ [ [ 48.008393, 29.369167 ], [ 48.010509, 29.366523 ], [ 48.025238, 29.354885 ], [ 48.035411, 29.351793 ], [ 48.063274, 29.343368 ], [ 48.100266, 29.349954 ], [ 48.093053, 29.305679 ], [ 48.092073, 29.287233 ], [ 48.095376, 29.257746 ], [ 48.106131, 29.213525 ], [ 48.114659, 29.193256 ], [ 48.128447, 29.1739 ], [ 48.133804, 29.153617 ], [ 48.158458, 29.017279 ], [ 48.176036, 28.983791 ], [ 48.225922, 28.91828 ], [ 48.240977, 28.905666 ], [ 48.27947, 28.894436 ], [ 48.2824, 28.879381 ], [ 48.278168, 28.859687 ], [ 48.276866, 28.839586 ], [ 48.285167, 28.819892 ], [ 48.312511, 28.785956 ], [ 48.31837, 28.77383 ], [ 48.328787, 28.759955 ], [ 48.352306, 28.751207 ], [ 48.393565, 28.743394 ], [ 48.3838, 28.728013 ], [ 48.379649, 28.710354 ], [ 48.380707, 28.692084 ], [ 48.386729, 28.675116 ], [ 48.371593, 28.684394 ], [ 48.366222, 28.688707 ], [ 48.365001, 28.680813 ], [ 48.365977, 28.675727 ], [ 48.370453, 28.671942 ], [ 48.379893, 28.66767 ], [ 48.372406, 28.659166 ], [ 48.367686, 28.656724 ], [ 48.36378, 28.658149 ], [ 48.359548, 28.661444 ], [ 48.352712, 28.661444 ], [ 48.351817, 28.64053 ], [ 48.361013, 28.635565 ], [ 48.374685, 28.641669 ], [ 48.386729, 28.653998 ], [ 48.389496, 28.643744 ], [ 48.393565, 28.595649 ], [ 48.397146, 28.583319 ], [ 48.405284, 28.569892 ], [ 48.420909, 28.551581 ], [ 48.432465, 28.540717 ], [ 48.432781, 28.54048 ], [ 48.255225, 28.538879 ], [ 48.077406, 28.537277 ], [ 48.0, 28.53655743618511 ], [ 48.0, 29.379403284181784 ], [ 48.008393, 29.369167 ] ] ], [ [ [ 48.353852, 29.457424 ], [ 48.361664, 29.451606 ], [ 48.37322, 29.443061 ], [ 48.381114, 29.433987 ], [ 48.389008, 29.424872 ], [ 48.399464, 29.397639 ], [ 48.397356, 29.387497 ], [ 48.382541, 29.392089 ], [ 48.373014, 29.393919 ], [ 48.363482, 29.399436 ], [ 48.335927, 29.420593 ], [ 48.316867, 29.427013 ], [ 48.290404, 29.430649 ], [ 48.269242, 29.429685 ], [ 48.27003, 29.455878 ], [ 48.27003, 29.455959 ], [ 48.281098, 29.471096 ], [ 48.298513, 29.473131 ], [ 48.338227, 29.462795 ], [ 48.353852, 29.457424 ] ] ], [ [ [ 48.333832, 29.679267 ], [ 48.303071, 29.645209 ], [ 48.266287, 29.615953 ], [ 48.229015, 29.599921 ], [ 48.222341, 29.600531 ], [ 48.185802, 29.603949 ], [ 48.161632, 29.629706 ], [ 48.12672, 29.702338 ], [ 48.085134, 29.767808 ], [ 48.079275, 29.773912 ], [ 48.073741, 29.77969 ], [ 48.053722, 29.790025 ], [ 48.046072, 29.800482 ], [ 48.065196, 29.812201 ], [ 48.076834, 29.817572 ], [ 48.098481, 29.830715 ], [ 48.109548, 29.833319 ], [ 48.113292, 29.839097 ], [ 48.119151, 29.873603 ], [ 48.103282, 29.879136 ], [ 48.0949, 29.880316 ], [ 48.085297, 29.87991 ], [ 48.085134, 29.879869 ], [ 48.095063, 29.894721 ], [ 48.109223, 29.893622 ], [ 48.133556, 29.879869 ], [ 48.144867, 29.878323 ], [ 48.158702, 29.879218 ], [ 48.166515, 29.885932 ], [ 48.160818, 29.901557 ], [ 48.178884, 29.908515 ], [ 48.193696, 29.916449 ], [ 48.197439, 29.92536 ], [ 48.181407, 29.935085 ], [ 48.181326, 29.935126 ], [ 48.169932, 29.936469 ], [ 48.156749, 29.931138 ], [ 48.147227, 29.935126 ], [ 48.142833, 29.941718 ], [ 48.140391, 29.952216 ], [ 48.139415, 29.962836 ], [ 48.140391, 29.969794 ], [ 48.140391, 29.969875 ], [ 48.122732, 29.969672 ], [ 48.120291, 29.971422 ], [ 48.11671, 29.974066 ], [ 48.12086, 29.981391 ], [ 48.133556, 29.989691 ], [ 48.14796, 29.99494 ], [ 48.16212, 29.995673 ], [ 48.175792, 29.991889 ], [ 48.188731, 29.983547 ], [ 48.344493, 29.790595 ], [ 48.359548, 29.754462 ], [ 48.352712, 29.709784 ], [ 48.333832, 29.679267 ] ] ], [ [ [ 48.072439, 29.998725 ], [ 48.062755, 29.987454 ], [ 48.05836, 29.983547 ], [ 48.031098, 29.971015 ], [ 48.023692, 29.969875 ], [ 48.016287, 29.9737 ], [ 48.010753, 29.980455 ], [ 48.009288, 29.986884 ], [ 48.023123, 29.995185 ], [ 48.04363, 30.019029 ], [ 48.054698, 30.024482 ], [ 48.093761, 30.029283 ], [ 48.093842, 30.029283 ], [ 48.109223, 30.027981 ], [ 48.10613, 30.017646 ], [ 48.078868, 30.004055 ], [ 48.072439, 29.998725 ] ] ] ] } },
{ "type": "Feature", "properties": { "ADMIN": "Iran", "SOVEREIGNT": "Iran", "TYPE": "Sovereign country", "NAME": "Iran", "ISO_A3": "IRN" }, "geometry": { "type": "MultiPolygon", "coordinates": [ [ [ [ 48.052033, 39.650087 ], [ 48.220085, 39.494025 ], [ 48.288608, 39.445035 ], [ 48.31672, 39.415166 ], [ 48.33894, 39.378941 ], [ 48.328405, 39.37633 ], [ 48.302457, 39.369898 ], [ 48.24985, 39.342354 ], [ 48.187218, 39.332587 ], [ 48.153525, 39.319048 ], [ 48.124587, 39.297602 ], [ 48.10619, 39.26918 ], [ 48.104329, 39.234841 ], [ 48.117765, 39.208047 ], [ 48.142157, 39.181201 ], [ 48.199104, 39.138232 ], [ 48.256258, 39.119784 ], [ 48.271296, 39.108312 ], [ 48.301475, 39.05803 ], [ 48.306798, 39.045396 ], [ 48.306281, 39.031469 ], [ 48.30159, 39.017946 ], [ 48.301423, 39.017464 ], [ 48.293672, 39.004597 ], [ 48.284629, 38.994003 ], [ 48.284474, 38.994003 ], [ 48.28437, 38.993797 ], [ 48.243184, 38.973875 ], [ 48.058544, 38.948373 ], [ 48.055134, 38.941914 ], [ 48.05534, 38.934369 ], [ 48.052446, 38.927909 ], [ 48.000046, 38.902588 ], [ 48.0, 38.902531772282558 ], [ 48.0, 39.687598846886829 ], [ 48.052033, 39.650087 ] ] ], [ [ [ 48.012966, 38.821559 ], [ 48.077974, 38.780941 ], [ 48.21037, 38.729756 ], [ 48.222979, 38.721462 ], [ 48.225635, 38.713193 ], [ 48.230317, 38.698621 ], [ 48.226182, 38.679087 ], [ 48.228043, 38.662189 ], [ 48.276515, 38.631777 ], [ 48.292225, 38.613562 ], [ 48.310312, 38.600151 ], [ 48.341059, 38.599583 ], [ 48.391754, 38.618109 ], [ 48.415267, 38.618109 ], [ 48.426739, 38.596457 ], [ 48.433715, 38.569972 ], [ 48.446634, 38.556407 ], [ 48.462654, 38.544935 ], [ 48.479087, 38.524756 ], [ 48.495933, 38.510312 ], [ 48.510816, 38.493776 ], [ 48.535641, 38.469154 ], [ 48.548643, 38.456258 ], [ 48.575929, 38.420369 ], [ 48.607865, 38.395978 ], [ 48.612962, 38.395646 ], [ 48.659128, 38.392645 ], [ 48.683209, 38.398019 ], [ 48.710287, 38.407114 ], [ 48.735609, 38.419568 ], [ 48.755349, 38.435226 ], [ 48.777725, 38.444812 ], [ 48.809713, 38.444631 ], [ 48.874278, 38.434068 ], [ 48.877208, 38.346177 ], [ 48.865896, 38.316881 ], [ 48.872895, 38.295559 ], [ 48.874848, 38.242743 ], [ 48.893728, 38.205797 ], [ 48.907725, 38.083482 ], [ 48.949067, 37.966864 ], [ 48.941173, 37.94774 ], [ 48.940196, 37.924994 ], [ 48.944509, 37.903388 ], [ 48.952159, 37.888007 ], [ 48.987478, 37.842475 ], [ 48.987804, 37.832099 ], [ 48.984711, 37.823188 ], [ 48.983165, 37.815985 ], [ 48.993663, 37.77676 ], [ 49.014496, 37.739163 ], [ 49.065196, 37.67886 ], [ 49.132498, 37.623358 ], [ 49.205577, 37.581692 ], [ 49.366873, 37.51496 ], [ 49.441742, 37.494859 ], [ 49.826182, 37.453559 ], [ 49.867442, 37.458564 ], [ 49.901541, 37.469713 ], [ 49.933767, 37.474433 ], [ 49.969493, 37.459703 ], [ 49.959972, 37.458482 ], [ 49.948904, 37.460924 ], [ 49.943126, 37.461615 ], [ 49.935313, 37.453559 ], [ 50.018728, 37.42772 ], [ 50.148774, 37.403876 ], [ 50.195649, 37.38935 ], [ 50.227306, 37.365424 ], [ 50.223318, 37.329332 ], [ 50.232107, 37.315416 ], [ 50.245128, 37.279283 ], [ 50.254242, 37.264838 ], [ 50.268728, 37.246894 ], [ 50.292247, 37.192816 ], [ 50.322276, 37.153266 ], [ 50.357188, 37.126532 ], [ 50.429454, 37.082953 ], [ 50.478852, 37.03498 ], [ 50.493988, 37.027737 ], [ 50.513438, 37.023261 ], [ 50.624034, 36.963284 ], [ 50.644786, 36.959418 ], [ 50.658702, 36.954332 ], [ 50.688243, 36.928697 ], [ 50.703136, 36.918443 ], [ 50.86085, 36.849555 ], [ 51.004731, 36.767646 ], [ 51.088634, 36.737006 ], [ 51.367849, 36.692572 ], [ 51.546072, 36.650946 ], [ 51.730968, 36.624254 ], [ 51.909028, 36.582709 ], [ 52.094086, 36.602525 ], [ 52.258556, 36.650946 ], [ 52.430512, 36.685126 ], [ 52.608653, 36.712388 ], [ 52.779307, 36.740383 ], [ 52.950531, 36.781317 ], [ 53.115733, 36.822252 ], [ 53.447602, 36.881903 ], [ 53.492361, 36.887885 ], [ 53.885916, 36.905829 ], [ 53.957774, 36.919623 ], [ 54.006521, 36.952623 ], [ 54.004242, 36.914618 ], [ 53.947602, 36.898749 ], [ 53.876475, 36.891669 ], [ 53.83074, 36.880276 ], [ 53.818207, 36.87523 ], [ 53.803884, 36.877021 ], [ 53.77711, 36.883734 ], [ 53.762055, 36.881822 ], [ 53.734386, 36.873236 ], [ 53.719005, 36.870673 ], [ 53.660411, 36.876899 ], [ 53.609141, 36.876899 ], [ 53.616954, 36.865668 ], [ 53.631033, 36.861965 ], [ 53.663829, 36.863227 ], [ 53.643891, 36.857815 ], [ 53.635997, 36.857001 ], [ 53.660167, 36.831204 ], [ 53.70102, 36.816596 ], [ 53.856456, 36.805487 ], [ 53.872081, 36.798407 ], [ 53.889171, 36.793606 ], [ 54.014334, 36.821112 ], [ 54.026215, 36.829088 ], [ 54.033051, 36.845771 ], [ 54.033539, 36.949123 ], [ 54.028087, 36.966213 ], [ 54.013357, 36.97309 ], [ 53.994395, 36.979153 ], [ 53.997244, 36.99372 ], [ 54.02003, 37.027737 ], [ 53.996267, 37.057318 ], [ 53.980317, 37.094062 ], [ 53.958018, 37.178534 ], [ 53.927745, 37.243801 ], [ 53.923188, 37.258002 ], [ 53.913748, 37.34276 ], [ 54.186594, 37.323744 ], [ 54.206438, 37.324596 ], [ 54.224524, 37.330746 ], [ 54.243025, 37.344957 ], [ 54.261525, 37.354827 ], [ 54.283332, 37.355654 ], [ 54.30638, 37.353225 ], [ 54.328497, 37.353277 ], [ 54.364154, 37.362682 ], [ 54.533343, 37.440817 ], [ 54.555977, 37.443607 ], [ 54.616852, 37.433013 ], [ 54.638969, 37.433272 ], [ 54.653956, 37.438905 ], [ 54.678554, 37.459989 ], [ 54.698294, 37.466293 ], [ 54.7108, 37.475698 ], [ 54.758342, 37.500555 ], [ 54.783663, 37.517453 ], [ 54.788314, 37.524636 ], [ 54.791415, 37.539932 ], [ 54.805057, 37.565047 ], [ 54.808158, 37.579284 ], [ 54.809398, 37.603339 ], [ 54.808158, 37.610341 ], [ 54.80361, 37.61693 ], [ 54.791828, 37.625353 ], [ 54.788314, 37.630805 ], [ 54.787281, 37.651863 ], [ 54.803714, 37.682921 ], [ 54.808158, 37.702816 ], [ 54.813636, 37.718629 ], [ 54.826658, 37.735269 ], [ 54.85663, 37.761133 ], [ 55.006802, 37.843092 ], [ 55.053518, 37.884407 ], [ 55.061373, 37.894846 ], [ 55.066644, 37.908437 ], [ 55.078736, 37.913708 ], [ 55.092792, 37.915542 ], [ 55.10354, 37.918798 ], [ 55.110775, 37.926472 ], [ 55.121731, 37.944713 ], [ 55.130309, 37.95231 ], [ 55.149636, 37.957478 ], [ 55.20741, 37.966159 ], [ 55.219709, 37.969983 ], [ 55.228804, 37.985796 ], [ 55.250508, 37.995408 ], [ 55.296087, 38.007552 ], [ 55.307456, 38.008792 ], [ 55.328126, 38.022125 ], [ 55.348797, 38.030496 ], [ 55.423108, 38.075894 ], [ 55.447395, 38.083671 ], [ 55.510957, 38.085842 ], [ 55.708672, 38.118656 ], [ 55.738437, 38.118605 ], [ 55.800346, 38.107804 ], [ 55.839413, 38.089924 ], [ 55.854089, 38.085997 ], [ 55.905042, 38.085583 ], [ 55.921888, 38.081449 ], [ 55.94907, 38.07008 ], [ 55.963023, 38.066515 ], [ 55.978422, 38.065895 ], [ 56.121463, 38.086462 ], [ 56.161874, 38.082379 ], [ 56.166741, 38.080792 ], [ 56.197841, 38.070649 ], [ 56.214067, 38.06884 ], [ 56.299747, 38.080235 ], [ 56.315456, 38.089459 ], [ 56.325481, 38.10522 ], [ 56.328995, 38.123772 ], [ 56.324241, 38.141136 ], [ 56.297059, 38.165785 ], [ 56.303364, 38.179428 ], [ 56.366409, 38.225523 ], [ 56.400102, 38.244127 ], [ 56.436482, 38.255082 ], [ 56.528156, 38.257408 ], [ 56.54521, 38.2541 ], [ 56.559162, 38.247382 ], [ 56.571771, 38.239502 ], [ 56.585207, 38.234567 ], [ 56.60133, 38.236866 ], [ 56.681532, 38.264616 ], [ 56.729384, 38.27105 ], [ 56.738996, 38.269603 ], [ 56.778167, 38.244488 ], [ 56.812377, 38.22896 ], [ 56.82788, 38.224955 ], [ 56.978361, 38.202734 ], [ 57.018049, 38.189815 ], [ 57.038409, 38.187283 ], [ 57.056496, 38.195241 ], [ 57.070449, 38.205059 ], [ 57.102798, 38.222009 ], [ 57.114684, 38.232112 ], [ 57.134838, 38.259733 ], [ 57.137914, 38.262364 ], [ 57.14662, 38.26981 ], [ 57.163983, 38.276476 ], [ 57.174939, 38.277561 ], [ 57.185894, 38.276476 ], [ 57.207288, 38.27074 ], [ 57.218347, 38.265081 ], [ 57.221137, 38.258596 ], [ 57.221551, 38.251155 ], [ 57.225788, 38.24237 ], [ 57.248836, 38.211519 ], [ 57.266923, 38.176896 ], [ 57.278602, 38.162943 ], [ 57.311364, 38.135012 ], [ 57.32294, 38.105117 ], [ 57.344334, 38.081062 ], [ 57.349295, 38.063569 ], [ 57.346814, 38.046929 ], [ 57.327074, 37.994116 ], [ 57.352395, 37.967529 ], [ 57.496263, 37.922312 ], [ 57.512076, 37.924069 ], [ 57.527682, 37.927841 ], [ 57.544632, 37.929986 ], [ 57.561375, 37.928229 ], [ 57.612328, 37.916601 ], [ 57.66111, 37.917428 ], [ 57.676097, 37.920477 ], [ 57.691186, 37.92027 ], [ 57.704622, 37.913708 ], [ 57.717128, 37.905078 ], [ 57.729943, 37.898644 ], [ 57.734827, 37.898272 ], [ 57.738418, 37.897998 ], [ 57.754748, 37.901021 ], [ 57.763016, 37.899393 ], [ 57.770044, 37.89389 ], [ 57.779139, 37.878774 ], [ 57.785031, 37.872573 ], [ 57.800017, 37.867638 ], [ 57.81645, 37.868646 ], [ 57.833296, 37.871746 ], [ 57.849523, 37.872728 ], [ 57.884146, 37.865338 ], [ 58.040932, 37.805704 ], [ 58.106871, 37.793431 ], [ 58.140564, 37.791131 ], [ 58.156687, 37.788186 ], [ 58.173534, 37.781623 ], [ 58.181182, 37.774853 ], [ 58.181285, 37.767928 ], [ 58.179115, 37.760771 ], [ 58.179942, 37.753046 ], [ 58.195755, 37.729636 ], [ 58.199269, 37.722195 ], [ 58.201853, 37.703953 ], [ 58.201956, 37.690104 ], [ 58.206814, 37.678735 ], [ 58.223867, 37.667469 ], [ 58.24092, 37.662328 ], [ 58.318848, 37.653052 ], [ 58.331457, 37.648297 ], [ 58.357812, 37.633311 ], [ 58.371765, 37.630366 ], [ 58.462302, 37.637497 ], [ 58.479665, 37.644112 ], [ 58.493101, 37.660674 ], [ 58.502299, 37.677391 ], [ 58.514288, 37.691473 ], [ 58.529791, 37.700387 ], [ 58.549325, 37.701576 ], [ 58.565655, 37.694858 ], [ 58.615884, 37.659511 ], [ 58.659086, 37.645404 ], [ 58.68172, 37.642716 ], [ 58.704251, 37.644628 ], [ 58.712933, 37.648814 ], [ 58.719237, 37.654783 ], [ 58.726368, 37.659382 ], [ 58.737737, 37.659408 ], [ 58.759028, 37.656152 ], [ 58.76926, 37.656798 ], [ 58.779802, 37.65964 ], [ 58.793134, 37.672844 ], [ 58.795615, 37.687727 ], [ 58.801093, 37.694651 ], [ 58.861037, 37.668089 ], [ 58.938655, 37.65393 ], [ 58.978136, 37.639512 ], [ 58.992192, 37.631451 ], [ 59.005525, 37.628014 ], [ 59.034567, 37.624526 ], [ 59.045625, 37.619617 ], [ 59.078285, 37.592745 ], [ 59.211714, 37.516316 ], [ 59.233108, 37.514714 ], [ 59.289228, 37.535178 ], [ 59.312276, 37.530346 ], [ 59.332326, 37.515127 ], [ 59.351653, 37.493837 ], [ 59.356304, 37.480633 ], [ 59.353204, 37.458438 ], [ 59.359198, 37.447509 ], [ 59.361989, 37.439215 ], [ 59.357854, 37.430275 ], [ 59.351653, 37.42043 ], [ 59.348346, 37.409294 ], [ 59.350723, 37.388365 ], [ 59.37036, 37.319429 ], [ 59.382039, 37.305683 ], [ 59.444671, 37.264187 ], [ 59.463481, 37.247443 ], [ 59.469372, 37.2407 ], [ 59.468132, 37.235842 ], [ 59.464515, 37.232457 ], [ 59.463068, 37.229718 ], [ 59.461827, 37.223 ], [ 59.45883, 37.214758 ], [ 59.461724, 37.207601 ], [ 59.478157, 37.204138 ], [ 59.484668, 37.198764 ], [ 59.49273, 37.193596 ], [ 59.501205, 37.190212 ], [ 59.509473, 37.189824 ], [ 59.541202, 37.199849 ], [ 59.555982, 37.197782 ], [ 59.572725, 37.18339 ], [ 59.579856, 37.16781 ], [ 59.584611, 37.148896 ], [ 59.591535, 37.132334 ], [ 59.604971, 37.123885 ], [ 59.61448, 37.125487 ], [ 59.621508, 37.131507 ], [ 59.633186, 37.146261 ], [ 59.642592, 37.15024 ], [ 59.653237, 37.149672 ], [ 59.797207, 37.112206 ], [ 59.862837, 37.067816 ], [ 59.899527, 37.050556 ], [ 59.981589, 37.038826 ], [ 60.019209, 37.025803 ], [ 60.048872, 36.994022 ], [ 60.086389, 36.930021 ], [ 60.132588, 36.873409 ], [ 60.238524, 36.769746 ], [ 60.259608, 36.74241 ], [ 60.28865, 36.68107 ], [ 60.309218, 36.651976 ], [ 60.34229, 36.637145 ], [ 60.501247, 36.63947 ], [ 60.641084, 36.641485 ], [ 60.854404, 36.644638 ], [ 60.97295, 36.646343 ], [ 61.075476, 36.64779 ], [ 61.125188, 36.640762 ], [ 61.165806, 36.636318 ], [ 61.173971, 36.602315 ], [ 61.182239, 36.586915 ], [ 61.18596, 36.577665 ], [ 61.187614, 36.565108 ], [ 61.186167, 36.552809 ], [ 61.182239, 36.541647 ], [ 61.176865, 36.532035 ], [ 61.170664, 36.524438 ], [ 61.166323, 36.513845 ], [ 61.167977, 36.501804 ], [ 61.173971, 36.486818 ], [ 61.152474, 36.406306 ], [ 61.146686, 36.357265 ], [ 61.160949, 36.328636 ], [ 61.157745, 36.324657 ], [ 61.156194, 36.321867 ], [ 61.153507, 36.314942 ], [ 61.163119, 36.311583 ], [ 61.171077, 36.306416 ], [ 61.177278, 36.300369 ], [ 61.181412, 36.294478 ], [ 61.185443, 36.283988 ], [ 61.1872, 36.273549 ], [ 61.187614, 36.250347 ], [ 61.190921, 36.240631 ], [ 61.205494, 36.221098 ], [ 61.22048, 36.158931 ], [ 61.223064, 36.128804 ], [ 61.224717, 36.123688 ], [ 61.222754, 36.117538 ], [ 61.212212, 36.106376 ], [ 61.207251, 36.099503 ], [ 61.20415, 36.090563 ], [ 61.202393, 36.080745 ], [ 61.20198, 36.071598 ], [ 61.198156, 36.060797 ], [ 61.189681, 36.055785 ], [ 61.180276, 36.052788 ], [ 61.173971, 36.048033 ], [ 61.171077, 36.035941 ], [ 61.174591, 36.015839 ], [ 61.173971, 36.006485 ], [ 61.161775, 35.995944 ], [ 61.141415, 35.982353 ], [ 61.129839, 35.970519 ], [ 61.143585, 35.965506 ], [ 61.16808, 35.962354 ], [ 61.188337, 35.953569 ], [ 61.205804, 35.940495 ], [ 61.221823, 35.924527 ], [ 61.232159, 35.910677 ], [ 61.241047, 35.893883 ], [ 61.247352, 35.876209 ], [ 61.251899, 35.840397 ], [ 61.255516, 35.82536 ], [ 61.256137, 35.809133 ], [ 61.249729, 35.786706 ], [ 61.256137, 35.779368 ], [ 61.256343, 35.769497 ], [ 61.249729, 35.745778 ], [ 61.249005, 35.740197 ], [ 61.249729, 35.722472 ], [ 61.246731, 35.715496 ], [ 61.233089, 35.704592 ], [ 61.229161, 35.698597 ], [ 61.231745, 35.671881 ], [ 61.245388, 35.649298 ], [ 61.269676, 35.618499 ], [ 61.277014, 35.609197 ], [ 61.287556, 35.568269 ], [ 61.290036, 35.548064 ], [ 61.283835, 35.52729 ], [ 61.270503, 35.508428 ], [ 61.247041, 35.48507 ], [ 61.235983, 35.465847 ], [ 61.227301, 35.434479 ], [ 61.221823, 35.424247 ], [ 61.200843, 35.401148 ], [ 61.195055, 35.390089 ], [ 61.190404, 35.369573 ], [ 61.195055, 35.318104 ], [ 61.187097, 35.300379 ], [ 61.167873, 35.291387 ], [ 61.143999, 35.28808 ], [ 61.122708, 35.287666 ], [ 61.108342, 35.277951 ], [ 61.102451, 35.25666 ], [ 61.101624, 35.235318 ], [ 61.102347, 35.225603 ], [ 61.107929, 35.221262 ], [ 61.112786, 35.21165 ], [ 61.112373, 35.202038 ], [ 61.102347, 35.197698 ], [ 61.096353, 35.193202 ], [ 61.101521, 35.183228 ], [ 61.137074, 35.143902 ], [ 61.139865, 35.139665 ], [ 61.137901, 35.128296 ], [ 61.135214, 35.119408 ], [ 61.136764, 35.111191 ], [ 61.147306, 35.102096 ], [ 61.123121, 35.074191 ], [ 61.115887, 35.059877 ], [ 61.109892, 35.018535 ], [ 61.095319, 34.981018 ], [ 61.092012, 34.961485 ], [ 61.088912, 34.951925 ], [ 61.074752, 34.933114 ], [ 61.071548, 34.920557 ], [ 61.072582, 34.910325 ], [ 61.077026, 34.891721 ], [ 61.077749, 34.88304 ], [ 61.073409, 34.847693 ], [ 61.06545, 34.814724 ], [ 61.034755, 34.806249 ], [ 61.02907, 34.789712 ], [ 61.00964, 34.76098 ], [ 60.978014, 34.74062 ], [ 60.959927, 34.723205 ], [ 60.958687, 34.699589 ], [ 60.961994, 34.67375 ], [ 60.957964, 34.649411 ], [ 60.947525, 34.63799 ], [ 60.935846, 34.635665 ], [ 60.922824, 34.636543 ], [ 60.908871, 34.634683 ], [ 60.895435, 34.628327 ], [ 60.888924, 34.62166 ], [ 60.883859, 34.613702 ], [ 60.838488, 34.570914 ], [ 60.818954, 34.559907 ], [ 60.794046, 34.554119 ], [ 60.739269, 34.548022 ], [ 60.714361, 34.537428 ], [ 60.699685, 34.516396 ], [ 60.71033, 34.515129 ], [ 60.718908, 34.51115 ], [ 60.725316, 34.504277 ], [ 60.733894, 34.480429 ], [ 60.742783, 34.473452 ], [ 60.767277, 34.464151 ], [ 60.77937, 34.455081 ], [ 60.789085, 34.44348 ], [ 60.804898, 34.417487 ], [ 60.879105, 34.337647 ], [ 60.890474, 34.318914 ], [ 60.815957, 34.315271 ], [ 60.714361, 34.310129 ], [ 60.643667, 34.306641 ], [ 60.650592, 34.28535 ], [ 60.634986, 34.271217 ], [ 60.587443, 34.250262 ], [ 60.552407, 34.220057 ], [ 60.520884, 34.186131 ], [ 60.492772, 34.139028 ], [ 60.486778, 34.094277 ], [ 60.488461, 34.080927 ], [ 60.499387, 33.994257 ], [ 60.528016, 33.84145 ], [ 60.525845, 33.80215 ], [ 60.494943, 33.744117 ], [ 60.486881, 33.71138 ], [ 60.511789, 33.638387 ], [ 60.574834, 33.587796 ], [ 60.655553, 33.559891 ], [ 60.733894, 33.554852 ], [ 60.807378, 33.558159 ], [ 60.846032, 33.555782 ], [ 60.879622, 33.548703 ], [ 60.895125, 33.541132 ], [ 60.911971, 33.528446 ], [ 60.92086, 33.514105 ], [ 60.919788, 33.512571 ], [ 60.912075, 33.501522 ], [ 60.897295, 33.497026 ], [ 60.849856, 33.494365 ], [ 60.832183, 33.484495 ], [ 60.829289, 33.470129 ], [ 60.832803, 33.453463 ], [ 60.834664, 33.436255 ], [ 60.829082, 33.416282 ], [ 60.818644, 33.404887 ], [ 60.785881, 33.387782 ], [ 60.757046, 33.366337 ], [ 60.719012, 33.323032 ], [ 60.670332, 33.267712 ], [ 60.615969, 33.206191 ], [ 60.5676, 33.151285 ], [ 60.561502, 33.137307 ], [ 60.562949, 33.058268 ], [ 60.577522, 32.994344 ], [ 60.60615, 32.912359 ], [ 60.64005, 32.815517 ], [ 60.67488, 32.715601 ], [ 60.711674, 32.61031 ], [ 60.752291, 32.494581 ], [ 60.79632, 32.355907 ], [ 60.830323, 32.248885 ], [ 60.828256, 32.167443 ], [ 60.81482, 32.087862 ], [ 60.808825, 32.07117 ], [ 60.782677, 32.042541 ], [ 60.774926, 32.027194 ], [ 60.778336, 32.021044 ], [ 60.786708, 32.01691 ], [ 60.792599, 32.011277 ], [ 60.784021, 31.989263 ], [ 60.786088, 31.978979 ], [ 60.791049, 31.969161 ], [ 60.794976, 31.958464 ], [ 60.796733, 31.93676 ], [ 60.789292, 31.874955 ], [ 60.791462, 31.826534 ], [ 60.805311, 31.733981 ], [ 60.792599, 31.660084 ], [ 60.794976, 31.636675 ], [ 60.809962, 31.588357 ], [ 60.821744, 31.494668 ], [ 60.855024, 31.482731 ], [ 60.956, 31.47007 ], [ 61.123535, 31.449089 ], [ 61.125149, 31.448887 ], [ 61.29479, 31.427644 ], [ 61.490851, 31.403097 ], [ 61.606259, 31.388741 ], [ 61.661176, 31.38191 ], [ 61.686911, 31.373177 ], [ 61.706548, 31.359844 ], [ 61.742308, 31.32088 ], [ 61.749233, 31.30238 ], [ 61.742308, 31.259437 ], [ 61.742722, 31.239541 ], [ 61.752437, 31.219129 ], [ 61.779205, 31.181095 ], [ 61.78768, 31.158616 ], [ 61.789334, 31.129315 ], [ 61.791814, 31.118929 ], [ 61.809281, 31.087148 ], [ 61.821477, 31.054488 ], [ 61.826334, 31.034593 ], [ 61.826438, 31.014956 ], [ 61.819306, 30.993923 ], [ 61.800186, 30.961419 ], [ 61.804527, 30.94974 ], [ 61.808351, 30.881424 ], [ 61.802356, 30.87853 ], [ 61.799876, 30.871502 ], [ 61.798429, 30.853467 ], [ 61.799773, 30.852381 ], [ 61.802253, 30.847059 ], [ 61.7852, 30.831401 ], [ 61.702621, 30.745515 ], [ 61.57622, 30.613895 ], [ 61.461705, 30.494522 ], [ 61.380367, 30.41029 ], [ 61.272156, 30.298307 ], [ 61.215622, 30.239706 ], [ 61.133043, 30.154285 ], [ 60.978427, 29.994398 ], [ 60.978117, 29.994139 ], [ 60.902153, 29.916883 ], [ 60.844379, 29.858179 ], [ 60.925097, 29.77498 ], [ 60.978014, 29.720616 ], [ 61.043333, 29.652429 ], [ 61.118677, 29.573984 ], [ 61.196915, 29.492284 ], [ 61.279184, 29.40663 ], [ 61.298718, 29.392651 ], [ 61.319802, 29.385391 ], [ 61.337372, 29.374384 ], [ 61.34657, 29.349062 ], [ 61.34471, 29.329529 ], [ 61.332824, 29.294492 ], [ 61.332824, 29.274907 ], [ 61.342333, 29.25452 ], [ 61.374165, 29.22385 ], [ 61.386981, 29.206642 ], [ 61.390082, 29.195428 ], [ 61.392769, 29.170469 ], [ 61.397937, 29.159074 ], [ 61.408582, 29.148558 ], [ 61.417677, 29.145664 ], [ 61.426875, 29.14463 ], [ 61.437727, 29.139618 ], [ 61.447959, 29.125407 ], [ 61.45323, 29.108379 ], [ 61.460879, 29.093884 ], [ 61.478035, 29.087476 ], [ 61.48775, 29.080655 ], [ 61.490644, 29.072025 ], [ 61.487234, 29.06293 ], [ 61.478035, 29.054326 ], [ 61.4708, 29.047866 ], [ 61.46801, 29.041743 ], [ 61.470284, 29.035903 ], [ 61.478035, 29.030658 ], [ 61.490954, 29.02549 ], [ 61.502116, 29.017713 ], [ 61.510901, 29.007378 ], [ 61.553173, 28.922138 ], [ 61.55896, 28.902733 ], [ 61.561338, 28.885938 ], [ 61.566505, 28.870978 ], [ 61.595341, 28.842685 ], [ 61.623969, 28.78765 ], [ 61.653012, 28.756334 ], [ 61.756158, 28.673961 ], [ 61.797706, 28.626574 ], [ 61.861164, 28.574769 ], [ 61.89279, 28.5426 ], [ 61.91129, 28.533737 ], [ 61.971132, 28.518984 ], [ 62.018829, 28.494696 ], [ 62.049111, 28.486324 ], [ 62.115567, 28.481363 ], [ 62.147503, 28.475266 ], [ 62.230702, 28.442451 ], [ 62.362787, 28.418887 ], [ 62.390538, 28.406123 ], [ 62.402165, 28.394108 ], [ 62.410743, 28.380698 ], [ 62.420975, 28.368554 ], [ 62.437201, 28.360441 ], [ 62.453841, 28.355686 ], [ 62.46428, 28.349821 ], [ 62.471204, 28.339692 ], [ 62.477716, 28.322303 ], [ 62.492288, 28.300703 ], [ 62.555437, 28.240319 ], [ 62.575643, 28.229027 ], [ 62.739302, 28.258328 ], [ 62.761523, 28.246442 ], [ 62.76638, 28.211483 ], [ 62.751704, 28.108725 ], [ 62.735684, 27.994985 ], [ 62.754185, 27.925842 ], [ 62.780281, 27.829724 ], [ 62.786379, 27.77027 ], [ 62.794699, 27.689474 ], [ 62.799712, 27.63927 ], [ 62.809323, 27.547054 ], [ 62.814698, 27.494964 ], [ 62.8086, 27.453364 ], [ 62.756045, 27.348099 ], [ 62.775682, 27.326912 ], [ 62.780643, 27.31606 ], [ 62.778783, 27.299833 ], [ 62.774132, 27.285519 ], [ 62.768086, 27.274357 ], [ 62.758215, 27.267691 ], [ 62.742351, 27.266812 ], [ 62.785604, 27.232499 ], [ 62.800642, 27.225161 ], [ 62.808548, 27.225368 ], [ 62.822294, 27.232499 ], [ 62.829322, 27.233636 ], [ 62.837384, 27.231259 ], [ 62.860845, 27.219632 ], [ 62.892419, 27.213482 ], [ 62.919601, 27.214877 ], [ 62.97784, 27.225161 ], [ 63.003782, 27.228778 ], [ 63.056182, 27.243196 ], [ 63.082743, 27.244385 ], [ 63.099435, 27.242834 ], [ 63.112302, 27.243196 ], [ 63.166976, 27.258699 ], [ 63.177105, 27.258441 ], [ 63.189559, 27.254462 ], [ 63.215448, 27.233223 ], [ 63.226817, 27.22697 ], [ 63.251519, 27.21896 ], [ 63.260614, 27.213792 ], [ 63.271259, 27.203405 ], [ 63.285573, 27.184647 ], [ 63.319628, 27.117312 ], [ 63.30242, 27.123358 ], [ 63.280561, 27.123203 ], [ 63.260924, 27.115607 ], [ 63.249968, 27.099536 ], [ 63.246248, 27.089459 ], [ 63.235602, 27.075868 ], [ 63.231365, 27.065843 ], [ 63.229918, 27.05406 ], [ 63.234982, 26.941147 ], [ 63.243974, 26.92244 ], [ 63.25648, 26.906162 ], [ 63.264851, 26.890039 ], [ 63.261647, 26.871746 ], [ 63.246661, 26.85955 ], [ 63.206043, 26.853711 ], [ 63.189559, 26.846011 ], [ 63.182272, 26.83025 ], [ 63.174314, 26.685039 ], [ 63.163772, 26.645093 ], [ 63.141344, 26.625404 ], [ 63.131268, 26.625818 ], [ 63.123464, 26.629435 ], [ 63.11623, 26.634034 ], [ 63.1076, 26.6376 ], [ 63.09804, 26.638375 ], [ 63.068894, 26.632536 ], [ 63.029413, 26.633518 ], [ 62.990449, 26.638892 ], [ 62.900016, 26.640907 ], [ 62.821674, 26.642613 ], [ 62.753564, 26.644163 ], [ 62.742712, 26.641321 ], [ 62.735064, 26.632226 ], [ 62.724729, 26.615121 ], [ 62.718011, 26.610522 ], [ 62.71057, 26.606904 ], [ 62.70194, 26.60401 ], [ 62.671037, 26.597706 ], [ 62.662511, 26.598274 ], [ 62.651349, 26.603183 ], [ 62.6406, 26.605147 ], [ 62.632022, 26.600393 ], [ 62.624115, 26.592952 ], [ 62.615795, 26.587112 ], [ 62.595331, 26.580704 ], [ 62.428003, 26.564788 ], [ 62.418495, 26.562307 ], [ 62.41064, 26.55683 ], [ 62.402475, 26.543807 ], [ 62.396687, 26.539053 ], [ 62.386352, 26.536624 ], [ 62.365268, 26.537503 ], [ 62.355863, 26.536624 ], [ 62.347594, 26.533317 ], [ 62.334675, 26.524842 ], [ 62.32651, 26.520656 ], [ 62.306977, 26.51368 ], [ 62.298295, 26.508771 ], [ 62.291991, 26.501226 ], [ 62.29013, 26.492441 ], [ 62.293127, 26.485878 ], [ 62.296952, 26.480245 ], [ 62.297882, 26.474044 ], [ 62.287546, 26.456629 ], [ 62.256127, 26.428931 ], [ 62.248996, 26.416528 ], [ 62.254474, 26.393584 ], [ 62.26424, 26.375187 ], [ 62.265119, 26.360976 ], [ 62.243415, 26.350641 ], [ 62.205898, 26.355343 ], [ 62.161456, 26.369503 ], [ 62.123835, 26.373999 ], [ 62.106886, 26.349711 ], [ 62.103268, 26.325113 ], [ 62.094173, 26.314829 ], [ 62.05278, 26.308576 ], [ 62.032265, 26.302892 ], [ 62.013661, 26.294624 ], [ 61.977746, 26.273178 ], [ 61.857133, 26.242379 ], [ 61.832949, 26.225377 ], [ 61.818376, 26.198454 ], [ 61.809901, 26.167448 ], [ 61.800703, 26.106625 ], [ 61.792745, 26.052829 ], [ 61.783236, 25.990611 ], [ 61.770627, 25.907412 ], [ 61.760085, 25.837597 ], [ 61.754504, 25.819975 ], [ 61.739311, 25.803284 ], [ 61.721948, 25.799667 ], [ 61.702621, 25.80008 ], [ 61.681434, 25.795481 ], [ 61.66035, 25.769178 ], [ 61.665311, 25.732384 ], [ 61.676369, 25.6928 ], [ 61.673475, 25.65828 ], [ 61.667171, 25.650477 ], [ 61.652495, 25.637299 ], [ 61.646604, 25.627687 ], [ 61.643193, 25.613321 ], [ 61.639059, 25.554927 ], [ 61.633064, 25.469299 ], [ 61.626036, 25.36977 ], [ 61.620042, 25.285486 ], [ 61.588227, 25.202094 ], [ 61.581879, 25.216702 ], [ 61.579763, 25.233466 ], [ 61.562348, 25.244818 ], [ 61.559255, 25.250963 ], [ 61.554454, 25.254096 ], [ 61.544688, 25.248277 ], [ 61.54184, 25.24258 ], [ 61.540375, 25.226508 ], [ 61.537283, 25.220364 ], [ 61.542817, 25.215644 ], [ 61.552745, 25.205064 ], [ 61.55836, 25.200507 ], [ 61.536957, 25.202704 ], [ 61.520763, 25.208645 ], [ 61.504242, 25.208808 ], [ 61.482595, 25.193671 ], [ 61.506196, 25.186835 ], [ 61.515961, 25.181871 ], [ 61.524181, 25.173163 ], [ 61.518809, 25.16352 ], [ 61.503184, 25.14525 ], [ 61.498546, 25.13467 ], [ 61.498546, 25.129381 ], [ 61.497406, 25.125434 ], [ 61.489513, 25.118598 ], [ 61.475108, 25.11164 ], [ 61.420584, 25.096869 ], [ 61.435069, 25.087714 ], [ 61.411717, 25.059408 ], [ 61.24353, 25.111886 ], [ 61.185068, 25.123249 ], [ 61.185476, 25.139608 ], [ 61.170269, 25.16444 ], [ 61.03061, 25.209784 ], [ 60.86671, 25.234605 ], [ 60.727712, 25.26439 ], [ 60.633474, 25.27497 ], [ 60.616954, 25.283189 ], [ 60.632335, 25.296088 ], [ 60.608165, 25.327582 ], [ 60.604991, 25.341051 ], [ 60.604747, 25.397162 ], [ 60.601573, 25.405951 ], [ 60.565196, 25.438625 ], [ 60.549653, 25.446926 ], [ 60.532074, 25.44892 ], [ 60.514171, 25.447333 ], [ 60.445649, 25.428168 ], [ 60.428477, 25.419623 ], [ 60.418956, 25.405992 ], [ 60.403331, 25.388861 ], [ 60.395274, 25.377875 ], [ 60.39503, 25.371324 ], [ 60.398123, 25.364976 ], [ 60.402029, 25.344672 ], [ 60.406912, 25.341946 ], [ 60.413748, 25.341295 ], [ 60.424815, 25.336371 ], [ 60.433442, 25.336493 ], [ 60.437673, 25.33393 ], [ 60.441661, 25.327582 ], [ 60.452207, 25.317385 ], [ 60.441254, 25.318793 ], [ 60.441091, 25.316596 ], [ 60.470063, 25.303087 ], [ 60.467246, 25.290276 ], [ 60.455645, 25.29279 ], [ 60.423523, 25.304965 ], [ 60.382823, 25.320258 ], [ 60.362559, 25.330552 ], [ 60.319223, 25.329851 ], [ 60.290294, 25.351304 ], [ 60.299653, 25.367255 ], [ 60.303966, 25.371161 ], [ 60.289399, 25.377183 ], [ 60.271251, 25.379584 ], [ 60.235037, 25.377997 ], [ 60.207367, 25.373114 ], [ 60.201508, 25.371161 ], [ 60.192556, 25.362006 ], [ 60.192556, 25.356147 ], [ 60.195079, 25.351223 ], [ 60.215974, 25.33828 ], [ 60.20921, 25.319689 ], [ 60.181977, 25.319892 ], [ 60.161876, 25.331977 ], [ 60.15089, 25.335273 ], [ 60.11671, 25.33983 ], [ 60.108897, 25.34512 ], [ 60.097911, 25.35814 ], [ 60.082038, 25.36595 ], [ 60.045325, 25.363858 ], [ 59.994423, 25.35685 ], [ 59.940823, 25.354911 ], [ 59.903806, 25.329863 ], [ 59.861696, 25.343057 ], [ 59.819865, 25.379201 ], [ 59.774873, 25.389869 ], [ 59.659134, 25.383361 ], [ 59.613997, 25.383777 ], [ 59.53799, 25.39975 ], [ 59.490443, 25.443467 ], [ 59.453902, 25.461607 ], [ 59.397288, 25.451846 ], [ 59.279145, 25.434719 ], [ 59.251069, 25.430732 ], [ 59.195323, 25.422919 ], [ 59.138357, 25.398505 ], [ 59.117198, 25.394192 ], [ 59.108735, 25.395697 ], [ 59.101329, 25.402248 ], [ 59.094086, 25.406399 ], [ 59.08546, 25.404608 ], [ 59.076182, 25.400702 ], [ 59.066905, 25.398505 ], [ 59.043956, 25.399604 ], [ 59.024181, 25.403225 ], [ 59.007335, 25.409735 ], [ 58.994314, 25.419623 ], [ 58.94809, 25.486518 ], [ 58.923513, 25.513373 ], [ 58.884451, 25.529486 ], [ 58.84962, 25.528795 ], [ 58.840343, 25.532904 ], [ 58.834158, 25.542385 ], [ 58.830577, 25.552314 ], [ 58.825206, 25.56037 ], [ 58.813731, 25.563625 ], [ 58.728038, 25.563625 ], [ 58.546397, 25.593655 ], [ 58.484141, 25.584662 ], [ 58.430512, 25.587958 ], [ 58.411794, 25.596015 ], [ 58.418956, 25.612006 ], [ 58.389659, 25.610297 ], [ 58.357595, 25.60456 ], [ 58.344086, 25.598131 ], [ 58.321056, 25.580797 ], [ 58.305919, 25.577297 ], [ 58.299001, 25.57982 ], [ 58.295584, 25.583889 ], [ 58.290701, 25.583726 ], [ 58.278982, 25.573879 ], [ 58.271007, 25.568671 ], [ 58.260753, 25.565741 ], [ 58.251964, 25.56684 ], [ 58.248302, 25.573879 ], [ 58.242442, 25.571438 ], [ 58.207286, 25.549302 ], [ 58.170421, 25.544094 ], [ 58.137869, 25.549791 ], [ 58.106212, 25.558905 ], [ 58.07309, 25.563625 ], [ 58.046235, 25.574937 ], [ 58.024181, 25.601874 ], [ 57.994314, 25.659166 ], [ 57.963227, 25.693183 ], [ 57.925304, 25.701321 ], [ 57.884044, 25.691636 ], [ 57.843516, 25.672838 ], [ 57.809418, 25.647773 ], [ 57.787446, 25.635443 ], [ 57.771739, 25.635565 ], [ 57.77589, 25.679674 ], [ 57.779796, 25.691148 ], [ 57.782481, 25.696112 ], [ 57.783051, 25.699774 ], [ 57.781505, 25.707587 ], [ 57.771251, 25.730455 ], [ 57.755626, 25.742743 ], [ 57.734711, 25.747707 ], [ 57.709727, 25.748521 ], [ 57.687185, 25.746405 ], [ 57.631847, 25.734931 ], [ 57.61964, 25.737006 ], [ 57.598806, 25.746405 ], [ 57.587169, 25.748521 ], [ 57.575694, 25.747504 ], [ 57.555837, 25.742825 ], [ 57.545584, 25.741767 ], [ 57.520681, 25.743557 ], [ 57.452485, 25.762885 ], [ 57.459972, 25.769029 ], [ 57.326182, 25.777004 ], [ 57.311534, 25.784125 ], [ 57.304373, 25.79975 ], [ 57.298676, 25.8487 ], [ 57.274425, 25.8994 ], [ 57.261974, 25.939887 ], [ 57.253591, 25.95897 ], [ 57.243663, 25.967027 ], [ 57.242035, 25.970893 ], [ 57.219737, 25.995022 ], [ 57.215343, 25.995836 ], [ 57.202647, 25.993883 ], [ 57.198578, 25.995022 ], [ 57.196788, 25.999172 ], [ 57.194102, 26.010972 ], [ 57.180512, 26.046861 ], [ 57.176524, 26.063544 ], [ 57.166759, 26.082994 ], [ 57.164561, 26.094916 ], [ 57.170909, 26.115627 ], [ 57.201996, 26.146226 ], [ 57.212901, 26.166246 ], [ 57.199229, 26.198188 ], [ 57.133067, 26.263739 ], [ 57.138438, 26.290432 ], [ 57.131033, 26.296617 ], [ 57.125255, 26.341864 ], [ 57.118175, 26.364325 ], [ 57.107107, 26.38227 ], [ 57.087901, 26.398993 ], [ 57.083181, 26.40648 ], [ 57.080333, 26.415351 ], [ 57.076671, 26.438218 ], [ 57.076345, 26.447455 ], [ 57.093435, 26.572211 ], [ 57.090017, 26.618801 ], [ 57.024913, 26.850979 ], [ 57.011241, 26.868883 ], [ 56.977306, 26.895331 ], [ 56.96518, 26.911119 ], [ 56.966482, 26.927232 ], [ 56.93572, 26.945543 ], [ 56.925548, 26.955146 ], [ 56.940115, 26.954291 ], [ 56.95102, 26.958157 ], [ 56.961111, 26.963853 ], [ 56.973318, 26.968817 ], [ 56.964854, 26.975653 ], [ 56.963552, 26.985053 ], [ 56.967052, 26.994818 ], [ 56.973318, 27.002997 ], [ 56.942556, 26.991116 ], [ 56.932384, 26.989325 ], [ 56.923106, 26.9914 ], [ 56.917247, 26.99608 ], [ 56.913097, 27.0008 ], [ 56.908214, 27.002997 ], [ 56.903087, 27.006415 ], [ 56.897797, 27.013007 ], [ 56.89088, 27.017035 ], [ 56.871349, 27.00845 ], [ 56.865489, 27.011868 ], [ 56.862966, 27.020087 ], [ 56.863455, 27.03026 ], [ 56.850597, 27.027655 ], [ 56.843761, 27.032904 ], [ 56.844086, 27.040229 ], [ 56.853526, 27.043931 ], [ 56.858409, 27.047431 ], [ 56.875987, 27.064399 ], [ 56.884613, 27.070624 ], [ 56.884613, 27.07807 ], [ 56.855317, 27.081692 ], [ 56.831391, 27.096137 ], [ 56.815196, 27.117011 ], [ 56.808849, 27.139553 ], [ 56.797211, 27.12934 ], [ 56.784434, 27.125312 ], [ 56.757335, 27.12523 ], [ 56.742361, 27.129584 ], [ 56.733084, 27.139228 ], [ 56.725597, 27.14883 ], [ 56.716075, 27.153144 ], [ 56.612315, 27.154242 ], [ 56.589692, 27.160631 ], [ 56.582856, 27.153144 ], [ 56.558604, 27.165188 ], [ 56.528575, 27.170722 ], [ 56.466156, 27.173651 ], [ 56.436534, 27.17886 ], [ 56.384125, 27.197496 ], [ 56.353038, 27.201606 ], [ 56.291189, 27.198472 ], [ 56.259613, 27.19123 ], [ 56.236583, 27.177069 ], [ 56.21518, 27.167873 ], [ 56.150157, 27.165351 ], [ 56.123709, 27.160631 ], [ 56.115571, 27.155748 ], [ 56.098888, 27.141018 ], [ 56.095551, 27.136135 ], [ 56.093516, 27.125556 ], [ 56.088145, 27.122219 ], [ 56.080414, 27.120754 ], [ 56.071788, 27.115627 ], [ 56.054535, 27.102607 ], [ 55.987315, 27.066352 ], [ 55.963145, 27.048041 ], [ 55.962738, 27.043931 ], [ 55.95753, 27.040758 ], [ 55.939301, 27.026679 ], [ 55.928396, 27.023424 ], [ 55.8838, 27.018744 ], [ 55.842459, 27.009752 ], [ 55.831798, 27.008734 ], [ 55.79835, 27.009752 ], [ 55.787283, 27.007717 ], [ 55.772472, 26.998277 ], [ 55.763682, 26.996161 ], [ 55.726329, 26.996161 ], [ 55.694835, 27.002753 ], [ 55.684825, 27.002997 ], [ 55.665863, 26.995429 ], [ 55.632335, 26.967515 ], [ 55.61964, 26.961371 ], [ 55.608572, 26.953681 ], [ 55.554454, 26.899888 ], [ 55.568858, 26.90412 ], [ 55.575043, 26.907172 ], [ 55.582367, 26.91356 ], [ 55.586436, 26.889065 ], [ 55.580414, 26.859117 ], [ 55.568533, 26.830797 ], [ 55.554454, 26.810533 ], [ 55.521739, 26.784573 ], [ 55.48406, 26.767524 ], [ 55.442231, 26.759914 ], [ 55.397309, 26.762152 ], [ 55.316742, 26.787095 ], [ 55.270844, 26.792548 ], [ 55.232921, 26.776435 ], [ 55.221039, 26.757392 ], [ 55.215587, 26.739488 ], [ 55.205903, 26.726386 ], [ 55.181651, 26.721177 ], [ 55.16212, 26.719143 ], [ 55.118175, 26.707587 ], [ 55.103282, 26.701321 ], [ 55.037934, 26.648912 ], [ 55.026866, 26.642646 ], [ 54.930675, 26.572659 ], [ 54.822032, 26.515774 ], [ 54.815196, 26.510443 ], [ 54.80893, 26.503852 ], [ 54.801524, 26.498236 ], [ 54.791026, 26.495836 ], [ 54.778494, 26.49787 ], [ 54.761567, 26.506822 ], [ 54.749685, 26.508938 ], [ 54.663829, 26.502021 ], [ 54.619965, 26.508246 ], [ 54.602875, 26.530992 ], [ 54.590587, 26.559963 ], [ 54.56129, 26.584662 ], [ 54.516612, 26.592515 ], [ 54.425629, 26.589342 ], [ 54.389415, 26.605129 ], [ 54.37143, 26.630845 ], [ 54.356619, 26.662828 ], [ 54.337738, 26.693427 ], [ 54.308116, 26.714993 ], [ 54.286876, 26.718655 ], [ 54.266856, 26.715766 ], [ 54.247569, 26.710842 ], [ 54.171397, 26.706122 ], [ 54.150401, 26.708197 ], [ 54.081716, 26.726142 ], [ 54.064464, 26.728583 ], [ 54.053722, 26.731635 ], [ 54.034516, 26.745307 ], [ 54.026215, 26.749091 ], [ 54.015798, 26.749457 ], [ 53.995128, 26.745592 ], [ 53.929373, 26.718004 ], [ 53.883474, 26.712348 ], [ 53.842784, 26.702094 ], [ 53.820811, 26.701321 ], [ 53.776134, 26.71426 ], [ 53.75172, 26.716051 ], [ 53.728282, 26.704739 ], [ 53.716075, 26.708564 ], [ 53.663829, 26.749091 ], [ 53.588634, 26.788764 ], [ 53.491547, 26.854315 ], [ 53.477224, 26.870103 ], [ 53.471446, 26.889635 ], [ 53.469086, 26.937201 ], [ 53.461111, 26.957099 ], [ 53.444102, 26.975653 ], [ 53.41212, 26.993557 ], [ 53.072032, 27.096869 ], [ 53.050141, 27.098578 ], [ 53.028656, 27.104071 ], [ 53.01531, 27.117336 ], [ 53.004731, 27.133246 ], [ 52.992198, 27.146959 ], [ 52.932628, 27.160346 ], [ 52.92335, 27.170233 ], [ 52.914724, 27.191962 ], [ 52.894298, 27.20307 ], [ 52.848318, 27.215277 ], [ 52.767751, 27.279731 ], [ 52.732188, 27.301337 ], [ 52.678803, 27.322374 ], [ 52.601329, 27.352932 ], [ 52.58074, 27.37226 ], [ 52.579112, 27.392768 ], [ 52.588552, 27.405504 ], [ 52.605235, 27.412055 ], [ 52.62615, 27.413886 ], [ 52.644867, 27.413316 ], [ 52.666515, 27.415351 ], [ 52.678966, 27.425279 ], [ 52.670095, 27.448635 ], [ 52.654145, 27.460883 ], [ 52.613536, 27.474677 ], [ 52.598399, 27.485826 ], [ 52.590505, 27.497748 ], [ 52.574474, 27.530585 ], [ 52.567638, 27.540717 ], [ 52.492524, 27.609442 ], [ 52.459646, 27.632636 ], [ 52.423106, 27.646633 ], [ 52.244884, 27.681383 ], [ 52.207205, 27.698228 ], [ 52.089203, 27.795396 ], [ 52.052582, 27.817369 ], [ 52.011241, 27.832709 ], [ 51.963715, 27.838446 ], [ 51.894298, 27.830878 ], [ 51.878429, 27.835354 ], [ 51.85963, 27.845893 ], [ 51.823864, 27.843597 ], [ 51.785295, 27.835454 ], [ 51.722799, 27.825117 ], [ 51.683443, 27.830581 ], [ 51.596934, 27.846666 ], [ 51.585134, 27.849311 ], [ 51.580089, 27.85578 ], [ 51.578868, 27.865302 ], [ 51.575531, 27.872789 ], [ 51.570323, 27.877631 ], [ 51.539135, 27.881627 ], [ 51.496424, 27.893041 ], [ 51.475096, 27.91348 ], [ 51.452077, 27.947515 ], [ 51.428156, 27.961147 ], [ 51.420405, 27.933201 ], [ 51.399876, 27.931713 ], [ 51.380271, 27.991418 ], [ 51.36061, 28.016378 ], [ 51.345222, 28.052669 ], [ 51.30753, 28.107132 ], [ 51.290369, 28.121519 ], [ 51.269759, 28.140454 ], [ 51.264822, 28.160549 ], [ 51.286876, 28.214301 ], [ 51.28533, 28.240912 ], [ 51.264822, 28.270453 ], [ 51.229991, 28.298407 ], [ 51.217621, 28.311428 ], [ 51.182384, 28.359768 ], [ 51.149425, 28.39053 ], [ 51.141856, 28.400784 ], [ 51.08074, 28.533922 ], [ 51.07252, 28.565253 ], [ 51.071544, 28.692694 ], [ 51.058849, 28.735907 ], [ 51.036388, 28.772528 ], [ 51.010916, 28.79914 ], [ 50.978689, 28.816636 ], [ 50.936534, 28.825344 ], [ 50.896007, 28.827338 ], [ 50.87615, 28.832017 ], [ 50.867686, 28.842678 ], [ 50.860037, 28.862454 ], [ 50.812999, 28.9147 ], [ 50.804861, 28.93358 ], [ 50.798839, 28.961127 ], [ 50.802582, 28.985826 ], [ 50.823253, 28.996649 ], [ 50.842784, 28.990668 ], [ 50.862478, 28.976142 ], [ 50.878917, 28.957994 ], [ 50.888682, 28.941392 ], [ 50.899262, 28.949449 ], [ 50.89796, 28.956732 ], [ 50.893403, 28.965033 ], [ 50.894867, 28.976142 ], [ 50.902029, 28.983385 ], [ 50.922211, 28.999213 ], [ 50.928966, 29.00967 ], [ 50.932384, 29.03148 ], [ 50.929942, 29.054633 ], [ 50.920177, 29.069037 ], [ 50.901703, 29.064887 ], [ 50.893321, 29.093899 ], [ 50.886567, 29.104071 ], [ 50.87436, 29.113267 ], [ 50.868337, 29.112047 ], [ 50.859141, 29.107815 ], [ 50.850841, 29.105455 ], [ 50.847179, 29.109931 ], [ 50.845958, 29.126858 ], [ 50.844005, 29.135199 ], [ 50.840343, 29.140611 ], [ 50.816417, 29.144192 ], [ 50.738292, 29.140082 ], [ 50.720225, 29.137193 ], [ 50.693696, 29.12344 ], [ 50.665863, 29.12641 ], [ 50.643809, 29.143459 ], [ 50.634939, 29.171332 ], [ 50.633067, 29.195502 ], [ 50.635753, 29.207709 ], [ 50.644786, 29.219794 ], [ 50.651866, 29.233344 ], [ 50.658376, 29.249945 ], [ 50.667491, 29.25727 ], [ 50.682628, 29.243069 ], [ 50.687022, 29.283881 ], [ 50.689464, 29.290839 ], [ 50.679861, 29.293647 ], [ 50.673595, 29.299628 ], [ 50.661469, 29.318793 ], [ 50.66863, 29.343329 ], [ 50.668224, 29.38227 ], [ 50.663097, 29.421942 ], [ 50.655284, 29.449123 ], [ 50.6421, 29.469794 ], [ 50.622732, 29.493069 ], [ 50.607432, 29.499498 ], [ 50.606944, 29.469631 ], [ 50.601085, 29.480658 ], [ 50.572765, 29.518012 ], [ 50.52003, 29.555976 ], [ 50.511404, 29.568915 ], [ 50.504568, 29.586086 ], [ 50.48878, 29.605373 ], [ 50.456065, 29.634101 ], [ 50.396983, 29.654731 ], [ 50.387869, 29.665107 ], [ 50.381602, 29.685004 ], [ 50.367035, 29.704088 ], [ 50.340017, 29.730292 ], [ 50.313324, 29.763983 ], [ 50.267914, 29.836371 ], [ 50.243826, 29.866848 ], [ 50.225108, 29.881171 ], [ 50.183849, 29.903144 ], [ 50.144867, 29.938056 ], [ 50.141368, 29.942572 ], [ 50.138438, 29.954657 ], [ 50.137543, 29.972968 ], [ 50.133962, 29.983547 ], [ 50.149669, 29.985175 ], [ 50.153331, 29.991034 ], [ 50.147472, 29.998236 ], [ 50.133962, 30.004055 ], [ 50.144786, 30.037909 ], [ 50.121837, 30.09455 ], [ 50.127696, 30.120673 ], [ 50.113617, 30.130316 ], [ 50.097911, 30.148505 ], [ 50.084727, 30.168891 ], [ 50.079356, 30.185248 ], [ 50.073416, 30.195746 ], [ 50.058849, 30.204576 ], [ 50.050629, 30.207343 ], [ 50.024099, 30.216254 ], [ 49.988292, 30.219916 ], [ 49.95102, 30.215033 ], [ 49.914561, 30.203925 ], [ 49.600759, 30.030097 ], [ 49.564464, 30.016832 ], [ 49.532237, 30.022935 ], [ 49.50408, 30.058661 ], [ 49.501638, 30.074897 ], [ 49.501231, 30.120063 ], [ 49.493419, 30.137437 ], [ 49.486176, 30.146389 ], [ 49.483653, 30.151801 ], [ 49.479828, 30.156073 ], [ 49.469086, 30.161689 ], [ 49.459321, 30.165188 ], [ 49.44988, 30.167182 ], [ 49.428233, 30.168524 ], [ 49.417654, 30.167467 ], [ 49.396007, 30.162787 ], [ 49.383962, 30.161689 ], [ 49.372813, 30.163764 ], [ 49.358409, 30.173163 ], [ 49.349946, 30.175279 ], [ 49.329275, 30.172268 ], [ 49.29184, 30.158515 ], [ 49.271251, 30.154853 ], [ 49.245128, 30.15648 ], [ 49.235688, 30.165107 ], [ 49.237071, 30.206366 ], [ 49.23406, 30.209418 ], [ 49.220225, 30.217922 ], [ 49.215994, 30.223782 ], [ 49.215505, 30.229193 ], [ 49.215994, 30.244208 ], [ 49.21754, 30.251776 ], [ 49.22169, 30.258205 ], [ 49.221202, 30.264553 ], [ 49.209158, 30.27147 ], [ 49.20338, 30.254462 ], [ 49.192882, 30.237738 ], [ 49.178477, 30.225898 ], [ 49.161388, 30.223782 ], [ 49.143321, 30.233547 ], [ 49.134776, 30.246324 ], [ 49.124034, 30.256415 ], [ 49.1067, 30.257799 ], [ 49.083507, 30.264838 ], [ 49.017345, 30.298285 ], [ 49.003673, 30.309394 ], [ 48.997081, 30.34162 ], [ 48.979503, 30.361762 ], [ 48.953298, 30.373521 ], [ 48.921153, 30.380764 ], [ 48.931814, 30.397162 ], [ 48.948578, 30.401068 ], [ 48.989431, 30.395006 ], [ 49.010753, 30.395941 ], [ 49.043712, 30.405666 ], [ 49.062022, 30.408108 ], [ 49.082367, 30.403795 ], [ 49.123383, 30.385077 ], [ 49.137462, 30.380764 ], [ 49.159679, 30.378852 ], [ 49.176443, 30.372748 ], [ 49.189952, 30.362209 ], [ 49.202891, 30.346625 ], [ 49.208751, 30.360093 ], [ 49.227712, 30.389228 ], [ 49.257172, 30.421861 ], [ 49.262869, 30.432563 ], [ 49.263845, 30.449652 ], [ 49.243175, 30.446031 ], [ 49.228282, 30.454413 ], [ 49.219005, 30.469794 ], [ 49.211192, 30.506334 ], [ 49.199392, 30.501614 ], [ 49.183849, 30.487047 ], [ 49.168224, 30.476996 ], [ 49.169688, 30.489732 ], [ 49.171153, 30.493109 ], [ 49.175059, 30.497463 ], [ 49.166759, 30.508775 ], [ 49.158214, 30.506985 ], [ 49.14796, 30.500393 ], [ 49.134044, 30.497463 ], [ 49.128103, 30.501125 ], [ 49.116954, 30.514879 ], [ 49.110118, 30.517971 ], [ 49.10377, 30.516832 ], [ 49.094412, 30.512193 ], [ 49.089366, 30.511135 ], [ 49.069347, 30.513821 ], [ 49.05128, 30.518378 ], [ 49.034353, 30.519273 ], [ 49.017345, 30.511135 ], [ 48.981456, 30.515611 ], [ 48.952973, 30.50019 ], [ 48.945649, 30.479722 ], [ 48.972667, 30.469468 ], [ 49.004405, 30.464016 ], [ 49.02947, 30.450263 ], [ 49.037283, 30.432522 ], [ 49.017345, 30.414944 ], [ 49.000499, 30.415188 ], [ 48.946462, 30.421576 ], [ 48.934825, 30.418647 ], [ 48.880138, 30.374579 ], [ 48.87615, 30.370103 ], [ 48.867361, 30.3581 ], [ 48.862315, 30.345608 ], [ 48.873709, 30.336656 ], [ 48.86964, 30.329495 ], [ 48.863048, 30.321519 ], [ 48.85963, 30.31623 ], [ 48.867035, 30.294745 ], [ 48.884532, 30.279364 ], [ 48.904796, 30.266018 ], [ 48.921153, 30.250434 ], [ 48.929535, 30.232652 ], [ 48.936046, 30.21011 ], [ 48.941661, 30.165107 ], [ 48.939708, 30.152533 ], [ 48.930837, 30.131985 ], [ 48.927989, 30.120673 ], [ 48.928559, 30.110053 ], [ 48.934255, 30.09101 ], [ 48.934825, 30.079739 ], [ 48.928559, 30.060004 ], [ 48.915294, 30.042182 ], [ 48.897227, 30.029446 ], [ 48.87672, 30.024482 ], [ 48.808849, 30.03144 ], [ 48.791352, 30.024482 ], [ 48.771983, 30.032375 ], [ 48.701996, 30.031928 ], [ 48.659516, 30.052232 ], [ 48.643321, 30.055406 ], [ 48.640636, 30.038072 ], [ 48.645518, 30.026109 ], [ 48.658946, 30.00727 ], [ 48.661632, 29.993476 ], [ 48.658702, 29.983629 ], [ 48.651378, 29.975002 ], [ 48.642345, 29.967963 ], [ 48.6338, 29.963039 ], [ 48.61085, 29.957017 ], [ 48.537446, 29.963039 ], [ 48.537446, 29.969875 ], [ 48.532074, 29.963813 ], [ 48.531016, 29.96133 ], [ 48.523994, 29.964115 ], [ 48.49304, 29.971763 ], [ 48.478157, 29.979618 ], [ 48.464307, 29.989127 ], [ 48.457796, 29.994863 ], [ 48.453145, 30.001426 ], [ 48.444257, 30.020908 ], [ 48.44219, 30.03393 ], [ 48.423948, 30.083643 ], [ 48.421209, 30.085348 ], [ 48.415525, 30.095632 ], [ 48.395578, 30.115217 ], [ 48.383072, 30.13842 ], [ 48.381108, 30.145345 ], [ 48.383279, 30.156455 ], [ 48.391134, 30.164775 ], [ 48.400745, 30.172268 ], [ 48.408032, 30.180898 ], [ 48.410616, 30.191543 ], [ 48.408704, 30.202344 ], [ 48.403588, 30.212524 ], [ 48.397025, 30.220999 ], [ 48.358164, 30.251798 ], [ 48.326021, 30.283476 ], [ 48.305713, 30.312828 ], [ 48.296359, 30.319753 ], [ 48.284267, 30.323318 ], [ 48.271658, 30.323835 ], [ 48.235071, 30.318512 ], [ 48.222979, 30.318099 ], [ 48.211196, 30.319649 ], [ 48.200086, 30.323938 ], [ 48.192076, 30.331276 ], [ 48.187684, 30.340836 ], [ 48.179467, 30.384865 ], [ 48.170475, 30.406672 ], [ 48.15766, 30.426309 ], [ 48.140916, 30.441916 ], [ 48.130581, 30.447497 ], [ 48.119419, 30.450804 ], [ 48.013586, 30.463878 ], [ 48.012035, 30.494522 ], [ 48.015446, 30.97625 ], [ 48.012242, 30.989066 ], [ 48.001545, 30.994647 ], [ 48.0, 30.994647239782722 ], [ 48.0, 38.840197788349123 ], [ 48.012966, 38.821559 ] ] ], [ [ [ 54.533214, 26.306789 ], [ 54.53891, 26.30272 ], [ 54.543712, 26.297349 ], [ 54.547374, 26.290432 ], [ 54.526378, 26.251939 ], [ 54.521007, 26.250963 ], [ 54.509288, 26.254218 ], [ 54.497569, 26.259711 ], [ 54.492198, 26.26557 ], [ 54.490896, 26.278713 ], [ 54.488536, 26.288723 ], [ 54.488129, 26.298041 ], [ 54.492198, 26.309638 ], [ 54.498383, 26.317369 ], [ 54.506847, 26.321234 ], [ 54.516449, 26.319403 ], [ 54.526378, 26.309638 ], [ 54.533214, 26.306789 ] ] ], [ [ [ 53.963064, 26.492174 ], [ 53.955414, 26.49258 ], [ 53.923106, 26.506537 ], [ 53.902843, 26.5362 ], [ 53.912852, 26.550198 ], [ 53.927582, 26.560126 ], [ 53.945486, 26.56509 ], [ 53.964854, 26.564114 ], [ 53.9817, 26.558905 ], [ 54.018809, 26.555569 ], [ 54.033051, 26.550442 ], [ 54.034923, 26.546129 ], [ 54.035818, 26.544013 ], [ 54.035818, 26.543891 ], [ 54.035411, 26.534857 ], [ 54.035574, 26.533718 ], [ 54.036469, 26.52676 ], [ 54.036632, 26.526679 ], [ 54.043712, 26.523179 ], [ 54.047944, 26.519761 ], [ 54.050466, 26.517768 ], [ 54.051362, 26.51203 ], [ 54.052419, 26.505805 ], [ 54.050141, 26.499823 ], [ 54.048025, 26.493842 ], [ 54.036876, 26.48843 ], [ 53.963064, 26.492174 ] ] ], [ [ [ 53.299083, 26.790717 ], [ 53.279796, 26.790676 ], [ 53.22283, 26.799547 ], [ 53.205251, 26.80622 ], [ 53.203136, 26.80744 ], [ 53.189789, 26.815172 ], [ 53.158458, 26.838568 ], [ 53.149425, 26.847886 ], [ 53.153331, 26.8522 ], [ 53.160492, 26.853705 ], [ 53.168468, 26.85635 ], [ 53.178071, 26.856879 ], [ 53.262462, 26.833645 ], [ 53.337413, 26.828681 ], [ 53.360688, 26.820502 ], [ 53.37379, 26.809801 ], [ 53.382009, 26.803127 ], [ 53.367524, 26.799628 ], [ 53.329112, 26.802558 ], [ 53.317149, 26.799994 ], [ 53.299083, 26.790717 ] ] ], [ [ [ 56.326834, 26.86107 ], [ 56.341156, 26.87934 ], [ 56.366547, 26.889797 ], [ 56.404145, 26.893052 ], [ 56.40919, 26.86225 ], [ 56.379161, 26.83869 ], [ 56.340994, 26.827623 ], [ 56.322276, 26.834418 ], [ 56.326834, 26.86107 ] ] ], [ [ [ 56.232107, 26.998765 ], [ 56.25766, 26.988715 ], [ 56.273611, 26.977769 ], [ 56.27947, 26.973822 ], [ 56.287446, 26.955146 ], [ 56.271332, 26.946967 ], [ 56.255219, 26.938788 ], [ 56.193533, 26.924547 ], [ 56.171397, 26.906806 ], [ 56.148692, 26.862006 ], [ 56.137218, 26.844672 ], [ 56.095876, 26.806871 ], [ 56.089366, 26.793524 ], [ 56.080821, 26.785346 ], [ 56.042817, 26.768134 ], [ 56.03419, 26.759019 ], [ 56.025645, 26.754096 ], [ 55.97641, 26.711575 ], [ 55.947032, 26.696275 ], [ 55.924001, 26.705024 ], [ 55.902192, 26.72484 ], [ 55.876638, 26.742906 ], [ 55.809825, 26.712063 ], [ 55.79127, 26.697903 ], [ 55.772716, 26.688381 ], [ 55.751313, 26.688544 ], [ 55.705821, 26.694525 ], [ 55.685557, 26.690497 ], [ 55.664236, 26.681545 ], [ 55.610362, 26.646918 ], [ 55.554454, 26.625637 ], [ 55.520518, 26.603258 ], [ 55.50294, 26.594875 ], [ 55.441173, 26.588609 ], [ 55.397309, 26.577826 ], [ 55.378754, 26.567288 ], [ 55.369558, 26.564114 ], [ 55.369477, 26.564114 ], [ 55.366547, 26.564602 ], [ 55.361095, 26.565619 ], [ 55.349783, 26.568996 ], [ 55.33961, 26.568996 ], [ 55.335297, 26.560452 ], [ 55.33074, 26.553616 ], [ 55.319835, 26.548285 ], [ 55.307628, 26.544908 ], [ 55.298432, 26.543647 ], [ 55.29835, 26.543647 ], [ 55.294119, 26.546291 ], [ 55.290538, 26.548489 ], [ 55.285411, 26.559963 ], [ 55.28061, 26.584662 ], [ 55.287364, 26.602281 ], [ 55.289236, 26.613593 ], [ 55.284028, 26.618801 ], [ 55.273774, 26.649807 ], [ 55.284679, 26.660224 ], [ 55.331879, 26.645331 ], [ 55.342784, 26.649807 ], [ 55.348969, 26.64822 ], [ 55.351899, 26.647447 ], [ 55.35198, 26.647488 ], [ 55.404796, 26.674018 ], [ 55.538422, 26.712958 ], [ 55.557872, 26.714993 ], [ 55.570486, 26.719387 ], [ 55.574067, 26.720649 ], [ 55.574229, 26.720689 ], [ 55.620453, 26.74608 ], [ 55.640391, 26.760565 ], [ 55.705821, 26.783271 ], [ 55.716075, 26.783922 ], [ 55.736827, 26.782416 ], [ 55.746837, 26.783271 ], [ 55.754161, 26.786078 ], [ 55.764496, 26.793891 ], [ 55.774181, 26.796942 ], [ 55.771169, 26.803656 ], [ 55.766775, 26.810533 ], [ 55.782074, 26.826158 ], [ 55.785655, 26.844957 ], [ 55.781016, 26.889635 ], [ 55.773204, 26.906724 ], [ 55.756114, 26.921332 ], [ 55.739431, 26.932929 ], [ 55.732595, 26.940904 ], [ 55.757986, 26.954047 ], [ 55.897716, 26.906806 ], [ 55.935557, 26.914781 ], [ 56.041026, 26.975653 ], [ 56.173188, 27.002346 ], [ 56.212413, 27.002997 ], [ 56.232107, 26.998765 ] ] ], [ [ [ 56.483572, 27.099758 ], [ 56.495128, 27.095771 ], [ 56.504649, 27.088935 ], [ 56.505138, 27.086982 ], [ 56.508474, 27.074368 ], [ 56.504731, 27.061672 ], [ 56.495291, 27.052314 ], [ 56.488129, 27.04914 ], [ 56.481781, 27.046332 ], [ 56.466156, 27.043931 ], [ 56.434581, 27.054836 ], [ 56.43686, 27.080024 ], [ 56.455414, 27.102769 ], [ 56.472992, 27.106024 ], [ 56.483572, 27.099758 ] ] ], [ [ [ 50.323841, 29.264177 ], [ 50.334651, 29.258661 ], [ 50.330111, 29.241368 ], [ 50.333018, 29.224026 ], [ 50.326427, 29.20893 ], [ 50.316531, 29.207572 ], [ 50.30663, 29.215446 ], [ 50.296748, 29.237473 ], [ 50.290466, 29.257138 ], [ 50.283267, 29.268939 ], [ 50.295001, 29.275218 ], [ 50.305817, 29.271275 ], [ 50.323841, 29.264177 ] ] ], [ [ [ 54.551606, 25.917711 ], [ 54.553233, 25.899848 ], [ 54.543224, 25.893052 ], [ 54.529633, 25.895982 ], [ 54.513682, 25.902655 ], [ 54.509776, 25.913764 ], [ 54.522797, 25.920111 ], [ 54.54656, 25.9265 ], [ 54.551606, 25.917711 ] ] ], [ [ [ 55.902029, 26.66885 ], [ 55.903982, 26.64525 ], [ 55.889659, 26.623765 ], [ 55.869314, 26.613023 ], [ 55.853201, 26.621039 ], [ 55.855479, 26.64411 ], [ 55.868337, 26.666449 ], [ 55.884532, 26.67768 ], [ 55.894298, 26.679429 ], [ 55.902029, 26.66885 ] ] ], [ [ [ 53.651215, 26.683824 ], [ 53.65919, 26.66885 ], [ 53.646251, 26.657172 ], [ 53.628673, 26.659329 ], [ 53.611176, 26.667304 ], [ 53.601248, 26.679592 ], [ 53.609223, 26.690497 ], [ 53.629161, 26.691107 ], [ 53.639415, 26.688788 ], [ 53.651215, 26.683824 ] ] ], [ [ [ 55.049897, 25.876085 ], [ 55.054373, 25.86461 ], [ 55.046479, 25.858385 ], [ 55.038259, 25.857733 ], [ 55.032644, 25.854641 ], [ 55.023041, 25.86286 ], [ 55.018403, 25.859605 ], [ 55.018972, 25.865749 ], [ 55.015636, 25.871853 ], [ 55.012055, 25.881619 ], [ 55.026459, 25.888739 ], [ 55.043712, 25.89289 ], [ 55.048676, 25.885769 ], [ 55.049897, 25.876085 ] ] ] ] } },
{ "type": "Feature", "properties": { "ADMIN": "Sri Lanka", "SOVEREIGNT": "Sri Lanka", "TYPE": "Sovereign country", "NAME": "Sri Lanka", "ISO_A3": "LKA" }, "geometry": { "type": "MultiPolygon", "coordinates": [ [ [ [ 79.696788, 8.098293 ], [ 79.696788, 8.130316 ], [ 79.700857, 8.128485 ], [ 79.701101, 8.128201 ], [ 79.701427, 8.127916 ], [ 79.701427, 8.126899 ], [ 79.703624, 8.123481 ], [ 79.707205, 8.142076 ], [ 79.701915, 8.201158 ], [ 79.696788, 8.219062 ], [ 79.713227, 8.229804 ], [ 79.72877, 8.249701 ], [ 79.740001, 8.272366 ], [ 79.744477, 8.291409 ], [ 79.749034, 8.30386 ], [ 79.778575, 8.350043 ], [ 79.77825, 8.34927 ], [ 79.763357, 8.314399 ], [ 79.744477, 8.281155 ], [ 79.748627, 8.273057 ], [ 79.749685, 8.271064 ], [ 79.757091, 8.263739 ], [ 79.766775, 8.259914 ], [ 79.778575, 8.259996 ], [ 79.768891, 8.232815 ], [ 79.7588, 8.212877 ], [ 79.754405, 8.209418 ], [ 79.749766, 8.20893 ], [ 79.746104, 8.206122 ], [ 79.744477, 8.195502 ], [ 79.745372, 8.171861 ], [ 79.744477, 8.164496 ], [ 79.72755, 8.110907 ], [ 79.728201, 8.100979 ], [ 79.729503, 8.081122 ], [ 79.747, 8.060492 ], [ 79.751964, 8.054633 ], [ 79.731944, 8.013129 ], [ 79.750161843801649, 8.0 ], [ 79.718709347541505, 8.0 ], [ 79.696788, 8.098293 ] ] ], [ [ [ 79.833832, 8.003079 ], [ 79.829356, 8.020901 ], [ 79.821788, 8.034857 ], [ 79.818858, 8.040188 ], [ 79.815278, 8.044582 ], [ 79.806407, 8.05565 ], [ 79.796397, 8.061998 ], [ 79.793468, 8.072821 ], [ 79.827159, 8.136542 ], [ 79.825857, 8.148098 ], [ 79.821544, 8.156643 ], [ 79.81658, 8.163804 ], [ 79.813487, 8.171291 ], [ 79.812673, 8.183336 ], [ 79.813813, 8.204088 ], [ 79.813487, 8.212633 ], [ 79.813487, 8.212877 ], [ 79.812918, 8.214504 ], [ 79.810232, 8.221625 ], [ 79.808604, 8.22309 ], [ 79.806651, 8.224921 ], [ 79.804698, 8.22899 ], [ 79.806651, 8.24018 ], [ 79.811371, 8.249661 ], [ 79.824474, 8.266669 ], [ 79.827159, 8.277737 ], [ 79.829275, 8.298651 ], [ 79.838634, 8.340522 ], [ 79.848155, 8.438178 ], [ 79.854259, 8.449286 ], [ 79.86085, 8.454779 ], [ 79.865896, 8.461412 ], [ 79.868012, 8.47602 ], [ 79.868012, 8.517646 ], [ 79.87379, 8.538072 ], [ 79.88738, 8.551215 ], [ 79.903494, 8.562079 ], [ 79.916515, 8.575995 ], [ 79.918142, 8.580919 ], [ 79.928071, 8.611518 ], [ 79.929454, 8.61282 ], [ 79.930186, 8.613511 ], [ 79.932384, 8.622463 ], [ 79.941661, 8.642483 ], [ 79.950531, 8.739814 ], [ 79.926443, 8.801907 ], [ 79.928396, 8.81269 ], [ 79.930186, 8.88349 ], [ 79.930186, 8.884467 ], [ 79.927745, 8.908108 ], [ 79.924815, 8.919745 ], [ 79.919607, 8.928534 ], [ 79.915538, 8.938544 ], [ 79.924815, 8.943508 ], [ 79.938243, 8.94599 ], [ 79.947113, 8.948676 ], [ 80.005138, 9.000556 ], [ 80.035411, 9.015326 ], [ 80.048025, 9.026272 ], [ 80.054698, 9.050605 ], [ 80.066661, 9.075629 ], [ 80.073497, 9.110419 ], [ 80.105642, 9.192857 ], [ 80.106781, 9.197414 ], [ 80.109793, 9.209459 ], [ 80.115977, 9.233832 ], [ 80.115977, 9.291938 ], [ 80.118175, 9.300442 ], [ 80.116222, 9.306179 ], [ 80.104503, 9.308417 ], [ 80.076915, 9.322659 ], [ 80.066173, 9.332587 ], [ 80.059418, 9.351386 ], [ 80.058279, 9.354804 ], [ 80.053477, 9.378241 ], [ 80.052989, 9.391547 ], [ 80.064952, 9.404039 ], [ 80.087087, 9.414984 ], [ 80.111664, 9.422756 ], [ 80.131847, 9.425727 ], [ 80.14088, 9.430325 ], [ 80.162852, 9.459215 ], [ 80.165375, 9.461086 ], [ 80.1692, 9.464016 ], [ 80.176524, 9.468329 ], [ 80.185557, 9.471666 ], [ 80.197032, 9.473456 ], [ 80.187511, 9.490871 ], [ 80.181814, 9.498521 ], [ 80.176036, 9.506171 ], [ 80.161306, 9.520575 ], [ 80.141856, 9.53498 ], [ 80.067882, 9.57803 ], [ 80.052989, 9.596381 ], [ 80.085216, 9.595364 ], [ 80.115733, 9.583238 ], [ 80.175955, 9.54857 ], [ 80.233409, 9.534247 ], [ 80.248546, 9.524644 ], [ 80.272227, 9.504136 ], [ 80.278087, 9.493313 ], [ 80.26588, 9.487128 ], [ 80.268565, 9.480292 ], [ 80.272146, 9.473456 ], [ 80.26588, 9.466702 ], [ 80.265961, 9.466661 ], [ 80.286876, 9.452704 ], [ 80.336274, 9.464667 ], [ 80.426606, 9.50019 ], [ 80.450938, 9.49787 ], [ 80.504242, 9.483303 ], [ 80.567149, 9.455227 ], [ 80.614594, 9.446194 ], [ 80.614757, 9.446194 ], [ 80.546723, 9.492418 ], [ 80.523285, 9.50316 ], [ 80.502452, 9.507636 ], [ 80.49936, 9.50906 ], [ 80.496349, 9.510484 ], [ 80.478282, 9.524075 ], [ 80.471446, 9.528062 ], [ 80.46461, 9.52912 ], [ 80.456391, 9.528713 ], [ 80.444021, 9.528062 ], [ 80.436209, 9.525092 ], [ 80.435069, 9.523383 ], [ 80.432872, 9.519761 ], [ 80.428966, 9.517768 ], [ 80.415701, 9.527493 ], [ 80.410411, 9.528388 ], [ 80.37794, 9.527533 ], [ 80.368663, 9.530219 ], [ 80.297537, 9.591254 ], [ 80.267019, 9.610826 ], [ 80.266938, 9.610826 ], [ 80.256033, 9.615587 ], [ 80.2046, 9.637885 ], [ 80.186046, 9.648505 ], [ 80.173595, 9.648668 ], [ 80.175955, 9.624335 ], [ 80.182872, 9.617174 ], [ 80.193614, 9.609076 ], [ 80.199962, 9.599189 ], [ 80.193614, 9.586412 ], [ 80.186046, 9.584133 ], [ 80.178722, 9.588039 ], [ 80.172048, 9.593573 ], [ 80.152843, 9.603461 ], [ 80.115489, 9.635728 ], [ 80.094005, 9.644843 ], [ 80.094086, 9.644761 ], [ 80.104991, 9.63288 ], [ 80.124685, 9.616034 ], [ 80.13559, 9.603827 ], [ 80.111339, 9.608466 ], [ 80.087413, 9.618354 ], [ 80.039317, 9.644843 ], [ 80.000987, 9.674709 ], [ 79.978201, 9.682685 ], [ 79.975922, 9.684068 ], [ 79.967296, 9.689602 ], [ 79.959239, 9.692816 ], [ 79.958018, 9.685736 ], [ 79.947032, 9.693183 ], [ 79.942882, 9.702826 ], [ 79.940929, 9.714342 ], [ 79.937022, 9.727362 ], [ 79.930431, 9.738471 ], [ 79.926524, 9.743516 ], [ 79.91627, 9.756781 ], [ 79.909679, 9.768297 ], [ 79.931326, 9.779039 ], [ 79.970714, 9.815131 ], [ 79.988455, 9.822943 ], [ 79.988536, 9.822943 ], [ 80.066661, 9.816107 ], [ 80.107432, 9.820624 ], [ 80.122325, 9.818915 ], [ 80.128184, 9.805569 ], [ 80.127208, 9.784613 ], [ 80.130138, 9.77733 ], [ 80.138682, 9.774563 ], [ 80.146983, 9.773383 ], [ 80.170909, 9.767279 ], [ 80.175955, 9.764594 ], [ 80.180431, 9.755805 ], [ 80.191173, 9.756171 ], [ 80.199636, 9.758734 ], [ 80.202891, 9.759711 ], [ 80.207774, 9.760403 ], [ 80.211192, 9.760891 ], [ 80.211274, 9.76085 ], [ 80.219005, 9.756374 ], [ 80.222341, 9.754462 ], [ 80.250336, 9.72427 ], [ 80.338552, 9.629218 ], [ 80.36964, 9.609849 ], [ 80.441742, 9.57689 ], [ 80.444021, 9.575914 ], [ 80.444021, 9.583319 ], [ 80.407725, 9.601508 ], [ 80.319835, 9.672756 ], [ 80.247813, 9.755072 ], [ 80.211192, 9.774522 ], [ 80.153819, 9.787991 ], [ 80.138682, 9.798733 ], [ 80.136729, 9.81391 ], [ 80.157725, 9.822943 ], [ 80.164561, 9.824083 ], [ 80.185395, 9.827541 ], [ 80.226817, 9.829576 ], [ 80.246755, 9.825873 ], [ 80.26059, 9.81623 ], [ 80.269786, 9.783515 ], [ 80.278982, 9.769843 ], [ 80.409923, 9.617499 ], [ 80.42921, 9.603461 ], [ 80.468272, 9.581366 ], [ 80.744395, 9.359687 ], [ 80.745453, 9.357896 ], [ 80.752452, 9.346259 ], [ 80.763682, 9.332424 ], [ 80.785167, 9.312405 ], [ 80.798839, 9.294867 ], [ 80.786713, 9.28856 ], [ 80.786632, 9.28852 ], [ 80.779796, 9.291571 ], [ 80.778982, 9.291938 ], [ 80.778819, 9.291978 ], [ 80.768321, 9.305406 ], [ 80.762543, 9.308336 ], [ 80.762462, 9.308417 ], [ 80.744395, 9.311347 ], [ 80.736501, 9.308987 ], [ 80.740408, 9.301011 ], [ 80.74171, 9.298489 ], [ 80.79363, 9.250556 ], [ 80.813894, 9.239529 ], [ 80.813975, 9.239488 ], [ 80.805919, 9.251899 ], [ 80.801036, 9.263251 ], [ 80.803559, 9.271633 ], [ 80.817393, 9.274848 ], [ 80.823904, 9.270494 ], [ 80.834483, 9.239488 ], [ 80.844168, 9.220404 ], [ 80.882172, 9.145168 ], [ 80.874522, 9.147976 ], [ 80.853363, 9.155748 ], [ 80.840099, 9.155992 ], [ 80.834483, 9.14175 ], [ 80.842296, 9.138129 ], [ 80.858572, 9.135484 ], [ 80.873057, 9.126451 ], [ 80.87322, 9.12523 ], [ 80.875336, 9.103583 ], [ 80.875499, 9.103583 ], [ 80.882172, 9.103583 ], [ 80.885509, 9.10932 ], [ 80.88852, 9.111802 ], [ 80.891938, 9.11343 ], [ 80.896495, 9.116604 ], [ 80.896495, 9.116523 ], [ 80.901622, 9.096666 ], [ 80.902192, 9.094184 ], [ 80.916352, 9.062161 ], [ 80.935313, 9.033433 ], [ 80.9546, 9.020982 ], [ 80.956065, 9.019802 ], [ 80.958344, 9.01789 ], [ 80.958263, 9.010891 ], [ 80.953624, 9.003852 ], [ 80.944347, 9.000556 ], [ 80.941661, 9.003485 ], [ 80.930675, 9.020982 ], [ 80.918712, 9.027248 ], [ 80.891287, 9.034247 ], [ 80.875336, 9.04149 ], [ 80.88266, 9.031399 ], [ 80.886729, 9.025784 ], [ 80.922862, 8.992255 ], [ 80.923188, 8.973212 ], [ 80.935069, 8.964911 ], [ 80.934988, 8.96483 ], [ 80.924327, 8.955024 ], [ 80.914887, 8.943915 ], [ 80.914968, 8.943874 ], [ 80.930675, 8.931627 ], [ 80.947602, 8.932929 ], [ 80.961436, 8.945746 ], [ 80.97169, 8.963568 ], [ 80.978363, 8.980048 ], [ 80.978526, 8.979967 ], [ 81.014659, 8.936713 ], [ 81.046723, 8.882148 ], [ 81.059825, 8.868638 ], [ 81.078136, 8.863349 ], [ 81.092784, 8.85163 ], [ 81.114268, 8.799994 ], [ 81.119721, 8.794338 ], [ 81.125499, 8.788275 ], [ 81.12558, 8.788235 ], [ 81.150157, 8.777167 ], [ 81.162446, 8.751166 ], [ 81.176524, 8.698879 ], [ 81.179047, 8.708482 ], [ 81.182302, 8.712226 ], [ 81.187755, 8.711005 ], [ 81.187836, 8.710964 ], [ 81.19752, 8.705715 ], [ 81.194591, 8.696112 ], [ 81.222423, 8.666002 ], [ 81.2317, 8.651068 ], [ 81.231619, 8.633043 ], [ 81.224294, 8.6258 ], [ 81.213878, 8.621039 ], [ 81.204356, 8.610093 ], [ 81.204519, 8.610175 ], [ 81.211762, 8.612006 ], [ 81.219249, 8.613918 ], [ 81.221121, 8.614936 ], [ 81.224864, 8.616929 ], [ 81.224946, 8.616848 ], [ 81.246593, 8.570136 ], [ 81.249766, 8.545803 ], [ 81.224946, 8.541815 ], [ 81.224864, 8.541815 ], [ 81.229991, 8.557929 ], [ 81.223318, 8.570868 ], [ 81.21225, 8.572699 ], [ 81.204356, 8.555487 ], [ 81.207042, 8.542141 ], [ 81.214122, 8.53266 ], [ 81.218028, 8.522528 ], [ 81.210623, 8.507066 ], [ 81.204763, 8.511542 ], [ 81.193858, 8.519965 ], [ 81.176524, 8.530585 ], [ 81.159028, 8.534573 ], [ 81.142345, 8.527574 ], [ 81.129405, 8.510321 ], [ 81.133962, 8.501288 ], [ 81.149425, 8.503648 ], [ 81.170258, 8.520697 ], [ 81.184581, 8.505601 ], [ 81.19752, 8.487494 ], [ 81.213145, 8.472398 ], [ 81.235118, 8.466132 ], [ 81.281098, 8.467027 ], [ 81.296641, 8.476793 ], [ 81.286388, 8.50023 ], [ 81.312673, 8.512152 ], [ 81.32309, 8.515326 ], [ 81.334158, 8.514553 ], [ 81.334239, 8.514472 ], [ 81.346365, 8.507554 ], [ 81.357432, 8.495836 ], [ 81.365733, 8.482164 ], [ 81.372813, 8.442125 ], [ 81.388438, 8.390611 ], [ 81.388927, 8.377183 ], [ 81.389415, 8.363715 ], [ 81.37672, 8.372545 ], [ 81.363455, 8.399075 ], [ 81.351817, 8.40469 ], [ 81.35141, 8.397447 ], [ 81.356212, 8.364976 ], [ 81.356619, 8.362494 ], [ 81.362071, 8.350043 ], [ 81.368744, 8.34691 ], [ 81.374848, 8.344062 ], [ 81.375011, 8.344062 ], [ 81.38852, 8.344062 ], [ 81.399262, 8.33926 ], [ 81.40561, 8.301011 ], [ 81.413259, 8.274482 ], [ 81.414561, 8.270087 ], [ 81.416677, 8.253852 ], [ 81.416677, 8.25377 ], [ 81.41977, 8.243394 ], [ 81.440603, 8.173529 ], [ 81.448497, 8.127997 ], [ 81.430349, 8.103135 ], [ 81.430349, 8.103013 ], [ 81.420258, 8.144232 ], [ 81.418793, 8.150051 ], [ 81.403575, 8.191799 ], [ 81.396251, 8.191799 ], [ 81.39503, 8.160102 ], [ 81.396251, 8.150133 ], [ 81.395518, 8.150458 ], [ 81.394786, 8.14761 ], [ 81.394786, 8.147528 ], [ 81.394786, 8.142564 ], [ 81.396251, 8.136542 ], [ 81.399587, 8.132636 ], [ 81.408051, 8.130072 ], [ 81.408132, 8.130032 ], [ 81.409841, 8.126899 ], [ 81.417979, 8.105943 ], [ 81.435557, 8.093166 ], [ 81.435639, 8.093166 ], [ 81.452403, 8.09455 ], [ 81.458263, 8.116034 ], [ 81.464366, 8.116034 ], [ 81.470714, 8.10456 ], [ 81.472423, 8.101467 ], [ 81.480642, 8.065375 ], [ 81.489024, 8.0515 ], [ 81.500173, 8.039374 ], [ 81.507335, 8.027574 ], [ 81.519413698962424, 8.0 ], [ 79.829444318096733, 8.0 ], [ 79.833832, 8.003079 ] ] ], [ [ [ 81.524587, 8.004218 ], [ 81.531016, 8.009019 ], [ 81.533946, 8.013617 ], [ 81.538341, 8.004299 ], [ 81.534534774174048, 8.0 ], [ 81.520369863813229, 8.0 ], [ 81.524587, 8.004218 ] ] ], [ [ [ 79.702973, 9.079983 ], [ 79.698009, 9.089586 ], [ 79.701182, 9.099189 ], [ 79.714122, 9.103583 ], [ 79.7588, 9.103583 ], [ 79.778575, 9.098538 ], [ 79.799001, 9.093329 ], [ 79.841645, 9.077216 ], [ 79.882335, 9.053778 ], [ 79.916515, 9.020982 ], [ 79.916433, 9.021023 ], [ 79.900076, 9.0244 ], [ 79.871267, 9.03856 ], [ 79.85434, 9.04149 ], [ 79.8803, 9.012193 ], [ 79.900727, 8.989081 ], [ 79.909679, 8.973212 ], [ 79.885753, 8.976223 ], [ 79.870128, 8.988186 ], [ 79.859386, 9.001207 ], [ 79.851329, 9.007392 ], [ 79.840994, 9.0126 ], [ 79.799815, 9.048977 ], [ 79.779389, 9.05801 ], [ 79.758962, 9.067043 ], [ 79.743988, 9.071072 ], [ 79.736013, 9.073228 ], [ 79.714122, 9.075629 ], [ 79.702973, 9.079983 ] ] ], [ [ [ 79.72283, 9.492621 ], [ 79.714692, 9.485053 ], [ 79.689464, 9.483588 ], [ 79.666026, 9.491278 ], [ 79.655772, 9.503892 ], [ 79.655772, 9.544867 ], [ 79.658702, 9.555365 ], [ 79.665294, 9.554023 ], [ 79.67213, 9.5456 ], [ 79.67628, 9.53498 ], [ 79.693533, 9.529608 ], [ 79.714122, 9.528062 ], [ 79.719249, 9.524359 ], [ 79.730805, 9.50019 ], [ 79.72283, 9.492621 ] ] ], [ [ [ 79.880382, 9.628607 ], [ 79.864919, 9.651516 ], [ 79.840668, 9.699408 ], [ 79.851736, 9.716539 ], [ 79.854259, 9.738471 ], [ 79.860525, 9.756252 ], [ 79.882335, 9.760891 ], [ 79.893891, 9.757432 ], [ 79.894054, 9.757392 ], [ 79.89503, 9.748969 ], [ 79.891124, 9.737209 ], [ 79.888438, 9.723619 ], [ 79.888845, 9.709906 ], [ 79.89031, 9.698961 ], [ 79.890391, 9.69831 ], [ 79.891287, 9.696112 ], [ 79.894705, 9.688178 ], [ 79.899262, 9.68301 ], [ 79.902843, 9.678941 ], [ 79.907074, 9.677883 ], [ 79.926443, 9.678941 ], [ 79.929698, 9.675971 ], [ 79.931163, 9.660956 ], [ 79.933604, 9.654731 ], [ 79.944998, 9.64761 ], [ 79.96046, 9.641059 ], [ 79.973399, 9.633775 ], [ 79.974457, 9.631496 ], [ 79.977875, 9.624335 ], [ 79.970958, 9.617255 ], [ 79.957774, 9.617174 ], [ 79.943614, 9.621527 ], [ 79.933604, 9.627753 ], [ 79.926524, 9.629462 ], [ 79.908539, 9.618964 ], [ 79.895925, 9.617499 ], [ 79.895844, 9.617499 ], [ 79.880382, 9.628607 ] ] ] ] } },
{ "type": "Feature", "properties": { "ADMIN": "India", "SOVEREIGNT": "India", "TYPE": "Sovereign country", "NAME": "India", "ISO_A3": "IND" }, "geometry": { "type": "MultiPolygon", "coordinates": [ [ [ [ 77.815332, 35.47334 ], [ 77.834246, 35.452152 ], [ 77.857087, 35.436598 ], [ 77.883132, 35.431068 ], [ 77.912691, 35.44099 ], [ 77.957856, 35.482073 ], [ 77.985865, 35.494165 ], [ 78.044259, 35.491633 ], [ 78.055628, 35.452876 ], [ 78.038058, 35.398099 ], [ 78.009843, 35.347456 ], [ 78.001161, 35.268908 ], [ 78.036404, 35.194235 ], [ 78.130042, 35.055432 ], [ 78.13924, 35.018949 ], [ 78.148129, 34.94314 ], [ 78.162185, 34.908826 ], [ 78.202492, 34.865728 ], [ 78.211381, 34.848262 ], [ 78.273186, 34.658867 ], [ 78.296027, 34.624658 ], [ 78.335301, 34.594375 ], [ 78.379432, 34.578666 ], [ 78.607325, 34.546471 ], [ 78.664583, 34.526421 ], [ 78.750676, 34.471282 ], [ 78.801732, 34.415006 ], [ 78.839249, 34.396894 ], [ 78.885861, 34.385758 ], [ 78.922138, 34.372296 ], [ 78.95118, 34.349171 ], [ 78.95694, 34.339961 ], [ 78.976192, 34.309173 ], [ 78.98539, 34.286358 ], [ 78.988491, 34.263129 ], [ 78.985494, 34.239901 ], [ 78.976192, 34.217163 ], [ 78.903225, 34.158123 ], [ 78.806073, 34.122983 ], [ 78.730109, 34.079265 ], [ 78.721117, 33.994386 ], [ 78.770313, 33.872352 ], [ 78.787263, 33.808428 ], [ 78.794084, 33.74391 ], [ 78.781372, 33.552785 ], [ 78.800905, 33.494236 ], [ 78.824263, 33.461059 ], [ 78.915948, 33.387656 ], [ 78.917694, 33.386258 ], [ 78.964986, 33.344254 ], [ 78.993449, 33.330782 ], [ 79.023041, 33.31798 ], [ 79.053278, 33.307873 ], [ 79.075048, 33.295743 ], [ 79.098028, 33.287655 ], [ 79.125038, 33.290203 ], [ 79.150213, 33.292555 ], [ 79.260061, 33.291776 ], [ 79.340307, 33.275132 ], [ 79.420084, 33.275169 ], [ 79.456096, 33.250399 ], [ 79.423475, 33.157825 ], [ 79.37317, 33.11214 ], [ 79.381063, 33.061768 ], [ 79.399273, 33.026878 ], [ 79.339787, 33.013257 ], [ 79.333586, 32.994292 ], [ 79.378462, 32.978881 ], [ 79.414089, 32.972053 ], [ 79.471089, 32.908959 ], [ 79.564093, 32.793928 ], [ 79.613913, 32.765035 ], [ 79.620673, 32.728725 ], [ 79.57617, 32.670646 ], [ 79.531201, 32.648317 ], [ 79.515741, 32.60812 ], [ 79.472113, 32.565472 ], [ 79.443497, 32.534773 ], [ 79.40682, 32.529683 ], [ 79.379477, 32.57645 ], [ 79.320466, 32.592267 ], [ 79.287412, 32.532579 ], [ 79.235608, 32.504296 ], [ 79.215247, 32.507914 ], [ 79.191166, 32.50427 ], [ 79.1614, 32.496467 ], [ 79.132875, 32.48546 ], [ 79.112928, 32.472386 ], [ 79.102902, 32.449855 ], [ 79.09174, 32.390556 ], [ 79.075307, 32.37079 ], [ 79.066316, 32.370067 ], [ 79.039651, 32.375984 ], [ 79.028178, 32.377095 ], [ 79.014742, 32.373994 ], [ 78.989834, 32.364098 ], [ 78.976192, 32.361618 ], [ 78.943429, 32.346373 ], [ 78.911286, 32.354745 ], [ 78.881521, 32.376268 ], [ 78.855682, 32.400452 ], [ 78.77145, 32.461663 ], [ 78.754707, 32.493806 ], [ 78.73693, 32.545792 ], [ 78.734966, 32.560649 ], [ 78.740651, 32.578684 ], [ 78.749126, 32.595867 ], [ 78.750986, 32.612791 ], [ 78.736827, 32.629844 ], [ 78.713262, 32.637518 ], [ 78.694452, 32.629663 ], [ 78.664893, 32.599019 ], [ 78.647736, 32.585971 ], [ 78.630166, 32.578013 ], [ 78.589859, 32.569925 ], [ 78.447542, 32.566256 ], [ 78.408165, 32.558376 ], [ 78.384807, 32.547549 ], [ 78.380983, 32.528041 ], [ 78.409198, 32.476623 ], [ 78.448782, 32.426782 ], [ 78.452193, 32.416782 ], [ 78.448162, 32.410658 ], [ 78.441444, 32.404948 ], [ 78.43638, 32.396163 ], [ 78.434519, 32.383761 ], [ 78.435966, 32.377973 ], [ 78.43886, 32.373296 ], [ 78.462735, 32.281803 ], [ 78.461391, 32.260151 ], [ 78.456327, 32.242116 ], [ 78.457981, 32.229662 ], [ 78.468541, 32.226668 ], [ 78.469017, 32.226533 ], [ 78.476481, 32.224417 ], [ 78.513068, 32.20757 ], [ 78.534978, 32.181344 ], [ 78.551825, 32.15039 ], [ 78.649287, 32.036444 ], [ 78.678329, 32.016755 ], [ 78.722151, 31.994586 ], [ 78.733829, 31.984664 ], [ 78.744578, 31.9642 ], [ 78.741994, 31.945338 ], [ 78.720187, 31.902912 ], [ 78.714192, 31.883016 ], [ 78.706648, 31.840797 ], [ 78.700343, 31.821676 ], [ 78.674091, 31.78695 ], [ 78.670887, 31.770517 ], [ 78.695589, 31.746694 ], [ 78.695175, 31.737961 ], [ 78.692592, 31.7284 ], [ 78.693212, 31.71853 ], [ 78.698069, 31.711037 ], [ 78.710472, 31.69817 ], [ 78.71843, 31.6806 ], [ 78.724011, 31.673313 ], [ 78.731349, 31.668042 ], [ 78.739824, 31.666027 ], [ 78.758117, 31.666595 ], [ 78.795324, 31.633781 ], [ 78.818889, 31.607374 ], [ 78.814031, 31.595023 ], [ 78.796978, 31.578849 ], [ 78.699516, 31.510016 ], [ 78.695382, 31.488105 ], [ 78.733003, 31.467744 ], [ 78.762561, 31.44511 ], [ 78.760081, 31.412037 ], [ 78.745508, 31.373538 ], [ 78.73848, 31.334988 ], [ 78.740857, 31.317728 ], [ 78.745095, 31.308116 ], [ 78.753156, 31.301966 ], [ 78.784472, 31.288272 ], [ 78.796048, 31.288117 ], [ 78.821989, 31.293698 ], [ 78.848654, 31.290908 ], [ 78.861987, 31.291476 ], [ 78.886972, 31.284171 ], [ 78.921008, 31.269685 ], [ 78.940282, 31.301576 ], [ 78.959552, 31.325117 ], [ 78.988801, 31.343256 ], [ 79.015529, 31.383397 ], [ 79.049937, 31.422953 ], [ 79.07021, 31.461381 ], [ 79.07799, 31.461664 ], [ 79.131397, 31.438433 ], [ 79.157693, 31.414926 ], [ 79.179218, 31.393796 ], [ 79.192442, 31.369789 ], [ 79.207628, 31.351373 ], [ 79.238319, 31.329656 ], [ 79.239239, 31.311724 ], [ 79.25411, 31.299006 ], [ 79.262024, 31.278513 ], [ 79.24843, 31.256704 ], [ 79.25286, 31.245437 ], [ 79.278316, 31.240044 ], [ 79.288321, 31.225474 ], [ 79.298078, 31.203242 ], [ 79.303209, 31.183104 ], [ 79.302162, 31.16345 ], [ 79.319417, 31.14228 ], [ 79.367048, 31.111559 ], [ 79.372343, 31.094072 ], [ 79.382593, 31.078335 ], [ 79.388363, 31.069474 ], [ 79.394978, 31.036711 ], [ 79.401592, 31.023637 ], [ 79.414408, 31.020382 ], [ 79.430738, 31.023172 ], [ 79.446344, 31.023792 ], [ 79.46164, 31.021105 ], [ 79.47642, 31.014025 ], [ 79.480761, 31.010046 ], [ 79.484275, 31.005447 ], [ 79.486858, 31.000228 ], [ 79.488202, 30.994492 ], [ 79.497607, 30.981211 ], [ 79.512697, 30.966173 ], [ 79.529646, 30.953564 ], [ 79.544219, 30.947414 ], [ 79.565923, 30.942454 ], [ 79.577809, 30.938371 ], [ 79.589488, 30.940231 ], [ 79.630312, 30.962504 ], [ 79.648192, 30.96576 ], [ 79.6885, 30.967413 ], [ 79.739039, 30.979247 ], [ 79.76064, 30.977232 ], [ 79.833504, 30.961522 ], [ 79.85035, 30.954494 ], [ 79.862856, 30.941523 ], [ 79.880426, 30.912843 ], [ 79.903164, 30.890209 ], [ 79.914635, 30.883819 ], [ 79.91937, 30.881182 ], [ 79.934893, 30.872535 ], [ 80.005586, 30.847266 ], [ 80.028634, 30.830781 ], [ 80.044447, 30.8067 ], [ 80.062534, 30.784789 ], [ 80.092196, 30.774505 ], [ 80.109249, 30.778122 ], [ 80.140669, 30.793212 ], [ 80.157102, 30.79316 ], [ 80.169297, 30.785254 ], [ 80.196066, 30.748098 ], [ 80.224591, 30.734094 ], [ 80.231412, 30.724947 ], [ 80.207021, 30.686138 ], [ 80.19989, 30.680712 ], [ 80.191725, 30.679679 ], [ 80.18201, 30.680041 ], [ 80.172915, 30.679162 ], [ 80.16661, 30.674408 ], [ 80.16692, 30.661902 ], [ 80.177255, 30.649862 ], [ 80.190588, 30.637976 ], [ 80.19989, 30.625884 ], [ 80.2033, 30.60635 ], [ 80.197823, 30.591364 ], [ 80.188418, 30.576998 ], [ 80.179839, 30.559479 ], [ 80.21622, 30.566818 ], [ 80.252806, 30.565009 ], [ 80.325877, 30.546509 ], [ 80.424992, 30.497829 ], [ 80.475429, 30.480466 ], [ 80.508295, 30.462328 ], [ 80.525141, 30.458607 ], [ 80.545088, 30.461036 ], [ 80.559971, 30.465118 ], [ 80.575267, 30.466255 ], [ 80.596351, 30.459796 ], [ 80.694743, 30.411737 ], [ 80.723062, 30.392048 ], [ 80.735361, 30.378199 ], [ 80.754998, 30.345797 ], [ 80.767194, 30.331431 ], [ 80.781663, 30.320993 ], [ 80.866981, 30.288488 ], [ 80.943772, 30.270143 ], [ 80.976018, 30.255209 ], [ 80.996275, 30.22689 ], [ 81.003303, 30.212731 ], [ 80.996017, 30.196969 ], [ 80.988162, 30.196556 ], [ 80.920827, 30.17666 ], [ 80.903309, 30.180433 ], [ 80.893647, 30.198104 ], [ 80.883879, 30.210405 ], [ 80.883684, 30.21028 ], [ 80.867911, 30.200173 ], [ 80.850393, 30.181931 ], [ 80.83644, 30.170046 ], [ 80.849669, 30.143381 ], [ 80.829825, 30.117129 ], [ 80.769674, 30.077287 ], [ 80.755721, 30.064574 ], [ 80.725749, 30.022768 ], [ 80.715827, 30.013311 ], [ 80.680171, 29.992072 ], [ 80.654126, 29.970575 ], [ 80.641413, 29.963444 ], [ 80.622293, 29.958173 ], [ 80.586223, 29.954142 ], [ 80.57134, 29.946855 ], [ 80.562865, 29.929699 ], [ 80.549533, 29.89368 ], [ 80.527312, 29.862416 ], [ 80.476152, 29.80614 ], [ 80.454861, 29.790586 ], [ 80.395227, 29.776582 ], [ 80.368975, 29.757926 ], [ 80.354299, 29.730279 ], [ 80.354402, 29.70488 ], [ 80.363911, 29.679714 ], [ 80.377553, 29.652946 ], [ 80.386752, 29.626823 ], [ 80.385201, 29.604835 ], [ 80.373316, 29.58419 ], [ 80.350785, 29.562073 ], [ 80.345101, 29.558352 ], [ 80.332698, 29.552461 ], [ 80.327221, 29.548585 ], [ 80.323603, 29.54166 ], [ 80.32505, 29.535511 ], [ 80.327634, 29.52993 ], [ 80.327221, 29.52484 ], [ 80.320089, 29.515822 ], [ 80.311511, 29.508122 ], [ 80.29146, 29.494738 ], [ 80.29115, 29.494609 ], [ 80.282055, 29.4843 ], [ 80.273064, 29.478667 ], [ 80.266242, 29.47213 ], [ 80.263452, 29.459237 ], [ 80.257457, 29.450064 ], [ 80.228312, 29.441718 ], [ 80.217666, 29.434639 ], [ 80.213739, 29.416888 ], [ 80.220974, 29.400119 ], [ 80.242161, 29.367408 ], [ 80.249499, 29.326997 ], [ 80.254977, 29.316635 ], [ 80.263555, 29.315318 ], [ 80.272754, 29.315705 ], [ 80.280092, 29.31015 ], [ 80.282779, 29.291314 ], [ 80.278748, 29.268085 ], [ 80.258181, 29.202456 ], [ 80.248672, 29.204394 ], [ 80.236063, 29.213076 ], [ 80.218803, 29.211086 ], [ 80.213739, 29.196565 ], [ 80.230482, 29.154733 ], [ 80.233066, 29.139308 ], [ 80.220664, 29.126079 ], [ 80.20144, 29.121169 ], [ 80.180563, 29.121324 ], [ 80.16351, 29.123366 ], [ 80.132607, 29.110214 ], [ 80.113073, 29.072206 ], [ 80.104702, 29.027609 ], [ 80.107906, 28.994769 ], [ 80.107906, 28.994588 ], [ 80.099431, 28.977276 ], [ 80.085168, 28.967484 ], [ 80.068425, 28.959939 ], [ 80.052922, 28.949113 ], [ 80.04052, 28.932809 ], [ 80.033905, 28.915936 ], [ 80.031115, 28.897798 ], [ 80.030288, 28.87767 ], [ 80.036386, 28.837026 ], [ 80.054782, 28.824185 ], [ 80.073054, 28.820925 ], [ 80.081861, 28.819353 ], [ 80.11421, 28.802584 ], [ 80.147593, 28.76331 ], [ 80.162063, 28.753285 ], [ 80.181183, 28.74729 ], [ 80.216426, 28.741942 ], [ 80.233273, 28.732718 ], [ 80.238957, 28.726258 ], [ 80.249396, 28.710213 ], [ 80.257044, 28.702745 ], [ 80.265209, 28.699283 ], [ 80.283399, 28.695356 ], [ 80.291047, 28.689671 ], [ 80.318332, 28.640113 ], [ 80.329701, 28.627479 ], [ 80.349751, 28.620218 ], [ 80.369078, 28.622647 ], [ 80.388302, 28.627246 ], [ 80.408352, 28.626342 ], [ 80.426543, 28.616807 ], [ 80.468814, 28.571849 ], [ 80.488451, 28.562444 ], [ 80.493412, 28.575647 ], [ 80.484937, 28.639287 ], [ 80.487624, 28.656469 ], [ 80.497546, 28.670137 ], [ 80.517596, 28.680033 ], [ 80.534444, 28.679555 ], [ 80.555837, 28.678948 ], [ 80.559041, 28.673031 ], [ 80.557387, 28.66435 ], [ 80.556871, 28.655022 ], [ 80.563589, 28.647038 ], [ 80.581365, 28.638951 ], [ 80.598522, 28.633783 ], [ 80.635625, 28.627866 ], [ 80.648338, 28.619753 ], [ 80.668182, 28.586344 ], [ 80.67862, 28.574717 ], [ 80.695777, 28.567508 ], [ 80.727093, 28.559679 ], [ 80.743526, 28.549964 ], [ 80.781663, 28.514746 ], [ 80.798406, 28.505703 ], [ 80.81701, 28.502551 ], [ 80.857989, 28.502447 ], [ 80.872252, 28.496866 ], [ 80.880365, 28.48188 ], [ 80.881864, 28.466842 ], [ 80.88667, 28.452786 ], [ 80.905273, 28.440849 ], [ 80.921344, 28.436198 ], [ 80.941188, 28.432684 ], [ 80.960515, 28.432271 ], [ 80.976018, 28.436922 ], [ 80.9878, 28.430979 ], [ 80.991314, 28.420256 ], [ 80.993175, 28.407828 ], [ 81.000409, 28.397002 ], [ 81.047066, 28.389088 ], [ 81.146344, 28.372249 ], [ 81.169701, 28.361319 ], [ 81.190372, 28.338116 ], [ 81.210732, 28.278637 ], [ 81.224323, 28.250783 ], [ 81.282356, 28.191588 ], [ 81.295947, 28.167455 ], [ 81.280754, 28.161977 ], [ 81.276775, 28.153787 ], [ 81.283079, 28.146087 ], [ 81.299409, 28.142521 ], [ 81.296205, 28.12831 ], [ 81.307057, 28.123814 ], [ 81.323697, 28.126243 ], [ 81.338115, 28.132728 ], [ 81.347262, 28.144433 ], [ 81.351447, 28.15681 ], [ 81.357907, 28.165982 ], [ 81.373203, 28.167843 ], [ 81.396044, 28.160634 ], [ 81.417335, 28.147017 ], [ 81.435267, 28.129783 ], [ 81.448237, 28.111412 ], [ 81.45294, 28.097046 ], [ 81.454025, 28.086607 ], [ 81.458211, 28.07728 ], [ 81.473455, 28.066402 ], [ 81.561925, 28.025991 ], [ 81.582183, 28.013278 ], [ 81.595102, 27.994881 ], [ 81.59536, 27.994778 ], [ 81.615049, 27.981239 ], [ 81.665433, 27.9708 ], [ 81.688946, 27.963204 ], [ 81.710392, 27.94752 ], [ 81.750131, 27.909667 ], [ 81.800154, 27.884087 ], [ 81.827852, 27.865639 ], [ 81.855654, 27.850937 ], [ 81.883198, 27.849051 ], [ 81.906091, 27.863107 ], [ 81.946398, 27.905352 ], [ 81.975905, 27.916953 ], [ 82.02722, 27.912406 ], [ 82.050212, 27.905586 ], [ 82.051611, 27.905171 ], [ 82.071662, 27.89003 ], [ 82.090369, 27.872331 ], [ 82.107422, 27.863572 ], [ 82.151037, 27.848275 ], [ 82.270409, 27.760477 ], [ 82.347924, 27.726009 ], [ 82.401926, 27.677175 ], [ 82.440683, 27.666426 ], [ 82.526156, 27.675211 ], [ 82.652143, 27.70415 ], [ 82.673891, 27.696458 ], [ 82.679687, 27.694409 ], [ 82.69705, 27.669397 ], [ 82.709246, 27.630924 ], [ 82.718857, 27.556123 ], [ 82.72971, 27.518166 ], [ 82.752137, 27.494964 ], [ 82.876264, 27.487548 ], [ 82.901275, 27.480365 ], [ 82.947164, 27.457317 ], [ 83.010468, 27.443391 ], [ 83.132786, 27.444217 ], [ 83.169631, 27.431195 ], [ 83.21924, 27.393781 ], [ 83.231591, 27.381224 ], [ 83.243115, 27.362155 ], [ 83.249419, 27.348099 ], [ 83.259496, 27.338126 ], [ 83.282441, 27.330943 ], [ 83.304868, 27.331925 ], [ 83.32435, 27.341691 ], [ 83.341145, 27.356936 ], [ 83.362746, 27.385616 ], [ 83.369567, 27.398174 ], [ 83.370962, 27.410214 ], [ 83.355821, 27.428663 ], [ 83.353857, 27.44029 ], [ 83.355925, 27.452486 ], [ 83.360989, 27.462201 ], [ 83.387034, 27.470469 ], [ 83.480981, 27.469746 ], [ 83.590432, 27.45662 ], [ 83.663399, 27.43228 ], [ 83.801995, 27.365928 ], [ 83.847988, 27.351045 ], [ 83.85334, 27.346194 ], [ 83.854602, 27.34505 ], [ 83.861733, 27.354507 ], [ 83.867521, 27.358383 ], [ 83.877391, 27.361742 ], [ 83.87765, 27.369907 ], [ 83.873671, 27.380087 ], [ 83.87119, 27.38944 ], [ 83.842717, 27.418069 ], [ 83.834087, 27.434037 ], [ 83.853517, 27.440962 ], [ 83.899871, 27.443856 ], [ 83.922043, 27.449696 ], [ 83.923022, 27.449954 ], [ 83.935941, 27.446078 ], [ 83.975835, 27.439722 ], [ 84.007668, 27.440807 ], [ 84.028907, 27.453726 ], [ 84.079601, 27.509536 ], [ 84.099548, 27.516874 ], [ 84.11717, 27.513283 ], [ 84.121563, 27.494964 ], [ 84.130968, 27.486411 ], [ 84.141716, 27.480753 ], [ 84.165746, 27.472174 ], [ 84.175099, 27.462976 ], [ 84.185848, 27.438636 ], [ 84.195253, 27.436053 ], [ 84.225536, 27.440393 ], [ 84.239023, 27.431143 ], [ 84.248893, 27.412436 ], [ 84.267703, 27.388562 ], [ 84.289408, 27.376108 ], [ 84.577039, 27.329031 ], [ 84.606546, 27.310479 ], [ 84.631919, 27.277044 ], [ 84.648197, 27.240716 ], [ 84.657654, 27.203405 ], [ 84.659824, 27.165113 ], [ 84.654398, 27.125374 ], [ 84.644528, 27.103721 ], [ 84.630369, 27.080829 ], [ 84.62148, 27.057988 ], [ 84.627268, 27.03649 ], [ 84.640239, 27.028377 ], [ 84.760697, 26.999025 ], [ 84.771962, 26.99918 ], [ 84.785501, 27.008482 ], [ 84.801934, 27.013753 ], [ 84.817489, 27.0106 ], [ 84.828134, 26.994943 ], [ 84.828289, 26.994839 ], [ 84.851751, 26.982127 ], [ 84.901567, 26.967192 ], [ 84.924046, 26.955668 ], [ 84.938567, 26.9366 ], [ 84.944251, 26.915723 ], [ 84.952726, 26.897636 ], [ 84.975774, 26.886887 ], [ 84.988176, 26.883787 ], [ 85.000837, 26.882236 ], [ 85.018045, 26.874433 ], [ 85.016857, 26.85924 ], [ 85.018562, 26.845804 ], [ 85.043987, 26.843737 ], [ 85.100211, 26.863529 ], [ 85.122845, 26.8657 ], [ 85.162016, 26.851024 ], [ 85.16553, 26.820793 ], [ 85.165685, 26.786273 ], [ 85.194934, 26.758885 ], [ 85.28728, 26.736974 ], [ 85.302369, 26.737336 ], [ 85.337044, 26.746792 ], [ 85.353219, 26.757593 ], [ 85.355352, 26.759912 ], [ 85.369238, 26.775008 ], [ 85.385878, 26.788444 ], [ 85.40319, 26.787617 ], [ 85.421535, 26.782656 ], [ 85.439622, 26.78772 ], [ 85.475692, 26.805238 ], [ 85.519462, 26.826426 ], [ 85.598578, 26.854383 ], [ 85.609379, 26.851024 ], [ 85.687772, 26.811853 ], [ 85.701828, 26.796608 ], [ 85.709631, 26.76245 ], [ 85.702241, 26.68845 ], [ 85.712887, 26.653206 ], [ 85.727046, 26.6376 ], [ 85.780996, 26.599204 ], [ 85.789988, 26.597034 ], [ 85.800065, 26.600703 ], [ 85.809728, 26.603028 ], [ 85.817635, 26.596724 ], [ 85.819547, 26.588301 ], [ 85.819753, 26.579516 ], [ 85.821614, 26.571713 ], [ 85.828538, 26.566131 ], [ 85.844765, 26.568509 ], [ 85.866366, 26.579929 ], [ 85.934682, 26.632897 ], [ 85.952148, 26.642044 ], [ 85.975713, 26.64437 ], [ 86.01137, 26.654447 ], [ 86.041704, 26.645455 ], [ 86.110692, 26.606749 ], [ 86.115859, 26.602563 ], [ 86.122061, 26.60029 ], [ 86.144798, 26.60153 ], [ 86.146355, 26.601356 ], [ 86.152653, 26.600651 ], [ 86.167794, 26.596621 ], [ 86.17446, 26.593313 ], [ 86.179266, 26.588611 ], [ 86.185364, 26.584425 ], [ 86.195855, 26.582668 ], [ 86.202883, 26.58458 ], [ 86.225155, 26.597396 ], [ 86.263086, 26.609075 ], [ 86.284428, 26.61202 ], [ 86.301378, 26.609023 ], [ 86.308613, 26.60215 ], [ 86.309026, 26.587991 ], [ 86.316002, 26.580963 ], [ 86.323185, 26.580084 ], [ 86.344838, 26.582616 ], [ 86.353674, 26.582616 ], [ 86.383647, 26.572849 ], [ 86.444832, 26.543084 ], [ 86.475476, 26.531973 ], [ 86.494906, 26.527839 ], [ 86.510616, 26.520139 ], [ 86.52431, 26.509081 ], [ 86.537746, 26.49487 ], [ 86.537953, 26.49487 ], [ 86.5579, 26.484018 ], [ 86.625337, 26.456319 ], [ 86.695204, 26.418234 ], [ 86.713601, 26.414565 ], [ 86.724091, 26.421954 ], [ 86.730706, 26.433788 ], [ 86.738199, 26.44371 ], [ 86.751893, 26.445519 ], [ 86.78724, 26.433065 ], [ 86.796438, 26.431514 ], [ 86.821863, 26.438129 ], [ 86.846357, 26.45265 ], [ 86.865684, 26.472442 ], [ 86.875968, 26.494921 ], [ 86.907129, 26.51151 ], [ 86.935153, 26.520289 ], [ 86.972448, 26.531973 ], [ 86.985212, 26.540655 ], [ 87.015443, 26.568974 ], [ 87.029912, 26.579774 ], [ 87.041333, 26.580187 ], [ 87.044433, 26.561171 ], [ 87.045002, 26.544272 ], [ 87.056474, 26.494921 ], [ 87.056681, 26.49487 ], [ 87.066706, 26.465621 ], [ 87.083294, 26.432083 ], [ 87.10629, 26.404746 ], [ 87.135022, 26.394204 ], [ 87.188455, 26.399578 ], [ 87.2191, 26.408105 ], [ 87.229435, 26.398752 ], [ 87.236308, 26.3833 ], [ 87.2453, 26.370226 ], [ 87.258425, 26.36294 ], [ 87.30049, 26.34599 ], [ 87.314029, 26.343768 ], [ 87.326225, 26.353328 ], [ 87.344932, 26.389346 ], [ 87.356404, 26.403712 ], [ 87.384206, 26.418647 ], [ 87.416452, 26.426967 ], [ 87.449628, 26.428621 ], [ 87.480324, 26.423401 ], [ 87.552051, 26.386711 ], [ 87.586984, 26.378029 ], [ 87.623984, 26.392912 ], [ 87.648745, 26.409993 ], [ 87.659641, 26.41751 ], [ 87.68119, 26.424228 ], [ 87.697572, 26.41627 ], [ 87.710904, 26.405676 ], [ 87.727544, 26.403764 ], [ 87.74222, 26.410482 ], [ 87.749455, 26.425727 ], [ 87.756173, 26.446914 ], [ 87.768988, 26.451461 ], [ 87.785938, 26.445984 ], [ 87.804439, 26.437354 ], [ 87.821595, 26.437509 ], [ 87.852084, 26.46066 ], [ 87.869809, 26.464639 ], [ 87.870688, 26.460712 ], [ 87.894769, 26.442935 ], [ 87.897301, 26.443452 ], [ 87.902004, 26.435287 ], [ 87.908515, 26.41782 ], [ 87.914768, 26.40826 ], [ 87.928979, 26.396426 ], [ 87.961225, 26.378959 ], [ 87.975488, 26.366557 ], [ 88.006648, 26.369864 ], [ 88.044321, 26.405676 ], [ 88.074189, 26.453942 ], [ 88.082251, 26.49487 ], [ 88.07915, 26.507375 ], [ 88.079822, 26.517556 ], [ 88.087136, 26.5391 ], [ 88.101681, 26.581944 ], [ 88.14664, 26.661216 ], [ 88.163383, 26.705141 ], [ 88.167517, 26.725037 ], [ 88.169067, 26.744002 ], [ 88.167827, 26.762915 ], [ 88.159042, 26.802551 ], [ 88.155321, 26.845598 ], [ 88.151394, 26.862806 ], [ 88.142816, 26.878412 ], [ 88.12044, 26.90885 ], [ 88.11181, 26.924301 ], [ 88.096824, 26.959337 ], [ 88.076877, 26.99179 ], [ 88.055948, 27.018042 ], [ 88.042822, 27.028946 ], [ 88.027371, 27.035353 ], [ 88.009491, 27.045637 ], [ 87.9913, 27.081501 ], [ 87.975488, 27.095143 ], [ 87.970733, 27.10274 ], [ 87.969183, 27.110801 ], [ 87.970837, 27.119224 ], [ 87.985461, 27.14837 ], [ 87.989337, 27.218391 ], [ 88.004663, 27.249163 ], [ 88.029024, 27.298076 ], [ 88.035122, 27.322571 ], [ 88.032538, 27.333888 ], [ 88.020136, 27.35337 ], [ 88.015795, 27.364222 ], [ 88.014762, 27.378072 ], [ 88.017242, 27.389234 ], [ 88.02582, 27.412075 ], [ 88.029593, 27.418741 ], [ 88.034812, 27.423805 ], [ 88.039308, 27.42949 ], [ 88.041633, 27.438068 ], [ 88.039773, 27.442357 ], [ 88.030781, 27.450729 ], [ 88.028094, 27.455121 ], [ 88.02334, 27.474655 ], [ 88.0221, 27.484241 ], [ 88.02334, 27.494912 ], [ 88.048765, 27.545348 ], [ 88.11088, 27.639503 ], [ 88.134858, 27.723167 ], [ 88.149327, 27.748772 ], [ 88.159662, 27.77412 ], [ 88.154598, 27.815151 ], [ 88.166587, 27.833599 ], [ 88.164623, 27.845356 ], [ 88.156407, 27.851273 ], [ 88.143023, 27.855717 ], [ 88.118218, 27.860885 ], [ 88.104885, 27.879721 ], [ 88.097496, 27.904008 ], [ 88.099924, 27.928322 ], [ 88.115737, 27.947262 ], [ 88.126693, 27.95044 ], [ 88.151187, 27.94721 ], [ 88.16297, 27.9469 ], [ 88.174855, 27.949768 ], [ 88.197851, 27.958295 ], [ 88.37877, 27.982634 ], [ 88.399751, 27.994726 ], [ 88.399854, 27.994726 ], [ 88.399906, 27.994881 ], [ 88.455768, 28.03152 ], [ 88.475405, 28.036248 ], [ 88.50207, 28.028885 ], [ 88.51716, 28.039582 ], [ 88.530802, 28.059012 ], [ 88.552817, 28.078055 ], [ 88.594003, 28.106606 ], [ 88.610488, 28.105831 ], [ 88.631675, 28.083352 ], [ 88.652035, 28.069399 ], [ 88.71012, 28.061983 ], [ 88.735648, 28.055265 ], [ 88.780141, 28.028342 ], [ 88.802931, 28.011005 ], [ 88.817503, 27.994881 ], [ 88.81771, 27.994881 ], [ 88.81771, 27.994726 ], [ 88.819674, 27.977337 ], [ 88.809752, 27.944497 ], [ 88.810682, 27.927857 ], [ 88.818899, 27.915196 ], [ 88.842773, 27.892407 ], [ 88.851558, 27.877163 ], [ 88.855072, 27.859179 ], [ 88.853884, 27.843676 ], [ 88.805669, 27.655109 ], [ 88.783087, 27.622036 ], [ 88.767377, 27.586198 ], [ 88.748154, 27.560128 ], [ 88.741022, 27.54571 ], [ 88.741642, 27.53168 ], [ 88.757559, 27.511448 ], [ 88.757197, 27.494964 ], [ 88.754355, 27.464216 ], [ 88.759781, 27.435071 ], [ 88.773578, 27.408509 ], [ 88.795386, 27.385926 ], [ 88.808202, 27.378382 ], [ 88.819829, 27.373627 ], [ 88.830836, 27.367323 ], [ 88.852023, 27.342363 ], [ 88.864632, 27.33239 ], [ 88.892331, 27.315543 ], [ 88.884631, 27.286346 ], [ 88.876116, 27.280486 ], [ 88.861428, 27.270378 ], [ 88.801174, 27.256425 ], [ 88.775852, 27.240871 ], [ 88.754355, 27.212604 ], [ 88.738438, 27.179789 ], [ 88.730067, 27.150954 ], [ 88.733082, 27.148972 ], [ 88.742572, 27.142737 ], [ 88.805256, 27.113023 ], [ 88.827632, 27.097882 ], [ 88.840809, 27.075248 ], [ 88.845615, 27.049565 ], [ 88.845615, 26.994943 ], [ 88.845615, 26.994839 ], [ 88.851713, 26.945437 ], [ 88.867113, 26.964247 ], [ 88.88644, 26.978975 ], [ 88.906645, 26.981093 ], [ 88.924474, 26.961663 ], [ 88.926954, 26.949416 ], [ 88.925404, 26.939029 ], [ 88.9253, 26.929365 ], [ 88.932328, 26.919237 ], [ 88.942767, 26.913707 ], [ 88.954549, 26.912622 ], [ 88.965815, 26.915464 ], [ 88.975323, 26.921717 ], [ 88.996614, 26.922751 ], [ 89.021574, 26.912674 ], [ 89.04488, 26.897119 ], [ 89.060693, 26.881461 ], [ 89.074335, 26.856398 ], [ 89.082448, 26.836037 ], [ 89.096504, 26.821413 ], [ 89.128079, 26.813455 ], [ 89.184613, 26.810561 ], [ 89.212828, 26.813041 ], [ 89.240837, 26.819759 ], [ 89.252619, 26.826787 ], [ 89.262954, 26.836348 ], [ 89.273599, 26.843892 ], [ 89.286364, 26.844978 ], [ 89.300161, 26.844409 ], [ 89.341657, 26.854331 ], [ 89.368895, 26.837359 ], [ 89.407338, 26.813403 ], [ 89.442891, 26.797022 ], [ 89.50542, 26.803688 ], [ 89.546503, 26.797539 ], [ 89.586087, 26.784051 ], [ 89.611357, 26.765964 ], [ 89.613475, 26.748549 ], [ 89.597507, 26.720954 ], [ 89.609806, 26.712221 ], [ 89.628307, 26.712531 ], [ 89.66324, 26.725502 ], [ 89.685151, 26.724571 ], [ 89.738739, 26.703281 ], [ 89.75467, 26.700989 ], [ 89.760288, 26.70018 ], [ 89.800079, 26.70049 ], [ 89.804058, 26.699767 ], [ 89.81367, 26.696149 ], [ 89.817287, 26.696201 ], [ 89.822093, 26.701007 ], [ 89.825245, 26.707673 ], [ 89.826796, 26.713513 ], [ 89.826744, 26.715683 ], [ 89.827261, 26.717905 ], [ 89.827674, 26.722453 ], [ 89.829741, 26.72762 ], [ 89.834961, 26.731548 ], [ 89.839043, 26.731238 ], [ 89.847001, 26.72483 ], [ 89.850774, 26.723176 ], [ 89.858701, 26.722057 ], [ 89.85992, 26.721884 ], [ 89.880281, 26.716252 ], [ 89.890409, 26.714856 ], [ 89.912113, 26.716717 ], [ 89.975262, 26.731858 ], [ 90.089157, 26.741728 ], [ 90.127191, 26.751392 ], [ 90.152202, 26.771752 ], [ 90.17742, 26.832058 ], [ 90.210907, 26.851489 ], [ 90.229148, 26.852884 ], [ 90.265994, 26.851592 ], [ 90.284442, 26.85707 ], [ 90.300875, 26.868284 ], [ 90.314208, 26.880376 ], [ 90.328574, 26.890659 ], [ 90.348831, 26.896654 ], [ 90.382627, 26.891796 ], [ 90.475232, 26.83242 ], [ 90.587783, 26.780072 ], [ 90.717077, 26.767049 ], [ 90.944493, 26.77887 ], [ 91.007395, 26.782139 ], [ 91.012781, 26.784348 ], [ 91.062069, 26.804567 ], [ 91.091938, 26.804773 ], [ 91.127078, 26.800898 ], [ 91.198185, 26.802344 ], [ 91.232498, 26.795161 ], [ 91.261954, 26.779038 ], [ 91.27601, 26.774077 ], [ 91.296577, 26.774594 ], [ 91.313217, 26.778677 ], [ 91.330063, 26.785498 ], [ 91.345566, 26.794696 ], [ 91.358382, 26.806169 ], [ 91.370061, 26.824669 ], [ 91.378122, 26.842807 ], [ 91.388457, 26.858465 ], [ 91.406338, 26.869524 ], [ 91.420187, 26.871539 ], [ 91.460598, 26.869369 ], [ 91.475067, 26.865545 ], [ 91.484472, 26.852729 ], [ 91.507417, 26.808029 ], [ 91.520646, 26.79759 ], [ 91.539353, 26.79883 ], [ 91.57563, 26.810148 ], [ 91.593716, 26.810768 ], [ 91.637951, 26.798985 ], [ 91.653764, 26.797952 ], [ 91.702133, 26.803481 ], [ 91.731589, 26.816194 ], [ 91.795254, 26.853504 ], [ 91.825123, 26.858465 ], [ 91.843934, 26.84937 ], [ 91.849515, 26.834746 ], [ 91.852408, 26.818519 ], [ 91.863054, 26.804773 ], [ 91.87866, 26.803016 ], [ 91.886928, 26.814437 ], [ 91.885895, 26.83087 ], [ 91.874009, 26.844306 ], [ 91.895507, 26.853504 ], [ 91.895507, 26.868284 ], [ 91.89313, 26.881358 ], [ 91.908219, 26.885182 ], [ 91.925686, 26.878671 ], [ 91.957415, 26.854279 ], [ 91.975088, 26.846631 ], [ 92.0, 26.84999935884947 ], [ 92.0, 25.182460626739175 ], [ 91.975088, 25.175364 ], [ 91.956278, 25.169783 ], [ 91.900571, 25.177586 ], [ 91.793704, 25.165338 ], [ 91.745335, 25.169369 ], [ 91.730142, 25.167457 ], [ 91.723734, 25.161928 ], [ 91.71774, 25.149836 ], [ 91.710712, 25.144668 ], [ 91.701823, 25.147148 ], [ 91.688904, 25.152988 ], [ 91.677432, 25.152626 ], [ 91.672264, 25.136503 ], [ 91.662033, 25.127201 ], [ 91.638675, 25.124049 ], [ 91.613147, 25.125134 ], [ 91.596197, 25.128907 ], [ 91.580177, 25.140895 ], [ 91.573459, 25.152264 ], [ 91.566121, 25.159964 ], [ 91.548758, 25.161101 ], [ 91.540179, 25.157639 ], [ 91.523436, 25.145185 ], [ 91.511654, 25.142497 ], [ 91.500905, 25.141154 ], [ 91.480752, 25.135263 ], [ 91.471036, 25.133919 ], [ 91.431866, 25.13795 ], [ 91.283968, 25.178981 ], [ 91.235702, 25.201925 ], [ 91.224953, 25.201615 ], [ 91.203146, 25.191332 ], [ 91.190847, 25.189471 ], [ 91.135346, 25.191228 ], [ 90.975149, 25.167819 ], [ 90.94342, 25.157432 ], [ 90.934821, 25.15636 ], [ 90.82198, 25.142291 ], [ 90.793972, 25.145391 ], [ 90.779399, 25.151954 ], [ 90.766893, 25.160533 ], [ 90.753974, 25.167561 ], [ 90.737955, 25.169421 ], [ 90.732684, 25.166889 ], [ 90.722038, 25.156605 ], [ 90.716354, 25.153556 ], [ 90.707672, 25.152988 ], [ 90.670568, 25.158776 ], [ 90.648968, 25.167819 ], [ 90.637599, 25.171075 ], [ 90.62344, 25.171436 ], [ 90.583339, 25.162031 ], [ 90.50138, 25.168801 ], [ 90.399784, 25.149009 ], [ 90.364644, 25.149991 ], [ 90.286923, 25.180066 ], [ 90.130085, 25.211589 ], [ 89.908134, 25.296907 ], [ 89.870204, 25.295563 ], [ 89.834599, 25.282437 ], [ 89.819044, 25.284969 ], [ 89.807365, 25.304503 ], [ 89.798529, 25.340056 ], [ 89.795015, 25.374163 ], [ 89.799234, 25.402893 ], [ 89.800699, 25.412869 ], [ 89.808568, 25.439507 ], [ 89.82323, 25.489143 ], [ 89.82509, 25.564487 ], [ 89.834392, 25.634767 ], [ 89.824212, 25.674093 ], [ 89.801526, 25.724684 ], [ 89.783129, 25.814446 ], [ 89.786953, 25.839147 ], [ 89.830051, 25.90798 ], [ 89.834392, 25.931752 ], [ 89.826434, 25.937488 ], [ 89.810724, 25.93878 ], [ 89.792017, 25.949115 ], [ 89.811551, 25.955213 ], [ 89.825607, 25.965703 ], [ 89.828656, 25.979397 ], [ 89.815272, 25.995107 ], [ 89.814135, 25.99614 ], [ 89.812688, 25.996347 ], [ 89.811034, 25.996037 ], [ 89.809329, 25.99521 ], [ 89.809174, 25.995107 ], [ 89.808864, 25.995107 ], [ 89.802043, 25.988647 ], [ 89.795531, 25.98596 ], [ 89.789434, 25.987976 ], [ 89.783956, 25.995107 ], [ 89.776411, 26.008233 ], [ 89.755844, 26.032417 ], [ 89.750211, 26.041564 ], [ 89.748713, 26.059031 ], [ 89.751141, 26.071536 ], [ 89.749849, 26.083887 ], [ 89.736724, 26.100579 ], [ 89.728766, 26.114169 ], [ 89.724321, 26.130654 ], [ 89.718482, 26.145537 ], [ 89.706545, 26.154167 ], [ 89.697656, 26.154787 ], [ 89.677709, 26.153133 ], [ 89.670371, 26.154115 ], [ 89.658175, 26.159231 ], [ 89.655798, 26.161298 ], [ 89.657245, 26.165381 ], [ 89.657829, 26.187174 ], [ 89.658382, 26.207859 ], [ 89.653008, 26.22269 ], [ 89.634921, 26.225842 ], [ 89.61332, 26.219383 ], [ 89.606396, 26.211011 ], [ 89.608463, 26.180677 ], [ 89.615284, 26.169101 ], [ 89.614406, 26.164192 ], [ 89.593993, 26.169722 ], [ 89.586759, 26.169205 ], [ 89.579937, 26.166104 ], [ 89.573426, 26.16073 ], [ 89.562781, 26.142591 ], [ 89.569395, 26.130086 ], [ 89.585777, 26.122903 ], [ 89.604225, 26.120732 ], [ 89.592546, 26.113963 ], [ 89.57787, 26.107245 ], [ 89.566915, 26.098977 ], [ 89.567018, 26.087091 ], [ 89.57694, 26.082647 ], [ 89.590789, 26.085024 ], [ 89.603864, 26.084662 ], [ 89.611357, 26.072208 ], [ 89.602882, 26.055258 ], [ 89.559163, 26.022237 ], [ 89.550689, 25.995055 ], [ 89.551825, 25.981516 ], [ 89.549087, 25.968855 ], [ 89.541697, 25.959709 ], [ 89.528416, 25.957125 ], [ 89.518184, 25.962086 ], [ 89.509451, 25.972628 ], [ 89.495343, 25.995055 ], [ 89.490641, 25.997329 ], [ 89.485628, 25.998724 ], [ 89.480615, 25.999241 ], [ 89.426407, 25.995055 ], [ 89.426355, 25.994952 ], [ 89.421187, 25.993195 ], [ 89.416123, 25.992626 ], [ 89.411266, 25.993195 ], [ 89.406615, 25.995055 ], [ 89.391422, 26.015467 ], [ 89.379743, 26.015312 ], [ 89.367754, 26.005442 ], [ 89.351476, 25.996864 ], [ 89.335301, 25.998569 ], [ 89.315147, 26.006786 ], [ 89.296906, 26.018155 ], [ 89.272979, 26.043476 ], [ 89.237633, 26.0581 ], [ 89.229261, 26.067196 ], [ 89.22306, 26.086574 ], [ 89.212621, 26.098977 ], [ 89.197842, 26.10771 ], [ 89.131593, 26.133755 ], [ 89.11919, 26.146622 ], [ 89.111697, 26.164502 ], [ 89.103377, 26.22517 ], [ 89.095884, 26.241035 ], [ 89.075885, 26.271059 ], [ 89.069426, 26.287389 ], [ 89.068857, 26.314261 ], [ 89.08033, 26.315604 ], [ 89.094799, 26.309506 ], [ 89.103532, 26.313692 ], [ 89.102912, 26.327335 ], [ 89.095729, 26.334518 ], [ 89.071855, 26.340616 ], [ 89.055215, 26.347023 ], [ 89.054078, 26.353948 ], [ 89.057282, 26.36263 ], [ 89.052631, 26.374619 ], [ 89.043743, 26.381078 ], [ 89.02178, 26.386246 ], [ 89.010877, 26.390173 ], [ 89.001781, 26.39715 ], [ 88.986537, 26.412704 ], [ 88.975323, 26.417872 ], [ 88.959303, 26.428569 ], [ 88.950157, 26.43694 ], [ 88.94101, 26.439421 ], [ 88.924577, 26.432135 ], [ 88.911968, 26.421231 ], [ 88.899462, 26.404488 ], [ 88.891246, 26.385781 ], [ 88.891866, 26.368779 ], [ 88.912433, 26.348935 ], [ 88.941217, 26.340099 ], [ 88.966021, 26.328472 ], [ 88.975323, 26.299946 ], [ 88.981731, 26.291833 ], [ 88.989689, 26.289404 ], [ 88.998629, 26.291523 ], [ 89.007983, 26.297156 ], [ 89.004365, 26.27571 ], [ 89.0116, 26.269199 ], [ 89.023537, 26.268837 ], [ 89.034338, 26.265788 ], [ 89.039712, 26.247185 ], [ 89.019455, 26.234472 ], [ 88.975323, 26.224344 ], [ 88.946849, 26.232922 ], [ 88.902718, 26.272919 ], [ 88.875794, 26.277364 ], [ 88.855641, 26.265116 ], [ 88.840654, 26.232043 ], [ 88.824841, 26.226566 ], [ 88.807995, 26.233439 ], [ 88.798486, 26.24765 ], [ 88.792027, 26.2646 ], [ 88.784017, 26.279947 ], [ 88.747947, 26.292505 ], [ 88.663404, 26.264444 ], [ 88.645834, 26.27602 ], [ 88.653276, 26.2831 ], [ 88.690121, 26.299843 ], [ 88.702988, 26.309661 ], [ 88.712238, 26.328265 ], [ 88.709706, 26.340616 ], [ 88.69627, 26.350279 ], [ 88.673378, 26.360718 ], [ 88.667435, 26.368159 ], [ 88.66852, 26.385729 ], [ 88.661079, 26.388881 ], [ 88.652242, 26.391517 ], [ 88.649865, 26.39839 ], [ 88.651932, 26.407071 ], [ 88.656273, 26.415133 ], [ 88.633018, 26.420094 ], [ 88.622373, 26.424538 ], [ 88.611521, 26.430843 ], [ 88.603563, 26.440196 ], [ 88.597878, 26.451461 ], [ 88.591161, 26.461228 ], [ 88.579172, 26.466034 ], [ 88.557984, 26.465724 ], [ 88.549768, 26.466654 ], [ 88.526823, 26.475388 ], [ 88.506825, 26.487635 ], [ 88.49866, 26.49487 ], [ 88.487911, 26.505773 ], [ 88.475405, 26.514972 ], [ 88.462383, 26.528821 ], [ 88.446467, 26.535539 ], [ 88.411016, 26.545099 ], [ 88.397891, 26.55869 ], [ 88.394997, 26.578379 ], [ 88.395927, 26.599566 ], [ 88.394377, 26.618015 ], [ 88.385282, 26.623544 ], [ 88.372518, 26.611607 ], [ 88.36027, 26.593107 ], [ 88.352829, 26.578689 ], [ 88.332365, 26.514662 ], [ 88.319342, 26.494921 ], [ 88.313865, 26.481537 ], [ 88.315105, 26.465052 ], [ 88.322546, 26.451772 ], [ 88.335621, 26.448206 ], [ 88.34022, 26.454149 ], [ 88.34301, 26.477196 ], [ 88.346524, 26.484018 ], [ 88.353552, 26.484586 ], [ 88.37691, 26.475336 ], [ 88.434581, 26.465156 ], [ 88.461143, 26.45389 ], [ 88.475405, 26.432031 ], [ 88.495456, 26.378081 ], [ 88.497626, 26.352708 ], [ 88.475405, 26.355808 ], [ 88.467912, 26.354051 ], [ 88.45799, 26.353018 ], [ 88.448637, 26.353431 ], [ 88.442022, 26.356118 ], [ 88.431687, 26.362216 ], [ 88.426003, 26.357927 ], [ 88.421197, 26.348729 ], [ 88.413807, 26.340202 ], [ 88.366781, 26.313434 ], [ 88.351692, 26.30098 ], [ 88.336602, 26.281808 ], [ 88.332933, 26.267235 ], [ 88.334535, 26.230803 ], [ 88.326267, 26.21592 ], [ 88.308697, 26.206102 ], [ 88.250303, 26.188015 ], [ 88.229787, 26.184036 ], [ 88.218884, 26.18016 ], [ 88.211959, 26.173752 ], [ 88.205654, 26.166414 ], [ 88.196921, 26.159645 ], [ 88.163796, 26.140473 ], [ 88.155632, 26.128484 ], [ 88.144469, 26.095876 ], [ 88.141369, 26.090502 ], [ 88.139922, 26.085334 ], [ 88.141162, 26.075464 ], [ 88.14478, 26.070503 ], [ 88.150981, 26.066989 ], [ 88.156407, 26.061408 ], [ 88.157905, 26.050452 ], [ 88.151032, 26.031332 ], [ 88.125866, 26.0134 ], [ 88.106539, 25.979966 ], [ 88.088039, 25.923225 ], [ 88.082664, 25.915939 ], [ 88.077393, 25.912786 ], [ 88.074396, 25.908135 ], [ 88.082044, 25.863849 ], [ 88.088969, 25.848656 ], [ 88.087574, 25.839974 ], [ 88.087574, 25.830983 ], [ 88.103335, 25.814808 ], [ 88.108038, 25.806281 ], [ 88.114911, 25.787264 ], [ 88.127726, 25.774914 ], [ 88.146433, 25.77574 ], [ 88.166225, 25.783647 ], [ 88.18271, 25.792432 ], [ 88.227462, 25.804266 ], [ 88.259915, 25.789021 ], [ 88.320273, 25.725253 ], [ 88.392981, 25.680759 ], [ 88.41944, 25.653784 ], [ 88.423781, 25.592237 ], [ 88.437785, 25.579835 ], [ 88.475405, 25.562575 ], [ 88.485586, 25.542628 ], [ 88.512767, 25.523714 ], [ 88.520467, 25.509297 ], [ 88.530286, 25.500202 ], [ 88.550956, 25.496481 ], [ 88.593589, 25.495086 ], [ 88.613175, 25.486404 ], [ 88.645421, 25.467336 ], [ 88.66635, 25.462891 ], [ 88.67808, 25.465889 ], [ 88.687072, 25.473898 ], [ 88.69565, 25.483614 ], [ 88.706192, 25.491675 ], [ 88.71415, 25.492812 ], [ 88.723142, 25.491417 ], [ 88.732651, 25.491003 ], [ 88.742572, 25.495189 ], [ 88.741952, 25.512759 ], [ 88.772338, 25.501959 ], [ 88.780968, 25.495189 ], [ 88.793112, 25.48196 ], [ 88.805824, 25.471676 ], [ 88.814919, 25.458602 ], [ 88.816315, 25.437208 ], [ 88.799313, 25.401706 ], [ 88.799623, 25.395609 ], [ 88.810372, 25.388426 ], [ 88.813266, 25.380054 ], [ 88.814041, 25.370391 ], [ 88.81833, 25.359642 ], [ 88.841998, 25.332822 ], [ 88.849026, 25.327189 ], [ 88.859258, 25.324709 ], [ 88.880187, 25.323468 ], [ 88.88613, 25.319076 ], [ 88.902873, 25.303418 ], [ 88.926489, 25.300472 ], [ 88.975323, 25.302643 ], [ 88.982713, 25.294478 ], [ 88.984935, 25.284969 ], [ 88.982351, 25.274892 ], [ 88.975323, 25.265229 ], [ 88.937754, 25.240166 ], [ 88.929073, 25.229417 ], [ 88.927988, 25.21593 ], [ 88.930778, 25.202649 ], [ 88.927884, 25.192727 ], [ 88.909642, 25.189161 ], [ 88.924163, 25.167871 ], [ 88.898635, 25.169318 ], [ 88.830216, 25.191332 ], [ 88.823601, 25.194846 ], [ 88.81709, 25.196809 ], [ 88.809132, 25.195259 ], [ 88.802517, 25.188128 ], [ 88.792337, 25.166579 ], [ 88.784224, 25.160946 ], [ 88.724537, 25.166475 ], [ 88.664593, 25.186888 ], [ 88.634259, 25.192262 ], [ 88.599119, 25.19314 ], [ 88.590127, 25.190143 ], [ 88.577725, 25.177482 ], [ 88.570697, 25.173245 ], [ 88.55938, 25.170764 ], [ 88.554677, 25.171126 ], [ 88.550026, 25.173142 ], [ 88.523154, 25.179808 ], [ 88.491838, 25.191125 ], [ 88.475405, 25.195104 ], [ 88.441299, 25.18973 ], [ 88.43148, 25.173038 ], [ 88.434168, 25.116659 ], [ 88.425796, 25.051056 ], [ 88.414117, 25.021523 ], [ 88.391018, 24.99509 ], [ 88.387865, 24.968761 ], [ 88.37567, 24.94561 ], [ 88.340892, 24.90414 ], [ 88.322753, 24.874684 ], [ 88.313606, 24.868302 ], [ 88.296812, 24.869698 ], [ 88.25485, 24.879955 ], [ 88.242758, 24.880601 ], [ 88.24188, 24.898766 ], [ 88.232836, 24.918273 ], [ 88.21878, 24.935146 ], [ 88.20245, 24.9453 ], [ 88.18302, 24.94698 ], [ 88.16452, 24.941114 ], [ 88.114911, 24.916413 ], [ 88.114911, 24.912021 ], [ 88.120337, 24.906775 ], [ 88.124936, 24.898145 ], [ 88.138062, 24.863496 ], [ 88.140955, 24.844583 ], [ 88.13124, 24.831767 ], [ 88.117391, 24.819261 ], [ 88.107779, 24.801097 ], [ 88.094808, 24.803112 ], [ 88.088245, 24.796136 ], [ 88.085352, 24.784018 ], [ 88.084008, 24.770453 ], [ 88.07698, 24.761177 ], [ 88.064268, 24.759162 ], [ 88.053209, 24.754976 ], [ 88.048455, 24.711206 ], [ 88.035432, 24.693817 ], [ 88.027164, 24.67573 ], [ 88.02179, 24.645603 ], [ 88.04091, 24.640435 ], [ 88.05724, 24.634105 ], [ 88.067265, 24.613667 ], [ 88.081838, 24.599869 ], [ 88.08499, 24.593875 ], [ 88.08499, 24.541733 ], [ 88.086023, 24.53672 ], [ 88.090002, 24.533 ], [ 88.098787, 24.522484 ], [ 88.107934, 24.507963 ], [ 88.10995, 24.500986 ], [ 88.138785, 24.49525 ], [ 88.401301, 24.369418 ], [ 88.475405, 24.315468 ], [ 88.49835, 24.310972 ], [ 88.5631, 24.308207 ], [ 88.612451, 24.292885 ], [ 88.634517, 24.294125 ], [ 88.649503, 24.315364 ], [ 88.660149, 24.338257 ], [ 88.681801, 24.33389 ], [ 88.714564, 24.315416 ], [ 88.737508, 24.287097 ], [ 88.743038, 24.247539 ], [ 88.74495, 24.243379 ], [ 88.747482, 24.226972 ], [ 88.749807, 24.223251 ], [ 88.746397, 24.214079 ], [ 88.734821, 24.198421 ], [ 88.731617, 24.189842 ], [ 88.731456, 24.189771 ], [ 88.715907, 24.182918 ], [ 88.69379, 24.175321 ], [ 88.683765, 24.166536 ], [ 88.67808, 24.154289 ], [ 88.678287, 24.144651 ], [ 88.68299, 24.124291 ], [ 88.681801, 24.112664 ], [ 88.675393, 24.091838 ], [ 88.674101, 24.08264 ], [ 88.67901, 24.071219 ], [ 88.697821, 24.056259 ], [ 88.700921, 24.04365 ], [ 88.725002, 24.038379 ], [ 88.725468, 24.028896 ], [ 88.71384, 24.014685 ], [ 88.701593, 23.995281 ], [ 88.708363, 23.98355 ], [ 88.714357, 23.964404 ], [ 88.717148, 23.943139 ], [ 88.71415, 23.925156 ], [ 88.704435, 23.913709 ], [ 88.666505, 23.8795 ], [ 88.653121, 23.869784 ], [ 88.633949, 23.866141 ], [ 88.613175, 23.867847 ], [ 88.593589, 23.866916 ], [ 88.577621, 23.85516 ], [ 88.574366, 23.845626 ], [ 88.575451, 23.836556 ], [ 88.577621, 23.827616 ], [ 88.577518, 23.818521 ], [ 88.57235, 23.806894 ], [ 88.557674, 23.785681 ], [ 88.552713, 23.774984 ], [ 88.552507, 23.765424 ], [ 88.559741, 23.750283 ], [ 88.561188, 23.741007 ], [ 88.540104, 23.649953 ], [ 88.541551, 23.638765 ], [ 88.550956, 23.634424 ], [ 88.56124, 23.632486 ], [ 88.566356, 23.62874 ], [ 88.564392, 23.616208 ], [ 88.561085, 23.608612 ], [ 88.561705, 23.602023 ], [ 88.57142, 23.592334 ], [ 88.581549, 23.588329 ], [ 88.601289, 23.590344 ], [ 88.609247, 23.588794 ], [ 88.624233, 23.573859 ], [ 88.647643, 23.535076 ], [ 88.664489, 23.518307 ], [ 88.69379, 23.499807 ], [ 88.704642, 23.495182 ], [ 88.719421, 23.468104 ], [ 88.731927, 23.472625 ], [ 88.743709, 23.489317 ], [ 88.756835, 23.498799 ], [ 88.770168, 23.488826 ], [ 88.767894, 23.467277 ], [ 88.719266, 23.348292 ], [ 88.69503, 23.312609 ], [ 88.685935, 23.293308 ], [ 88.686607, 23.271604 ], [ 88.69658, 23.252354 ], [ 88.710016, 23.241218 ], [ 88.775697, 23.221633 ], [ 88.786187, 23.221529 ], [ 88.794197, 23.224966 ], [ 88.800967, 23.230754 ], [ 88.809545, 23.236051 ], [ 88.822671, 23.237963 ], [ 88.839621, 23.23481 ], [ 88.909642, 23.212434 ], [ 88.918066, 23.208584 ], [ 88.926954, 23.206517 ], [ 88.954239, 23.207422 ], [ 88.959975, 23.202693 ], [ 88.95982, 23.194451 ], [ 88.954704, 23.183806 ], [ 88.945868, 23.174349 ], [ 88.919099, 23.153859 ], [ 88.864787, 23.100271 ], [ 88.8513, 23.07513 ], [ 88.848716, 23.023841 ], [ 88.839414, 22.995368 ], [ 88.838794, 22.975808 ], [ 88.842773, 22.964568 ], [ 88.861738, 22.942399 ], [ 88.872177, 22.926767 ], [ 88.893468, 22.879638 ], [ 88.905147, 22.866435 ], [ 88.933103, 22.858115 ], [ 88.944524, 22.848012 ], [ 88.946798, 22.834525 ], [ 88.945144, 22.815094 ], [ 88.941217, 22.795664 ], [ 88.936876, 22.782331 ], [ 88.926231, 22.767035 ], [ 88.914965, 22.7544 ], [ 88.908144, 22.740784 ], [ 88.910573, 22.722593 ], [ 88.92251, 22.693706 ], [ 88.92592, 22.680839 ], [ 88.930003, 22.658618 ], [ 88.942354, 22.637482 ], [ 88.952017, 22.611903 ], [ 88.95641, 22.584979 ], [ 88.950312, 22.561983 ], [ 88.927988, 22.548134 ], [ 88.959045, 22.536817 ], [ 88.970982, 22.527928 ], [ 88.979974, 22.490928 ], [ 88.998371, 22.451241 ], [ 89.002505, 22.427986 ], [ 89.000748, 22.420131 ], [ 88.99217, 22.406954 ], [ 88.989482, 22.39667 ], [ 88.989586, 22.386903 ], [ 89.001523, 22.333677 ], [ 89.006949, 22.321429 ], [ 89.023537, 22.294816 ], [ 89.00912, 22.285618 ], [ 89.018628, 22.264689 ], [ 89.062295, 22.211565 ], [ 89.070718, 22.194822 ], [ 89.076196, 22.17503 ], [ 89.078159, 22.150845 ], [ 89.060693, 22.130485 ], [ 89.060395, 22.129869 ], [ 89.060313, 22.130601 ], [ 89.043712, 22.137397 ], [ 89.048595, 22.122952 ], [ 89.045665, 22.112047 ], [ 89.039887, 22.100898 ], [ 89.036876, 22.085598 ], [ 89.04005, 22.069525 ], [ 89.054047, 22.043647 ], [ 89.057384, 22.031236 ], [ 89.065603, 21.967108 ], [ 89.060883, 21.938463 ], [ 89.036876, 21.925116 ], [ 89.023123, 21.931098 ], [ 89.013031, 21.929429 ], [ 89.008067, 21.920559 ], [ 89.009532, 21.904608 ], [ 88.993012, 21.912665 ], [ 88.96046, 21.934312 ], [ 88.944672, 21.938788 ], [ 88.937836, 21.948717 ], [ 88.934581, 21.969306 ], [ 88.928722, 21.986558 ], [ 88.91391, 21.986558 ], [ 88.90504, 21.969428 ], [ 88.910818, 21.946479 ], [ 88.924083, 21.926337 ], [ 88.937836, 21.91767 ], [ 88.951915, 21.913886 ], [ 88.968272, 21.904731 ], [ 88.99586, 21.884182 ], [ 89.01588, 21.853339 ], [ 89.030935, 21.770453 ], [ 89.043712, 21.733344 ], [ 89.047862, 21.728013 ], [ 89.067882, 21.709133 ], [ 89.082774, 21.678209 ], [ 89.085216, 21.674709 ], [ 89.088227, 21.633734 ], [ 89.082693, 21.617336 ], [ 89.06422, 21.609198 ], [ 89.053233, 21.609809 ], [ 89.044688, 21.613511 ], [ 89.038829, 21.619452 ], [ 89.036876, 21.626899 ], [ 89.033946, 21.633246 ], [ 89.027599, 21.624579 ], [ 89.021658, 21.611802 ], [ 89.019786, 21.606106 ], [ 89.000255, 21.60342 ], [ 88.975759, 21.615912 ], [ 88.933849, 21.643948 ], [ 88.896983, 21.650133 ], [ 88.891612, 21.65351 ], [ 88.886078, 21.661811 ], [ 88.881602, 21.672024 ], [ 88.872081, 21.74901 ], [ 88.866059, 21.766832 ], [ 88.858653, 21.766832 ], [ 88.855724, 21.748847 ], [ 88.841563, 21.716254 ], [ 88.838227, 21.701972 ], [ 88.842947, 21.684149 ], [ 88.859874, 21.652574 ], [ 88.858653, 21.636542 ], [ 88.844249, 21.622219 ], [ 88.823985, 21.617255 ], [ 88.805837, 21.62287 ], [ 88.797862, 21.640204 ], [ 88.814789, 21.653876 ], [ 88.81837, 21.65762 ], [ 88.818533, 21.665839 ], [ 88.816661, 21.675035 ], [ 88.810883, 21.691718 ], [ 88.804942, 21.671861 ], [ 88.800466, 21.661851 ], [ 88.7942, 21.65762 ], [ 88.784028, 21.655951 ], [ 88.779063, 21.65119 ], [ 88.77711, 21.643541 ], [ 88.776866, 21.63345 ], [ 88.781749, 21.614244 ], [ 88.791026, 21.598863 ], [ 88.796641, 21.584418 ], [ 88.790538, 21.568264 ], [ 88.762462, 21.555854 ], [ 88.727875, 21.559882 ], [ 88.70753, 21.578315 ], [ 88.722179, 21.609198 ], [ 88.687999, 21.678127 ], [ 88.684906, 21.697211 ], [ 88.703624, 21.810614 ], [ 88.698009, 21.825507 ], [ 88.694509, 21.83983 ], [ 88.714692, 21.897854 ], [ 88.71697, 21.951972 ], [ 88.722179, 21.966132 ], [ 88.733165, 21.9772 ], [ 88.746837, 21.987128 ], [ 88.758311, 21.999457 ], [ 88.763031, 22.017279 ], [ 88.754649, 22.037584 ], [ 88.717052, 22.058051 ], [ 88.708507, 22.072211 ], [ 88.714854, 22.086982 ], [ 88.730154, 22.103583 ], [ 88.763031, 22.130561 ], [ 88.743907, 22.12934 ], [ 88.726573, 22.121161 ], [ 88.712169, 22.109036 ], [ 88.701671, 22.095852 ], [ 88.694835, 22.081529 ], [ 88.692882, 22.065863 ], [ 88.699474, 22.053209 ], [ 88.718516, 22.048041 ], [ 88.730724, 22.037177 ], [ 88.723318, 22.013088 ], [ 88.701671, 21.97602 ], [ 88.698416, 21.962592 ], [ 88.689952, 21.94599 ], [ 88.678722, 21.936672 ], [ 88.667003, 21.945014 ], [ 88.656261, 21.941067 ], [ 88.642589, 21.940904 ], [ 88.63087, 21.945461 ], [ 88.625987, 21.955512 ], [ 88.627452, 21.970404 ], [ 88.631684, 21.979804 ], [ 88.646332, 22.00023 ], [ 88.653494, 22.018012 ], [ 88.652599, 22.031806 ], [ 88.648774, 22.046047 ], [ 88.64503, 22.075141 ], [ 88.639496, 22.097235 ], [ 88.639496, 22.109524 ], [ 88.656993, 22.151068 ], [ 88.674001, 22.162055 ], [ 88.683116, 22.184963 ], [ 88.679942, 22.204413 ], [ 88.660167, 22.205024 ], [ 88.661143, 22.198961 ], [ 88.656016, 22.183254 ], [ 88.649669, 22.169094 ], [ 88.646332, 22.167792 ], [ 88.644298, 22.162299 ], [ 88.634939, 22.144965 ], [ 88.63087, 22.1258 ], [ 88.622081, 22.116034 ], [ 88.619151, 22.109524 ], [ 88.618337, 22.102973 ], [ 88.619965, 22.078315 ], [ 88.625499, 22.059272 ], [ 88.625987, 22.048041 ], [ 88.620372, 22.029975 ], [ 88.60255, 22.006415 ], [ 88.598643, 21.990302 ], [ 88.600271, 21.947211 ], [ 88.598399, 21.929348 ], [ 88.567068, 21.850816 ], [ 88.564626, 21.832343 ], [ 88.56544, 21.771186 ], [ 88.564626, 21.766832 ], [ 88.581309, 21.769436 ], [ 88.604177, 21.778754 ], [ 88.624034, 21.778022 ], [ 88.632823, 21.750067 ], [ 88.630219, 21.731757 ], [ 88.623383, 21.710273 ], [ 88.612641, 21.697496 ], [ 88.598643, 21.70539 ], [ 88.591807, 21.70539 ], [ 88.59962, 21.637274 ], [ 88.595063, 21.612128 ], [ 88.578136, 21.62344 ], [ 88.578136, 21.571682 ], [ 88.572276, 21.557929 ], [ 88.55893, 21.555569 ], [ 88.54477, 21.561998 ], [ 88.536469, 21.5751 ], [ 88.530284, 21.564399 ], [ 88.529633, 21.553371 ], [ 88.534434, 21.542914 ], [ 88.543956, 21.534084 ], [ 88.51295, 21.524644 ], [ 88.493907, 21.534817 ], [ 88.487966, 21.556545 ], [ 88.495616, 21.581855 ], [ 88.502126, 21.589342 ], [ 88.5088, 21.594387 ], [ 88.514008, 21.600816 ], [ 88.516124, 21.612616 ], [ 88.516612, 21.62641 ], [ 88.518809, 21.639146 ], [ 88.52296, 21.649888 ], [ 88.529633, 21.65762 ], [ 88.509532, 21.712307 ], [ 88.504893, 21.741523 ], [ 88.512706, 21.763414 ], [ 88.532888, 21.795315 ], [ 88.531016, 21.824123 ], [ 88.51588, 21.850816 ], [ 88.495616, 21.876695 ], [ 88.514659, 21.916205 ], [ 88.514985, 21.937201 ], [ 88.495616, 21.951809 ], [ 88.499848, 21.933661 ], [ 88.492361, 21.922024 ], [ 88.481212, 21.909898 ], [ 88.474457, 21.890326 ], [ 88.477061, 21.871812 ], [ 88.492035, 21.837144 ], [ 88.495616, 21.818671 ], [ 88.4935, 21.805162 ], [ 88.488292, 21.803656 ], [ 88.481456, 21.805162 ], [ 88.474457, 21.800971 ], [ 88.468272, 21.777248 ], [ 88.457693, 21.758857 ], [ 88.45338, 21.741767 ], [ 88.452159, 21.722805 ], [ 88.454763, 21.70539 ], [ 88.468598, 21.677151 ], [ 88.472179, 21.663275 ], [ 88.468272, 21.643948 ], [ 88.456309, 21.62401 ], [ 88.441905, 21.616156 ], [ 88.426117, 21.611029 ], [ 88.409679, 21.59927 ], [ 88.393077, 21.600246 ], [ 88.383556, 21.631415 ], [ 88.382823, 21.671332 ], [ 88.392589, 21.698554 ], [ 88.380626, 21.696194 ], [ 88.364513, 21.686957 ], [ 88.355724, 21.684963 ], [ 88.346202, 21.688625 ], [ 88.340668, 21.697496 ], [ 88.336436, 21.708726 ], [ 88.331228, 21.719062 ], [ 88.326345, 21.711086 ], [ 88.324718, 21.701361 ], [ 88.327403, 21.691107 ], [ 88.345714, 21.6706 ], [ 88.349457, 21.660956 ], [ 88.348806, 21.650295 ], [ 88.34547, 21.636542 ], [ 88.33546, 21.61579 ], [ 88.321788, 21.605658 ], [ 88.309744, 21.610175 ], [ 88.304454, 21.63345 ], [ 88.302013, 21.745185 ], [ 88.298188, 21.764106 ], [ 88.289806, 21.780219 ], [ 88.273123, 21.797919 ], [ 88.261567, 21.798651 ], [ 88.264171, 21.775295 ], [ 88.295421, 21.676581 ], [ 88.297048, 21.653876 ], [ 88.294444, 21.642808 ], [ 88.28419, 21.621243 ], [ 88.283376, 21.609198 ], [ 88.287608, 21.600287 ], [ 88.300629, 21.589342 ], [ 88.304454, 21.581855 ], [ 88.305837, 21.571682 ], [ 88.303722, 21.568793 ], [ 88.297862, 21.566555 ], [ 88.28712, 21.558295 ], [ 88.278982, 21.555162 ], [ 88.266124, 21.55386 ], [ 88.254405, 21.554674 ], [ 88.249278, 21.558295 ], [ 88.245942, 21.579901 ], [ 88.237478, 21.601711 ], [ 88.224376, 21.613023 ], [ 88.208263, 21.602973 ], [ 88.189464, 21.641791 ], [ 88.181895, 21.665229 ], [ 88.180919, 21.684963 ], [ 88.19044, 21.704088 ], [ 88.203461, 21.724351 ], [ 88.21046, 21.74726 ], [ 88.201427, 21.774319 ], [ 88.209727, 21.78856 ], [ 88.203787, 21.805406 ], [ 88.154063, 21.888088 ], [ 88.156423, 21.897854 ], [ 88.159434, 21.906155 ], [ 88.146739, 21.959215 ], [ 88.149913, 21.976386 ], [ 88.156261, 21.990871 ], [ 88.164317, 22.003119 ], [ 88.206798, 22.053371 ], [ 88.222423, 22.077948 ], [ 88.212738, 22.100043 ], [ 88.20338, 22.15176 ], [ 88.198009, 22.167792 ], [ 88.165294, 22.185004 ], [ 88.118419, 22.200181 ], [ 88.081309, 22.217353 ], [ 88.077322, 22.240424 ], [ 88.059744, 22.229478 ], [ 88.043468, 22.224758 ], [ 88.027029, 22.227851 ], [ 88.009044, 22.240424 ], [ 87.985118, 22.265937 ], [ 87.972667, 22.283189 ], [ 87.967459, 22.298489 ], [ 87.964203, 22.319281 ], [ 87.950694, 22.356187 ], [ 87.94752, 22.373847 ], [ 87.946137, 22.394924 ], [ 87.94044, 22.413031 ], [ 87.927989, 22.424221 ], [ 87.906586, 22.42475 ], [ 87.906586, 22.418606 ], [ 87.922862, 22.397773 ], [ 87.935802, 22.35517 ], [ 87.94752, 22.277655 ], [ 87.95281, 22.262437 ], [ 87.965343, 22.244818 ], [ 87.991954, 22.215888 ], [ 88.008474, 22.204901 ], [ 88.025401, 22.200914 ], [ 88.057384, 22.198879 ], [ 88.09547, 22.19123 ], [ 88.132579, 22.179145 ], [ 88.160981, 22.156562 ], [ 88.173513, 22.116889 ], [ 88.164317, 22.089789 ], [ 88.140636, 22.060126 ], [ 88.111176, 22.034857 ], [ 88.084727, 22.020697 ], [ 88.048595, 22.020738 ], [ 88.043142, 22.017279 ], [ 88.045177, 22.006537 ], [ 88.049001, 21.995429 ], [ 88.050792, 21.985012 ], [ 88.046886, 21.97602 ], [ 88.0324, 21.95718 ], [ 87.983653, 21.854193 ], [ 87.97047, 21.836493 ], [ 87.957774, 21.828925 ], [ 87.948009, 21.825385 ], [ 87.909028, 21.798814 ], [ 87.902192, 21.79682 ], [ 87.899181, 21.794827 ], [ 87.895681, 21.789374 ], [ 87.894786, 21.778754 ], [ 87.892914, 21.774319 ], [ 87.867198, 21.7508 ], [ 87.833995, 21.729315 ], [ 87.755707, 21.691718 ], [ 87.703787, 21.655504 ], [ 87.683849, 21.650133 ], [ 87.6421, 21.652086 ], [ 87.621349, 21.650621 ], [ 87.477387, 21.613593 ], [ 87.468761, 21.611396 ], [ 87.404959, 21.586656 ], [ 87.341807, 21.562405 ], [ 87.293468, 21.553656 ], [ 87.256114, 21.561998 ], [ 87.245942, 21.556586 ], [ 87.235199, 21.554511 ], [ 87.211436, 21.554592 ], [ 87.200938, 21.551988 ], [ 87.113048, 21.507961 ], [ 87.063731, 21.475002 ], [ 86.917654, 21.327379 ], [ 86.866954, 21.256049 ], [ 86.83725, 21.174709 ], [ 86.844005, 21.082221 ], [ 86.952159, 20.849107 ], [ 86.965668, 20.805976 ], [ 86.953868, 20.780585 ], [ 86.93629, 20.787502 ], [ 86.916515, 20.788072 ], [ 86.878754, 20.780585 ], [ 86.889334, 20.764472 ], [ 86.910655, 20.756415 ], [ 86.957205, 20.753241 ], [ 86.979991, 20.755561 ], [ 86.986583, 20.751858 ], [ 86.994884, 20.738959 ], [ 87.000011, 20.728217 ], [ 87.001801, 20.71898 ], [ 86.998709, 20.711127 ], [ 86.988617, 20.70425 ], [ 86.975759, 20.710679 ], [ 86.961192, 20.712836 ], [ 86.948253, 20.709052 ], [ 86.940196, 20.697984 ], [ 86.951915, 20.697008 ], [ 86.961192, 20.695054 ], [ 86.968516, 20.691148 ], [ 86.974294, 20.684394 ], [ 86.9817, 20.68537 ], [ 86.986501, 20.684394 ], [ 86.990245, 20.679999 ], [ 86.994884, 20.670722 ], [ 87.019379, 20.680365 ], [ 87.033376, 20.690172 ], [ 87.043224, 20.697984 ], [ 87.027517, 20.679674 ], [ 87.003591, 20.65705 ], [ 86.976248, 20.637885 ], [ 86.923188, 20.621731 ], [ 86.774181, 20.511949 ], [ 86.751475, 20.489163 ], [ 86.733897, 20.462226 ], [ 86.72462, 20.431952 ], [ 86.72047, 20.368476 ], [ 86.741954, 20.379543 ], [ 86.756358, 20.393744 ], [ 86.769786, 20.400702 ], [ 86.788748, 20.390123 ], [ 86.788259, 20.402818 ], [ 86.789806, 20.4147 ], [ 86.796153, 20.437323 ], [ 86.809825, 20.415107 ], [ 86.7942, 20.37816 ], [ 86.768321, 20.343451 ], [ 86.751475, 20.32807 ], [ 86.739268, 20.324205 ], [ 86.719737, 20.31509 ], [ 86.701671, 20.303778 ], [ 86.693696, 20.293931 ], [ 86.701671, 20.284654 ], [ 86.719737, 20.291734 ], [ 86.754649, 20.314439 ], [ 86.717459, 20.286933 ], [ 86.628184, 20.235256 ], [ 86.583832, 20.218207 ], [ 86.53419, 20.206122 ], [ 86.511485, 20.197455 ], [ 86.495128, 20.184068 ], [ 86.490408, 20.174058 ], [ 86.478852, 20.12934 ], [ 86.468516, 20.10928 ], [ 86.467133, 20.094672 ], [ 86.41505, 20.036322 ], [ 86.391449, 20.020209 ], [ 86.396739, 20.009955 ], [ 86.404145, 20.002631 ], [ 86.414073, 19.998847 ], [ 86.42628, 19.999172 ], [ 86.397227, 19.982856 ], [ 86.348399, 20.008857 ], [ 86.275401, 20.067369 ], [ 86.231293, 20.064887 ], [ 86.209158, 20.066636 ], [ 86.199718, 20.077948 ], [ 86.195974, 20.080308 ], [ 86.173025, 20.1022 ], [ 86.168468, 20.113186 ], [ 86.163097, 20.134833 ], [ 86.158702, 20.143134 ], [ 86.152517, 20.143134 ], [ 86.14503, 20.122016 ], [ 86.154307, 20.089993 ], [ 86.158702, 20.081041 ], [ 86.167735, 20.072943 ], [ 86.187755, 20.063666 ], [ 86.213715, 20.042426 ], [ 86.230235, 20.035305 ], [ 86.268565, 20.026435 ], [ 86.273448, 20.02619 ], [ 86.284679, 20.027493 ], [ 86.289073, 20.026435 ], [ 86.293224, 20.02143 ], [ 86.294119, 20.015692 ], [ 86.2942, 20.010403 ], [ 86.295909, 20.006578 ], [ 86.302908, 19.999091 ], [ 86.308116, 19.992092 ], [ 86.314952, 19.986884 ], [ 86.326671, 19.984849 ], [ 86.341563, 19.979885 ], [ 86.356456, 19.970404 ], [ 86.372406, 19.964993 ], [ 86.268565, 19.910346 ], [ 86.111583, 19.855699 ], [ 86.089041, 19.844224 ], [ 86.07838, 19.843573 ], [ 86.066742, 19.851996 ], [ 86.056651, 19.856879 ], [ 86.04656, 19.852525 ], [ 86.037934, 19.845282 ], [ 86.032074, 19.841498 ], [ 86.01352, 19.839057 ], [ 85.888845, 19.802965 ], [ 85.846365, 19.795844 ], [ 85.808604, 19.773383 ], [ 85.788829, 19.765692 ], [ 85.778087, 19.764635 ], [ 85.744395, 19.765692 ], [ 85.734386, 19.763617 ], [ 85.714854, 19.754218 ], [ 85.684581, 19.747748 ], [ 85.624278, 19.718573 ], [ 85.625987, 19.722886 ], [ 85.635997, 19.72663 ], [ 85.63795, 19.731635 ], [ 85.614268, 19.727932 ], [ 85.549164, 19.690619 ], [ 85.480479, 19.666327 ], [ 85.456798, 19.663316 ], [ 85.44988, 19.666693 ], [ 85.44752, 19.674628 ], [ 85.446788, 19.690619 ], [ 85.443126, 19.69245 ], [ 85.43686, 19.691352 ], [ 85.430431, 19.691718 ], [ 85.42628, 19.697455 ], [ 85.427013, 19.704088 ], [ 85.431651, 19.704901 ], [ 85.43686, 19.704657 ], [ 85.439301, 19.707994 ], [ 85.450857, 19.716295 ], [ 85.47755, 19.723863 ], [ 85.521983, 19.739081 ], [ 85.525564, 19.734036 ], [ 85.523448, 19.728705 ], [ 85.518891, 19.721584 ], [ 85.514985, 19.711127 ], [ 85.558849, 19.738105 ], [ 85.576508, 19.745836 ], [ 85.567638, 19.7508 ], [ 85.563243, 19.756903 ], [ 85.564138, 19.76439 ], [ 85.570323, 19.773179 ], [ 85.567149, 19.791653 ], [ 85.570323, 19.875637 ], [ 85.55714, 19.881781 ], [ 85.514985, 19.889309 ], [ 85.476817, 19.901028 ], [ 85.463552, 19.902899 ], [ 85.440115, 19.896226 ], [ 85.41627, 19.879788 ], [ 85.374522, 19.837795 ], [ 85.319591, 19.793647 ], [ 85.30421, 19.79267 ], [ 85.290294, 19.789944 ], [ 85.278087, 19.78559 ], [ 85.268077, 19.780015 ], [ 85.246837, 19.762641 ], [ 85.220958, 19.736029 ], [ 85.20338, 19.707261 ], [ 85.206554, 19.683783 ], [ 85.189952, 19.670966 ], [ 85.175141, 19.636908 ], [ 85.165538, 19.6258 ], [ 85.150157, 19.613471 ], [ 85.140147, 19.596584 ], [ 85.139334, 19.579779 ], [ 85.151378, 19.567776 ], [ 85.151378, 19.560289 ], [ 85.139171, 19.557074 ], [ 85.122895, 19.549018 ], [ 85.108897, 19.538967 ], [ 85.102875, 19.529608 ], [ 85.104503, 19.514879 ], [ 85.108735, 19.506781 ], [ 85.115489, 19.507473 ], [ 85.124034, 19.519355 ], [ 85.128754, 19.509508 ], [ 85.130219, 19.498725 ], [ 85.128673, 19.487982 ], [ 85.124034, 19.478339 ], [ 85.135753, 19.481594 ], [ 85.141775, 19.487128 ], [ 85.145763, 19.493476 ], [ 85.151378, 19.498847 ], [ 85.162446, 19.503485 ], [ 85.171153, 19.504462 ], [ 85.178559, 19.504299 ], [ 85.185557, 19.505683 ], [ 85.202891, 19.517157 ], [ 85.201915, 19.527086 ], [ 85.1963, 19.538479 ], [ 85.199229, 19.554104 ], [ 85.206309, 19.548 ], [ 85.214529, 19.547268 ], [ 85.223643, 19.549954 ], [ 85.233246, 19.554104 ], [ 85.203787, 19.570502 ], [ 85.193044, 19.57392 ], [ 85.193044, 19.580797 ], [ 85.212901, 19.581122 ], [ 85.223643, 19.590237 ], [ 85.232595, 19.601549 ], [ 85.247569, 19.60871 ], [ 85.247569, 19.614936 ], [ 85.241873, 19.617011 ], [ 85.237315, 19.620551 ], [ 85.234386, 19.625678 ], [ 85.233246, 19.632554 ], [ 85.236339, 19.635321 ], [ 85.247813, 19.653144 ], [ 85.247569, 19.65648 ], [ 85.260753, 19.656073 ], [ 85.309093, 19.642239 ], [ 85.350597, 19.677639 ], [ 85.36378, 19.678046 ], [ 85.37436, 19.674709 ], [ 85.383067, 19.676093 ], [ 85.391449, 19.690619 ], [ 85.399181, 19.679145 ], [ 85.403168, 19.671291 ], [ 85.404959, 19.661933 ], [ 85.405284, 19.645941 ], [ 85.402192, 19.643988 ], [ 85.388682, 19.638251 ], [ 85.384613, 19.635972 ], [ 85.382172, 19.63109 ], [ 85.380382, 19.619615 ], [ 85.37794, 19.614936 ], [ 85.368419, 19.6081 ], [ 85.352306, 19.599433 ], [ 85.336762, 19.596096 ], [ 85.330089, 19.604967 ], [ 85.326427, 19.618801 ], [ 85.31837, 19.619534 ], [ 85.311046, 19.6105 ], [ 85.309093, 19.595038 ], [ 85.303477, 19.59748 ], [ 85.293793, 19.599555 ], [ 85.288422, 19.601264 ], [ 85.302501, 19.586656 ], [ 85.305837, 19.580146 ], [ 85.302908, 19.57392 ], [ 85.330577, 19.576402 ], [ 85.576508, 19.690619 ], [ 85.540294, 19.669582 ], [ 85.46339, 19.631049 ], [ 85.380219, 19.593817 ], [ 85.336681, 19.575181 ], [ 85.285411, 19.536282 ], [ 85.240571, 19.518052 ], [ 85.180431, 19.475002 ], [ 85.069509, 19.372138 ], [ 84.99586, 19.32331 ], [ 84.872081, 19.219875 ], [ 84.791026, 19.120592 ], [ 84.777761, 19.116197 ], [ 84.775157, 19.115302 ], [ 84.764415, 19.12344 ], [ 84.750662, 19.138373 ], [ 84.73878, 19.14765 ], [ 84.733653, 19.139146 ], [ 84.731212, 19.128811 ], [ 84.720958, 19.114244 ], [ 84.719981, 19.10163 ], [ 84.72283, 19.096015 ], [ 84.735362, 19.083197 ], [ 84.740489, 19.073676 ], [ 84.756847, 19.097642 ], [ 84.760997, 19.10163 ], [ 84.767833, 19.101793 ], [ 84.775238, 19.100491 ], [ 84.78004, 19.097073 ], [ 84.778331, 19.09101 ], [ 84.75115, 19.0539 ], [ 84.741059, 19.028144 ], [ 84.699474, 18.977484 ], [ 84.679535, 18.945705 ], [ 84.66505, 18.930121 ], [ 84.63087, 18.915717 ], [ 84.547862, 18.796088 ], [ 84.54184, 18.775784 ], [ 84.448253, 18.68065 ], [ 84.437185, 18.662787 ], [ 84.432628, 18.645697 ], [ 84.423676, 18.636461 ], [ 84.370453, 18.601304 ], [ 84.349457, 18.56981 ], [ 84.332856, 18.553697 ], [ 84.312266, 18.546698 ], [ 84.306326, 18.543687 ], [ 84.288585, 18.529771 ], [ 84.281749, 18.52558 ], [ 84.272716, 18.524319 ], [ 84.250011, 18.524237 ], [ 84.246918, 18.52558 ], [ 84.237641, 18.510932 ], [ 84.24936, 18.501654 ], [ 84.271007, 18.50019 ], [ 84.297699, 18.516303 ], [ 84.326182, 18.537421 ], [ 84.349946, 18.552924 ], [ 84.331228, 18.538642 ], [ 84.287934, 18.505764 ], [ 84.240082, 18.460761 ], [ 84.230479, 18.446234 ], [ 84.188324, 18.418036 ], [ 84.17449, 18.399848 ], [ 84.152843, 18.383612 ], [ 84.143891, 18.374823 ], [ 84.138927, 18.364163 ], [ 84.136485, 18.353583 ], [ 84.132823, 18.343411 ], [ 84.124034, 18.333808 ], [ 84.113129, 18.298285 ], [ 84.077403, 18.271552 ], [ 83.775157, 18.139594 ], [ 83.613943, 18.045152 ], [ 83.582286, 18.01911 ], [ 83.576182, 18.009752 ], [ 83.562836, 17.9831 ], [ 83.55836, 17.977525 ], [ 83.556651, 17.973456 ], [ 83.53891, 17.956285 ], [ 83.534434, 17.953315 ], [ 83.526134, 17.942532 ], [ 83.486583, 17.916897 ], [ 83.472911, 17.902493 ], [ 83.465587, 17.902493 ], [ 83.462901, 17.908515 ], [ 83.451915, 17.922919 ], [ 83.448985, 17.906887 ], [ 83.452403, 17.886217 ], [ 83.452973, 17.868476 ], [ 83.431163, 17.854234 ], [ 83.425304, 17.838609 ], [ 83.417735, 17.80622 ], [ 83.402354, 17.784491 ], [ 83.341319, 17.717434 ], [ 83.319102, 17.703192 ], [ 83.313243, 17.701158 ], [ 83.304373, 17.692206 ], [ 83.298595, 17.690131 ], [ 83.292735, 17.691148 ], [ 83.289561, 17.693264 ], [ 83.287446, 17.69538 ], [ 83.284679, 17.696357 ], [ 83.282237, 17.699286 ], [ 83.280284, 17.705959 ], [ 83.276378, 17.71308 ], [ 83.26824, 17.717475 ], [ 83.246918, 17.716254 ], [ 83.242035, 17.706529 ], [ 83.249278, 17.69538 ], [ 83.271983, 17.688137 ], [ 83.292491, 17.677476 ], [ 83.298595, 17.672797 ], [ 83.299083, 17.664293 ], [ 83.289236, 17.65762 ], [ 83.26824, 17.648586 ], [ 83.255138, 17.638129 ], [ 83.246918, 17.634223 ], [ 83.212901, 17.634914 ], [ 83.233897, 17.607733 ], [ 83.238943, 17.592963 ], [ 83.222911, 17.586493 ], [ 83.209239, 17.583686 ], [ 83.196137, 17.576809 ], [ 83.171397, 17.559801 ], [ 83.088227, 17.530707 ], [ 83.053233, 17.506496 ], [ 83.019867, 17.490912 ], [ 82.99643, 17.473456 ], [ 82.975841, 17.453681 ], [ 82.969574, 17.4501 ], [ 82.95281, 17.44595 ], [ 82.945486, 17.443101 ], [ 82.896821, 17.409329 ], [ 82.888682, 17.410142 ], [ 82.883311, 17.422065 ], [ 82.869151, 17.414008 ], [ 82.854259, 17.402818 ], [ 82.837657, 17.392768 ], [ 82.796397, 17.383043 ], [ 82.758149, 17.359198 ], [ 82.718516, 17.348619 ], [ 82.474864, 17.205959 ], [ 82.451915, 17.18244 ], [ 82.435069, 17.153795 ], [ 82.422862, 17.13996 ], [ 82.387706, 17.126939 ], [ 82.370372, 17.110093 ], [ 82.342052, 17.073188 ], [ 82.311697, 17.046617 ], [ 82.299327, 17.030341 ], [ 82.291677, 16.99844 ], [ 82.252696, 16.929185 ], [ 82.250743, 16.907864 ], [ 82.255138, 16.885321 ], [ 82.267914, 16.867499 ], [ 82.29835, 16.858466 ], [ 82.303559, 16.854193 ], [ 82.308116, 16.849555 ], [ 82.31422, 16.846625 ], [ 82.319591, 16.847235 ], [ 82.327159, 16.849433 ], [ 82.333344, 16.852118 ], [ 82.334646, 16.854071 ], [ 82.352061, 16.845404 ], [ 82.362478, 16.859076 ], [ 82.361176, 16.891343 ], [ 82.357432, 16.924872 ], [ 82.348888, 16.956488 ], [ 82.361176, 16.936021 ], [ 82.366547, 16.908637 ], [ 82.367442, 16.860297 ], [ 82.365571, 16.811591 ], [ 82.352061, 16.761298 ], [ 82.345958, 16.706122 ], [ 82.338145, 16.678412 ], [ 82.31422, 16.62816 ], [ 82.312348, 16.619859 ], [ 82.313813, 16.612982 ], [ 82.312836, 16.60814 ], [ 82.303966, 16.606431 ], [ 82.299327, 16.610093 ], [ 82.293793, 16.625637 ], [ 82.286876, 16.62816 ], [ 82.280935, 16.620836 ], [ 82.285492, 16.606513 ], [ 82.296072, 16.59101 ], [ 82.307384, 16.579779 ], [ 82.259044, 16.565497 ], [ 82.203461, 16.512681 ], [ 82.188243, 16.504055 ], [ 82.173025, 16.500922 ], [ 82.122895, 16.477362 ], [ 82.090668, 16.454779 ], [ 82.068614, 16.444281 ], [ 82.037364, 16.447659 ], [ 82.022716, 16.435736 ], [ 82.007823, 16.419582 ], [ 81.992686, 16.408433 ], [ 81.9817, 16.407864 ], [ 81.967947, 16.408922 ], [ 81.956228, 16.407172 ], [ 81.94809, 16.391547 ], [ 81.940766, 16.388373 ], [ 81.899913, 16.38581 ], [ 81.880544, 16.381659 ], [ 81.861664, 16.375393 ], [ 81.783214, 16.338568 ], [ 81.76295, 16.322577 ], [ 81.717621, 16.312201 ], [ 81.711599, 16.312201 ], [ 81.696056, 16.314927 ], [ 81.676931, 16.327379 ], [ 81.656261, 16.337348 ], [ 81.636404, 16.332709 ], [ 81.620942, 16.339504 ], [ 81.584972, 16.342108 ], [ 81.568126, 16.346381 ], [ 81.573904, 16.358344 ], [ 81.569184, 16.36758 ], [ 81.556977, 16.373033 ], [ 81.540212, 16.373684 ], [ 81.549083, 16.352362 ], [ 81.535981, 16.350043 ], [ 81.49586, 16.360663 ], [ 81.475352, 16.358629 ], [ 81.416677, 16.340155 ], [ 81.421153, 16.350979 ], [ 81.426117, 16.35871 ], [ 81.428233, 16.365668 ], [ 81.424083, 16.373684 ], [ 81.411388, 16.382514 ], [ 81.398936, 16.382636 ], [ 81.386974, 16.376776 ], [ 81.375743, 16.367499 ], [ 81.35963, 16.374335 ], [ 81.345225, 16.373603 ], [ 81.331554, 16.369778 ], [ 81.317393, 16.367499 ], [ 81.259613, 16.332709 ], [ 81.248546, 16.320136 ], [ 81.249848, 16.311021 ], [ 81.256033, 16.301825 ], [ 81.259613, 16.288642 ], [ 81.254161, 16.271308 ], [ 81.230317, 16.243598 ], [ 81.218516, 16.199449 ], [ 81.190278, 16.138861 ], [ 81.180024, 16.086737 ], [ 81.161957, 16.057074 ], [ 81.156016, 16.03852 ], [ 81.155447, 15.9855 ], [ 81.14975, 15.969631 ], [ 81.135102, 15.966498 ], [ 81.088227, 15.92121 ], [ 81.043305, 15.89411 ], [ 81.026866, 15.880845 ], [ 80.998871, 15.846747 ], [ 80.998383, 15.834703 ], [ 81.00294, 15.825263 ], [ 81.0088, 15.817816 ], [ 81.012543, 15.811957 ], [ 81.019216, 15.792385 ], [ 81.019054, 15.784166 ], [ 81.012543, 15.777818 ], [ 81.004731, 15.77851 ], [ 80.99586, 15.784329 ], [ 80.988292, 15.791205 ], [ 80.979015, 15.803412 ], [ 80.949474, 15.827867 ], [ 80.940684, 15.832994 ], [ 80.921641, 15.838609 ], [ 80.910004, 15.852688 ], [ 80.904307, 15.871283 ], [ 80.90268, 15.890815 ], [ 80.910167, 15.965888 ], [ 80.908946, 15.983466 ], [ 80.906016, 15.999823 ], [ 80.896495, 16.031073 ], [ 80.892263, 16.020941 ], [ 80.896495, 16.010565 ], [ 80.889008, 16.00373 ], [ 80.885753, 16.008694 ], [ 80.882823, 16.011461 ], [ 80.875336, 16.017401 ], [ 80.891287, 15.978258 ], [ 80.895763, 15.936021 ], [ 80.890147, 15.89525 ], [ 80.855724, 15.822699 ], [ 80.830251, 15.747626 ], [ 80.820079, 15.726874 ], [ 80.80714, 15.716376 ], [ 80.80836, 15.803941 ], [ 80.802745, 15.842434 ], [ 80.776134, 15.884263 ], [ 80.760102, 15.892971 ], [ 80.736339, 15.89761 ], [ 80.69044, 15.900702 ], [ 80.682465, 15.903266 ], [ 80.67628, 15.907172 ], [ 80.670177, 15.907701 ], [ 80.663097, 15.900702 ], [ 80.660411, 15.893948 ], [ 80.662852, 15.88935 ], [ 80.618419, 15.887681 ], [ 80.600108, 15.882229 ], [ 80.584321, 15.872545 ], [ 80.571137, 15.86872 ], [ 80.56072, 15.880845 ], [ 80.553884, 15.880845 ], [ 80.541677, 15.868069 ], [ 80.52589, 15.85692 ], [ 80.491873, 15.83926 ], [ 80.482677, 15.836412 ], [ 80.475597, 15.835924 ], [ 80.469086, 15.834662 ], [ 80.461436, 15.829657 ], [ 80.445486, 15.814399 ], [ 80.43629, 15.808295 ], [ 80.393321, 15.797024 ], [ 80.35963, 15.775824 ], [ 80.279633, 15.70067 ], [ 80.263194, 15.674547 ], [ 80.219493, 15.56745 ], [ 80.217459, 15.548163 ], [ 80.201345, 15.518297 ], [ 80.197602, 15.503079 ], [ 80.211192, 15.496649 ], [ 80.20045, 15.482164 ], [ 80.183849, 15.452297 ], [ 80.172862, 15.4383 ], [ 80.14031, 15.406399 ], [ 80.126801, 15.388129 ], [ 80.121267, 15.370022 ], [ 80.090587, 15.304877 ], [ 80.09254, 15.296576 ], [ 80.082367, 15.204088 ], [ 80.052989, 15.092597 ], [ 80.054535, 15.014146 ], [ 80.061534, 14.974677 ], [ 80.073416, 14.942043 ], [ 80.073009, 14.920559 ], [ 80.105154, 14.763861 ], [ 80.108165, 14.714342 ], [ 80.110688, 14.704779 ], [ 80.116954, 14.698147 ], [ 80.128184, 14.688463 ], [ 80.151866, 14.672797 ], [ 80.159841, 14.662665 ], [ 80.166352, 14.62816 ], [ 80.173595, 14.616523 ], [ 80.178477, 14.60578 ], [ 80.175955, 14.592963 ], [ 80.169688, 14.585842 ], [ 80.160899, 14.57982 ], [ 80.141856, 14.571234 ], [ 80.149181, 14.565009 ], [ 80.159353, 14.565741 ], [ 80.183279, 14.571112 ], [ 80.190196, 14.571234 ], [ 80.196951, 14.565009 ], [ 80.196056, 14.559027 ], [ 80.192393, 14.553209 ], [ 80.190196, 14.547593 ], [ 80.188243, 14.525702 ], [ 80.175955, 14.468736 ], [ 80.178722, 14.38939 ], [ 80.174978, 14.34455 ], [ 80.159434, 14.324774 ], [ 80.137055, 14.269924 ], [ 80.128184, 14.256537 ], [ 80.097911, 14.254299 ], [ 80.087169, 14.250312 ], [ 80.071788, 14.232245 ], [ 80.070079, 14.229193 ], [ 80.055024, 14.221584 ], [ 80.046641, 14.20661 ], [ 80.050629, 14.196112 ], [ 80.073497, 14.20185 ], [ 80.090994, 14.216742 ], [ 80.106619, 14.234036 ], [ 80.121104, 14.242011 ], [ 80.13559, 14.229193 ], [ 80.123383, 14.193508 ], [ 80.125824, 14.148505 ], [ 80.149669, 14.027737 ], [ 80.16391, 13.987982 ], [ 80.237153, 13.839667 ], [ 80.249278, 13.800279 ], [ 80.245453, 13.755601 ], [ 80.227387, 13.720526 ], [ 80.220958, 13.696967 ], [ 80.227712, 13.677069 ], [ 80.238048, 13.660224 ], [ 80.259044, 13.591742 ], [ 80.288097, 13.527086 ], [ 80.309581, 13.479315 ], [ 80.313731, 13.440904 ], [ 80.306895, 13.440904 ], [ 80.277761, 13.512519 ], [ 80.245453, 13.591742 ], [ 80.197276, 13.643622 ], [ 80.183604, 13.679185 ], [ 80.152517, 13.71894 ], [ 80.141856, 13.728949 ], [ 80.141775, 13.649115 ], [ 80.13559, 13.619086 ], [ 80.121267, 13.627265 ], [ 80.117686, 13.638861 ], [ 80.121267, 13.663764 ], [ 80.117849, 13.674506 ], [ 80.109874, 13.680732 ], [ 80.100841, 13.686265 ], [ 80.094005, 13.69477 ], [ 80.093598, 13.671332 ], [ 80.091319, 13.659125 ], [ 80.075531, 13.648383 ], [ 80.052989, 13.619086 ], [ 80.056488, 13.59516 ], [ 80.069509, 13.574408 ], [ 80.101329, 13.537095 ], [ 80.112071, 13.511542 ], [ 80.119395, 13.500678 ], [ 80.131847, 13.496161 ], [ 80.153087, 13.494208 ], [ 80.175955, 13.489325 ], [ 80.219737, 13.487779 ], [ 80.227712, 13.485582 ], [ 80.235118, 13.478095 ], [ 80.243419, 13.472154 ], [ 80.253429, 13.468655 ], [ 80.260183, 13.468451 ], [ 80.26588, 13.468248 ], [ 80.26238, 13.451239 ], [ 80.27475, 13.440009 ], [ 80.293142, 13.429145 ], [ 80.306895, 13.413031 ], [ 80.312266, 13.423163 ], [ 80.313731, 13.427232 ], [ 80.326996, 13.430365 ], [ 80.333995, 13.413031 ], [ 80.344005, 13.375434 ], [ 80.34783, 13.349066 ], [ 80.345551, 13.321234 ], [ 80.336274, 13.270941 ], [ 80.334158, 13.242906 ], [ 80.323741, 13.246894 ], [ 80.319835, 13.249172 ], [ 80.318044, 13.230902 ], [ 80.313731, 13.215033 ], [ 80.318207, 13.216986 ], [ 80.334158, 13.221177 ], [ 80.332774, 13.198147 ], [ 80.324229, 13.180365 ], [ 80.313813, 13.164293 ], [ 80.306895, 13.146064 ], [ 80.30714, 13.135647 ], [ 80.313731, 13.10578 ], [ 80.307953, 13.096015 ], [ 80.289724, 13.076728 ], [ 80.285818, 13.067572 ], [ 80.282725, 13.029364 ], [ 80.269054, 12.957261 ], [ 80.263194, 12.835354 ], [ 80.25172, 12.762519 ], [ 80.233653, 12.711005 ], [ 80.228689, 12.674994 ], [ 80.222179, 12.65998 ], [ 80.203868, 12.632148 ], [ 80.196462, 12.613715 ], [ 80.185069, 12.567125 ], [ 80.18336, 12.54682 ], [ 80.179698, 12.53262 ], [ 80.156016, 12.474514 ], [ 80.121267, 12.416815 ], [ 80.117035, 12.400946 ], [ 80.095958, 12.36225 ], [ 80.087169, 12.35102 ], [ 80.063731, 12.33747 ], [ 80.059825, 12.334215 ], [ 80.057465, 12.331244 ], [ 80.025727, 12.276516 ], [ 80.005138, 12.256049 ], [ 79.952159, 12.229926 ], [ 79.943858, 12.217841 ], [ 79.953136, 12.213568 ], [ 79.973806, 12.222398 ], [ 80.005138, 12.241767 ], [ 79.947602, 12.153632 ], [ 79.933604, 12.138739 ], [ 79.927501, 12.129869 ], [ 79.896983, 12.068752 ], [ 79.870128, 12.037421 ], [ 79.861827, 12.02204 ], [ 79.860525, 12.011542 ], [ 79.861827, 11.977973 ], [ 79.85963, 11.972724 ], [ 79.850352, 11.959133 ], [ 79.849539, 11.955064 ], [ 79.844981, 11.933254 ], [ 79.820323, 11.878648 ], [ 79.803233, 11.796088 ], [ 79.792735, 11.788072 ], [ 79.785899, 11.769192 ], [ 79.7671, 11.673651 ], [ 79.763438, 11.634263 ], [ 79.754161, 11.596991 ], [ 79.751964, 11.576972 ], [ 79.757335, 11.536078 ], [ 79.780772, 11.465074 ], [ 79.785981, 11.426174 ], [ 79.792979, 11.426174 ], [ 79.797374, 11.434882 ], [ 79.799164, 11.442206 ], [ 79.797618, 11.44831 ], [ 79.792979, 11.453518 ], [ 79.809337, 11.451361 ], [ 79.816661, 11.443061 ], [ 79.821951, 11.391059 ], [ 79.819347, 11.381496 ], [ 79.810313, 11.378892 ], [ 79.782725, 11.378892 ], [ 79.776052, 11.380357 ], [ 79.769298, 11.380927 ], [ 79.7588, 11.378363 ], [ 79.749848, 11.373684 ], [ 79.740408, 11.366441 ], [ 79.684337, 11.312201 ], [ 79.67628, 11.296454 ], [ 79.683116, 11.296454 ], [ 79.6963, 11.303412 ], [ 79.742035, 11.335598 ], [ 79.751964, 11.340522 ], [ 79.759288, 11.358344 ], [ 79.776378, 11.362982 ], [ 79.796886, 11.359036 ], [ 79.823741, 11.346666 ], [ 79.829926, 11.346096 ], [ 79.833018, 11.341986 ], [ 79.834972, 11.263861 ], [ 79.855317, 11.159857 ], [ 79.852224, 11.006985 ], [ 79.84669, 10.979844 ], [ 79.840668, 10.950141 ], [ 79.847341, 10.809638 ], [ 79.849864, 10.755194 ], [ 79.850271, 10.592108 ], [ 79.85963, 10.551459 ], [ 79.86378, 10.37873 ], [ 79.8567, 10.29328 ], [ 79.851329, 10.282213 ], [ 79.834321, 10.278754 ], [ 79.814626, 10.272406 ], [ 79.795095, 10.269232 ], [ 79.778575, 10.275377 ], [ 79.78004, 10.296617 ], [ 79.757091, 10.309068 ], [ 79.633149, 10.328599 ], [ 79.621267, 10.324164 ], [ 79.614106, 10.309556 ], [ 79.630382, 10.310492 ], [ 79.646495, 10.309638 ], [ 79.661794, 10.307074 ], [ 79.67628, 10.30272 ], [ 79.684581, 10.298733 ], [ 79.694672, 10.291653 ], [ 79.703624, 10.289049 ], [ 79.730805, 10.289049 ], [ 79.758962, 10.282213 ], [ 79.773692, 10.273668 ], [ 79.772472, 10.261705 ], [ 79.759776, 10.258246 ], [ 79.580089, 10.295885 ], [ 79.563487, 10.297105 ], [ 79.556651, 10.298651 ], [ 79.552745, 10.30272 ], [ 79.551768, 10.3133 ], [ 79.556895, 10.316067 ], [ 79.565196, 10.315741 ], [ 79.573904, 10.316962 ], [ 79.604015, 10.329088 ], [ 79.607107, 10.336005 ], [ 79.586925, 10.343695 ], [ 79.567719, 10.335883 ], [ 79.528575, 10.338324 ], [ 79.532237, 10.330024 ], [ 79.532237, 10.323188 ], [ 79.511485, 10.316596 ], [ 79.459727, 10.308295 ], [ 79.437266, 10.309556 ], [ 79.411957, 10.32099 ], [ 79.398123, 10.324652 ], [ 79.385509, 10.320136 ], [ 79.36378, 10.301907 ], [ 79.304942, 10.268134 ], [ 79.286143, 10.252834 ], [ 79.272227, 10.234442 ], [ 79.270274, 10.223334 ], [ 79.270681, 10.20954 ], [ 79.269216, 10.197821 ], [ 79.261974, 10.192857 ], [ 79.248302, 10.189195 ], [ 79.240001, 10.179755 ], [ 79.236339, 10.166571 ], [ 79.237478, 10.151923 ], [ 79.244314, 10.084947 ], [ 79.254161, 10.054267 ], [ 79.279063, 10.035834 ], [ 79.240733, 10.010565 ], [ 79.200369, 9.970282 ], [ 79.141856, 9.891181 ], [ 79.121349, 9.850246 ], [ 79.103526, 9.830146 ], [ 79.100841, 9.826077 ], [ 79.094086, 9.802314 ], [ 79.07781, 9.782172 ], [ 79.038829, 9.747219 ], [ 78.980805, 9.667182 ], [ 78.979828, 9.658637 ], [ 78.980235, 9.649115 ], [ 78.977306, 9.637926 ], [ 78.97283, 9.631293 ], [ 78.962087, 9.622707 ], [ 78.956798, 9.617499 ], [ 78.94752, 9.602851 ], [ 78.938324, 9.583686 ], [ 78.931488, 9.561672 ], [ 78.925304, 9.513617 ], [ 78.913259, 9.47427 ], [ 78.915294, 9.45303 ], [ 78.933442, 9.416449 ], [ 78.959727, 9.384955 ], [ 79.039887, 9.314683 ], [ 79.074718, 9.299872 ], [ 79.115571, 9.291246 ], [ 79.25172, 9.28852 ], [ 79.273774, 9.296698 ], [ 79.29713, 9.312649 ], [ 79.320079, 9.32331 ], [ 79.341075, 9.315863 ], [ 79.345714, 9.306545 ], [ 79.34254, 9.299018 ], [ 79.336681, 9.290473 ], [ 79.333669, 9.278266 ], [ 79.335704, 9.267646 ], [ 79.340587, 9.260932 ], [ 79.345225, 9.255927 ], [ 79.347341, 9.250312 ], [ 79.353526, 9.240912 ], [ 79.367931, 9.227607 ], [ 79.438243, 9.176337 ], [ 79.453624, 9.159003 ], [ 79.440278, 9.151353 ], [ 79.424001, 9.159084 ], [ 79.361013, 9.213446 ], [ 79.292735, 9.250312 ], [ 79.232432, 9.25788 ], [ 79.21697, 9.267401 ], [ 79.20102, 9.266506 ], [ 79.184093, 9.271796 ], [ 79.165375, 9.274237 ], [ 79.129405, 9.256334 ], [ 79.098643, 9.257229 ], [ 79.087169, 9.253811 ], [ 79.060802, 9.264594 ], [ 79.025727, 9.273749 ], [ 78.988943, 9.278266 ], [ 78.956798, 9.274848 ], [ 78.948985, 9.270494 ], [ 78.928966, 9.253811 ], [ 78.918468, 9.251614 ], [ 78.911306, 9.252143 ], [ 78.90447, 9.253567 ], [ 78.895518, 9.253811 ], [ 78.861013, 9.248969 ], [ 78.843761, 9.243964 ], [ 78.815196, 9.22842 ], [ 78.77711, 9.219387 ], [ 78.761567, 9.209703 ], [ 78.751964, 9.200588 ], [ 78.740733, 9.192816 ], [ 78.727794, 9.187445 ], [ 78.67628, 9.184149 ], [ 78.661306, 9.177191 ], [ 78.655121, 9.161566 ], [ 78.648936, 9.151435 ], [ 78.634776, 9.144599 ], [ 78.618826, 9.14053 ], [ 78.48585, 9.124823 ], [ 78.44988, 9.116604 ], [ 78.41212, 9.09984 ], [ 78.377452, 9.07746 ], [ 78.239757, 8.965562 ], [ 78.217621, 8.938951 ], [ 78.182791, 8.877102 ], [ 78.177908, 8.86107 ], [ 78.17449, 8.79442 ], [ 78.170421, 8.771877 ], [ 78.162364, 8.753485 ], [ 78.175792, 8.763902 ], [ 78.188731, 8.765448 ], [ 78.20045, 8.76968 ], [ 78.210216, 8.788275 ], [ 78.21518, 8.765448 ], [ 78.2046, 8.753323 ], [ 78.186534, 8.74494 ], [ 78.1692, 8.733629 ], [ 78.164806, 8.726508 ], [ 78.154959, 8.698879 ], [ 78.140473, 8.680609 ], [ 78.136729, 8.669867 ], [ 78.142589, 8.657904 ], [ 78.114594, 8.657904 ], [ 78.135509, 8.6258 ], [ 78.142345, 8.593085 ], [ 78.128266, 8.488023 ], [ 78.123302, 8.477525 ], [ 78.114594, 8.466132 ], [ 78.087169, 8.440497 ], [ 78.079845, 8.431952 ], [ 78.062755, 8.373196 ], [ 78.055919, 8.363715 ], [ 78.038829, 8.360907 ], [ 77.999766, 8.344916 ], [ 77.806163, 8.228664 ], [ 77.793468, 8.215318 ], [ 77.768321, 8.181545 ], [ 77.752452, 8.173814 ], [ 77.643809, 8.155707 ], [ 77.595225, 8.138983 ], [ 77.561046, 8.114569 ], [ 77.565278, 8.082506 ], [ 77.510916, 8.075995 ], [ 77.449718, 8.08747 ], [ 77.315603, 8.127753 ], [ 77.308604, 8.130927 ], [ 77.294688, 8.14704 ], [ 77.286794, 8.15351 ], [ 77.26295, 8.168402 ], [ 77.238943, 8.175116 ], [ 77.225271, 8.184394 ], [ 77.128754, 8.271796 ], [ 77.110362, 8.285183 ], [ 76.99586, 8.368109 ], [ 76.962576, 8.40469 ], [ 76.880138, 8.520697 ], [ 76.826508, 8.56981 ], [ 76.813731, 8.601264 ], [ 76.74171, 8.684516 ], [ 76.731293, 8.707953 ], [ 76.695649, 8.739814 ], [ 76.66033, 8.79975 ], [ 76.644542, 8.818996 ], [ 76.558604, 8.890692 ], [ 76.543956, 8.912502 ], [ 76.548106, 8.924221 ], [ 76.559093, 8.925238 ], [ 76.573253, 8.904446 ], [ 76.591156, 8.908149 ], [ 76.609874, 8.917955 ], [ 76.620616, 8.925442 ], [ 76.60727, 8.925767 ], [ 76.593761, 8.921047 ], [ 76.581554, 8.919908 ], [ 76.572276, 8.931627 ], [ 76.573985, 8.942572 ], [ 76.582286, 8.956366 ], [ 76.593272, 8.968207 ], [ 76.603282, 8.973212 ], [ 76.657563, 8.966376 ], [ 76.660818, 8.969875 ], [ 76.65211, 8.977281 ], [ 76.640391, 8.984442 ], [ 76.634288, 8.986884 ], [ 76.641938, 8.99136 ], [ 76.656505, 8.995063 ], [ 76.668468, 8.999823 ], [ 76.668468, 9.007392 ], [ 76.657888, 9.010688 ], [ 76.644054, 9.00788 ], [ 76.632091, 9.002346 ], [ 76.62672, 8.997463 ], [ 76.620616, 8.987128 ], [ 76.606456, 8.989407 ], [ 76.582774, 9.000556 ], [ 76.576834, 8.994127 ], [ 76.565929, 8.963284 ], [ 76.558604, 8.952094 ], [ 76.551117, 8.966376 ], [ 76.558116, 8.973049 ], [ 76.561534, 8.97899 ], [ 76.56544, 8.99433 ], [ 76.549653, 8.984442 ], [ 76.538829, 8.972602 ], [ 76.534434, 8.957831 ], [ 76.538097, 8.939114 ], [ 76.528087, 8.946967 ], [ 76.521495, 8.96133 ], [ 76.517914, 8.977444 ], [ 76.516856, 8.990627 ], [ 76.513845, 9.002143 ], [ 76.500173, 9.022284 ], [ 76.489268, 9.055569 ], [ 76.46046, 9.114936 ], [ 76.462413, 9.138332 ], [ 76.464529, 9.132514 ], [ 76.466645, 9.128974 ], [ 76.468272, 9.124579 ], [ 76.469086, 9.116604 ], [ 76.476573, 9.116604 ], [ 76.476248, 9.131252 ], [ 76.482758, 9.17182 ], [ 76.473318, 9.164252 ], [ 76.470958, 9.160142 ], [ 76.469086, 9.151353 ], [ 76.462413, 9.151353 ], [ 76.44337, 9.212144 ], [ 76.428233, 9.245347 ], [ 76.414561, 9.246975 ], [ 76.416026, 9.236314 ], [ 76.446788, 9.159613 ], [ 76.448741, 9.145168 ], [ 76.442556, 9.145168 ], [ 76.362966, 9.325181 ], [ 76.311778, 9.492987 ], [ 76.291026, 9.633205 ], [ 76.29713, 9.658433 ], [ 76.277354, 9.809272 ], [ 76.253184, 9.883734 ], [ 76.246755, 9.893744 ], [ 76.240245, 9.939399 ], [ 76.236339, 9.952704 ], [ 76.251475, 9.963121 ], [ 76.269542, 9.950995 ], [ 76.284679, 9.928534 ], [ 76.291026, 9.908596 ], [ 76.285655, 9.904364 ], [ 76.262218, 9.911566 ], [ 76.256847, 9.908596 ], [ 76.25766, 9.895819 ], [ 76.26059, 9.884711 ], [ 76.266856, 9.876044 ], [ 76.277354, 9.870754 ], [ 76.278575, 9.876899 ], [ 76.28419, 9.891181 ], [ 76.289073, 9.877143 ], [ 76.288259, 9.861233 ], [ 76.284434, 9.848212 ], [ 76.280772, 9.842841 ], [ 76.289806, 9.843817 ], [ 76.299978, 9.847805 ], [ 76.304698, 9.856269 ], [ 76.29713, 9.870754 ], [ 76.308604, 9.879625 ], [ 76.313813, 9.861314 ], [ 76.338878, 9.699408 ], [ 76.346202, 9.699408 ], [ 76.347341, 9.726874 ], [ 76.337576, 9.789252 ], [ 76.346202, 9.816107 ], [ 76.323985, 9.846177 ], [ 76.320079, 9.86164 ], [ 76.332693, 9.870754 ], [ 76.337413, 9.856187 ], [ 76.353038, 9.82982 ], [ 76.359223, 9.816107 ], [ 76.361095, 9.80386 ], [ 76.358653, 9.781806 ], [ 76.359223, 9.768297 ], [ 76.368012, 9.715562 ], [ 76.377126, 9.695502 ], [ 76.394054, 9.678941 ], [ 76.392426, 9.662828 ], [ 76.386567, 9.649848 ], [ 76.379161, 9.637763 ], [ 76.372895, 9.624335 ], [ 76.353282, 9.535346 ], [ 76.357432, 9.520697 ], [ 76.37672, 9.514472 ], [ 76.425792, 9.505276 ], [ 76.435069, 9.507636 ], [ 76.458995, 9.497301 ], [ 76.477061, 9.50373 ], [ 76.503266, 9.53498 ], [ 76.484386, 9.543769 ], [ 76.466563, 9.556383 ], [ 76.448497, 9.563422 ], [ 76.428233, 9.555406 ], [ 76.417247, 9.561428 ], [ 76.406993, 9.569078 ], [ 76.419688, 9.594184 ], [ 76.419607, 9.614488 ], [ 76.41505, 9.636176 ], [ 76.414561, 9.682685 ], [ 76.410004, 9.700263 ], [ 76.402599, 9.710598 ], [ 76.394054, 9.706244 ], [ 76.3921, 9.716946 ], [ 76.394786, 9.735175 ], [ 76.394054, 9.747219 ], [ 76.390798, 9.756985 ], [ 76.382091, 9.774726 ], [ 76.380382, 9.785102 ], [ 76.384044, 9.802639 ], [ 76.391287, 9.812201 ], [ 76.396495, 9.822659 ], [ 76.394054, 9.842841 ], [ 76.38559, 9.861518 ], [ 76.36378, 9.899237 ], [ 76.359223, 9.915432 ], [ 76.320811, 9.953315 ], [ 76.311534, 9.966946 ], [ 76.294281, 9.951321 ], [ 76.278168, 9.977932 ], [ 76.269298, 10.016262 ], [ 76.273936, 10.035834 ], [ 76.255056, 10.047675 ], [ 76.245128, 10.1022 ], [ 76.236339, 10.103461 ], [ 76.227712, 10.109565 ], [ 76.222911, 10.117621 ], [ 76.215343, 10.138251 ], [ 76.20753, 10.117133 ], [ 76.213552, 10.098822 ], [ 76.223481, 10.082099 ], [ 76.229015, 10.065904 ], [ 76.230968, 10.025824 ], [ 76.235037, 10.005072 ], [ 76.242686, 9.987454 ], [ 76.228201, 9.999945 ], [ 76.21461, 10.024482 ], [ 76.182384, 10.105658 ], [ 76.181163, 10.121161 ], [ 76.184906, 10.13581 ], [ 76.184581, 10.144924 ], [ 76.177745, 10.155341 ], [ 76.177501, 10.17064 ], [ 76.224132, 10.196926 ], [ 76.236339, 10.210273 ], [ 76.237315, 10.216986 ], [ 76.24171, 10.223944 ], [ 76.242686, 10.231024 ], [ 76.240245, 10.238959 ], [ 76.234386, 10.237942 ], [ 76.227794, 10.23428 ], [ 76.22283, 10.234442 ], [ 76.21339, 10.253241 ], [ 76.206309, 10.262885 ], [ 76.194835, 10.268622 ], [ 76.207856, 10.234565 ], [ 76.209483, 10.21601 ], [ 76.201671, 10.199693 ], [ 76.184093, 10.189358 ], [ 76.170584, 10.193752 ], [ 76.160492, 10.206244 ], [ 76.153168, 10.22016 ], [ 76.138194, 10.261054 ], [ 76.120616, 10.343573 ], [ 76.10613, 10.38467 ], [ 76.070079, 10.432807 ], [ 76.065115, 10.449856 ], [ 76.063324, 10.47016 ], [ 76.052419, 10.513983 ], [ 76.044607, 10.529283 ], [ 76.018728, 10.553412 ], [ 76.008067, 10.567084 ], [ 75.999685, 10.605536 ], [ 75.939138, 10.72606 ], [ 75.934744, 10.74433 ], [ 75.93214, 10.750963 ], [ 75.926931, 10.757717 ], [ 75.922048, 10.76557 ], [ 75.921072, 10.775702 ], [ 75.924083, 10.780707 ], [ 75.936534, 10.790717 ], [ 75.94158, 10.79621 ], [ 75.911143, 10.809231 ], [ 75.894542, 10.849758 ], [ 75.880138, 10.932685 ], [ 75.832774, 11.097846 ], [ 75.742931, 11.310126 ], [ 75.737804, 11.319485 ], [ 75.733653, 11.325181 ], [ 75.730805, 11.331732 ], [ 75.729259, 11.343655 ], [ 75.739513, 11.350735 ], [ 75.742442, 11.35871 ], [ 75.735525, 11.371527 ], [ 75.722179, 11.367499 ], [ 75.711192, 11.381781 ], [ 75.69516, 11.419989 ], [ 75.677094, 11.4501 ], [ 75.664806, 11.462633 ], [ 75.650157, 11.46776 ], [ 75.630138, 11.468736 ], [ 75.616547, 11.473619 ], [ 75.608897, 11.484931 ], [ 75.606293, 11.505316 ], [ 75.600841, 11.523383 ], [ 75.581879, 11.549791 ], [ 75.585297, 11.563381 ], [ 75.530772, 11.693671 ], [ 75.506114, 11.72724 ], [ 75.379731, 11.864976 ], [ 75.372569, 11.864732 ], [ 75.355805, 11.857652 ], [ 75.35255, 11.861558 ], [ 75.349376, 11.871975 ], [ 75.324555, 11.899115 ], [ 75.307628, 11.932196 ], [ 75.326508, 11.935858 ], [ 75.400238, 11.920233 ], [ 75.400238, 11.926459 ], [ 75.386567, 11.935126 ], [ 75.382823, 11.945502 ], [ 75.385997, 11.958319 ], [ 75.393403, 11.97484 ], [ 75.380219, 11.968695 ], [ 75.361339, 11.951239 ], [ 75.349132, 11.947577 ], [ 75.331716, 11.94953 ], [ 75.316091, 11.955634 ], [ 75.302257, 11.966051 ], [ 75.290375, 11.981106 ], [ 75.278819, 12.003241 ], [ 75.281098, 12.010647 ], [ 75.314708, 12.008368 ], [ 75.329763, 12.012641 ], [ 75.324962, 12.02265 ], [ 75.305593, 12.041775 ], [ 75.30421, 12.043158 ], [ 75.264334, 12.013332 ], [ 75.260509, 11.997789 ], [ 75.276703, 11.967434 ], [ 75.245616, 12.002916 ], [ 75.239268, 12.008368 ], [ 75.233246, 12.010484 ], [ 75.228201, 12.015082 ], [ 75.224457, 12.019355 ], [ 75.222179, 12.02204 ], [ 75.216482, 12.021064 ], [ 75.210623, 12.016995 ], [ 75.207042, 12.01203 ], [ 75.208507, 12.008368 ], [ 75.193696, 12.022284 ], [ 75.18629, 12.041571 ], [ 75.180512, 12.077297 ], [ 75.143809, 12.161322 ], [ 75.13087, 12.207831 ], [ 75.139659, 12.241767 ], [ 75.139659, 12.248603 ], [ 75.12672, 12.245836 ], [ 75.11964, 12.239 ], [ 75.113943, 12.23017 ], [ 75.105479, 12.221259 ], [ 75.10613, 12.23371 ], [ 75.104747, 12.24608 ], [ 75.098643, 12.269029 ], [ 75.082856, 12.305894 ], [ 75.018403, 12.41474 ], [ 75.010997, 12.435777 ], [ 75.009939, 12.443793 ], [ 75.006602, 12.449449 ], [ 74.99936, 12.454901 ], [ 74.992035, 12.461737 ], [ 74.98878, 12.471381 ], [ 74.985362, 12.49136 ], [ 74.976736, 12.507025 ], [ 74.955251, 12.537258 ], [ 74.879649, 12.725491 ], [ 74.870128, 12.742865 ], [ 74.855724, 12.759426 ], [ 74.854259, 12.765286 ], [ 74.854747, 12.787014 ], [ 74.852306, 12.797309 ], [ 74.844005, 12.80801 ], [ 74.834972, 12.815823 ], [ 74.827647, 12.824652 ], [ 74.824962, 12.838202 ], [ 74.85141, 12.825507 ], [ 74.859141, 12.824612 ], [ 74.866954, 12.830024 ], [ 74.881114, 12.848049 ], [ 74.889822, 12.851874 ], [ 74.901134, 12.85342 ], [ 74.917491, 12.85814 ], [ 74.932872, 12.866441 ], [ 74.940929, 12.878607 ], [ 74.894786, 12.871161 ], [ 74.850597, 12.857164 ], [ 74.817556, 12.861762 ], [ 74.770274, 13.052436 ], [ 74.783376, 13.084662 ], [ 74.774099, 13.093411 ], [ 74.769216, 13.099555 ], [ 74.76295, 13.118801 ], [ 74.761892, 13.143134 ], [ 74.759776, 13.155219 ], [ 74.75294, 13.160386 ], [ 74.74879, 13.170844 ], [ 74.737804, 13.221381 ], [ 74.733409, 13.262763 ], [ 74.715099, 13.331041 ], [ 74.707205, 13.348375 ], [ 74.696137, 13.365953 ], [ 74.689464, 13.381578 ], [ 74.694591, 13.393134 ], [ 74.687511, 13.410346 ], [ 74.68336, 13.442816 ], [ 74.680919, 13.468248 ], [ 74.690766, 13.439114 ], [ 74.693696, 13.415269 ], [ 74.708263, 13.413031 ], [ 74.701915, 13.420356 ], [ 74.702403, 13.442613 ], [ 74.701427, 13.461371 ], [ 74.677094, 13.52676 ], [ 74.677989, 13.54914 ], [ 74.671397, 13.603949 ], [ 74.673513, 13.619086 ], [ 74.669932, 13.622016 ], [ 74.667979, 13.625149 ], [ 74.667166, 13.628607 ], [ 74.666677, 13.632758 ], [ 74.672862, 13.628892 ], [ 74.677094, 13.630316 ], [ 74.679698, 13.636461 ], [ 74.680919, 13.646959 ], [ 74.687185, 13.646959 ], [ 74.696788, 13.640448 ], [ 74.709972, 13.64057 ], [ 74.723806, 13.645575 ], [ 74.735606, 13.653795 ], [ 74.720551, 13.652289 ], [ 74.712901, 13.656195 ], [ 74.701427, 13.673733 ], [ 74.688324, 13.68594 ], [ 74.688975, 13.690863 ], [ 74.701427, 13.69477 ], [ 74.687755, 13.711819 ], [ 74.676036, 13.701077 ], [ 74.660492, 13.660061 ], [ 74.646983, 13.692084 ], [ 74.623057, 13.774156 ], [ 74.614594, 13.835517 ], [ 74.595958, 13.871487 ], [ 74.583995, 13.903876 ], [ 74.550792, 13.945502 ], [ 74.536388, 13.969875 ], [ 74.504731, 14.01024 ], [ 74.495372, 14.030585 ], [ 74.494802, 14.040717 ], [ 74.496267, 14.06151 ], [ 74.495372, 14.071519 ], [ 74.491384, 14.080634 ], [ 74.479177, 14.095649 ], [ 74.474864, 14.105699 ], [ 74.473155, 14.161689 ], [ 74.467459, 14.181383 ], [ 74.438731, 14.22012 ], [ 74.429047, 14.240424 ], [ 74.43336, 14.263373 ], [ 74.447032, 14.253974 ], [ 74.471039, 14.248684 ], [ 74.494965, 14.247463 ], [ 74.508962, 14.250312 ], [ 74.500011, 14.257961 ], [ 74.436371, 14.27969 ], [ 74.427745, 14.28384 ], [ 74.415375, 14.301093 ], [ 74.412608, 14.344794 ], [ 74.403575, 14.362982 ], [ 74.396983, 14.372748 ], [ 74.394379, 14.384914 ], [ 74.394216, 14.410793 ], [ 74.391856, 14.419013 ], [ 74.386729, 14.424221 ], [ 74.381602, 14.43122 ], [ 74.374278, 14.467271 ], [ 74.353852, 14.505072 ], [ 74.351899, 14.530219 ], [ 74.367035, 14.512356 ], [ 74.377452, 14.484605 ], [ 74.388845, 14.462714 ], [ 74.407237, 14.461982 ], [ 74.397634, 14.475409 ], [ 74.401134, 14.479722 ], [ 74.427745, 14.476264 ], [ 74.385427, 14.524115 ], [ 74.372406, 14.530219 ], [ 74.374685, 14.533759 ], [ 74.377126, 14.541002 ], [ 74.379242, 14.544582 ], [ 74.368337, 14.549709 ], [ 74.364106, 14.54914 ], [ 74.358735, 14.544582 ], [ 74.355479, 14.557074 ], [ 74.355805, 14.562405 ], [ 74.358735, 14.571234 ], [ 74.342947, 14.563666 ], [ 74.340994, 14.551174 ], [ 74.342947, 14.536851 ], [ 74.339041, 14.523993 ], [ 74.32488, 14.517239 ], [ 74.309825, 14.519436 ], [ 74.300548, 14.527411 ], [ 74.303559, 14.537665 ], [ 74.295909, 14.565009 ], [ 74.295177, 14.587307 ], [ 74.307384, 14.601874 ], [ 74.339041, 14.605943 ], [ 74.339041, 14.612779 ], [ 74.323904, 14.618598 ], [ 74.312266, 14.615465 ], [ 74.301117, 14.60932 ], [ 74.28712, 14.605943 ], [ 74.27589, 14.610175 ], [ 74.268077, 14.61994 ], [ 74.266856, 14.631293 ], [ 74.276215, 14.640082 ], [ 74.269216, 14.658922 ], [ 74.263194, 14.701606 ], [ 74.25294, 14.71894 ], [ 74.23406, 14.734076 ], [ 74.22047, 14.738105 ], [ 74.208751, 14.731838 ], [ 74.194347, 14.715806 ], [ 74.180675, 14.742174 ], [ 74.173839, 14.749945 ], [ 74.169444, 14.750881 ], [ 74.157725, 14.748969 ], [ 74.153331, 14.749945 ], [ 74.146495, 14.761868 ], [ 74.145844, 14.763617 ], [ 74.111339, 14.780341 ], [ 74.096446, 14.793362 ], [ 74.091319, 14.811428 ], [ 74.109141, 14.802639 ], [ 74.114024, 14.808417 ], [ 74.114268, 14.82095 ], [ 74.118663, 14.831855 ], [ 74.128754, 14.83747 ], [ 74.140473, 14.838772 ], [ 74.151541, 14.83511 ], [ 74.159516, 14.82567 ], [ 74.169688, 14.844468 ], [ 74.178966, 14.856269 ], [ 74.190684, 14.863105 ], [ 74.208018, 14.866645 ], [ 74.21811, 14.865383 ], [ 74.226899, 14.862738 ], [ 74.233084, 14.864569 ], [ 74.235199, 14.876532 ], [ 74.230724, 14.880113 ], [ 74.220876, 14.882066 ], [ 74.211192, 14.887356 ], [ 74.208018, 14.900824 ], [ 74.19752, 14.890855 ], [ 74.166189, 14.876532 ], [ 74.159516, 14.869778 ], [ 74.154063, 14.862128 ], [ 74.14088, 14.852688 ], [ 74.125011, 14.845852 ], [ 74.111827, 14.846177 ], [ 74.103038, 14.85692 ], [ 74.091156, 14.8876 ], [ 74.081065, 14.893988 ], [ 74.077159, 14.898383 ], [ 74.035981, 14.921291 ], [ 74.030284, 14.935207 ], [ 74.031016, 14.949774 ], [ 74.035981, 14.979641 ], [ 74.031261, 14.995307 ], [ 74.020193, 15.001776 ], [ 74.006847, 15.004869 ], [ 73.995779, 15.010688 ], [ 73.972992, 15.056871 ], [ 73.964366, 15.064643 ], [ 73.913097, 15.078925 ], [ 73.922537, 15.107856 ], [ 73.928966, 15.120592 ], [ 73.937022, 15.130439 ], [ 73.958263, 15.143134 ], [ 73.962169, 15.152045 ], [ 73.954112, 15.16828 ], [ 73.947276, 15.160834 ], [ 73.891287, 15.343207 ], [ 73.882579, 15.355292 ], [ 73.869477, 15.359565 ], [ 73.848399, 15.360093 ], [ 73.827403, 15.36518 ], [ 73.810395, 15.37759 ], [ 73.782888, 15.407904 ], [ 73.839366, 15.404039 ], [ 73.848399, 15.404486 ], [ 73.860118, 15.407864 ], [ 73.871918, 15.401842 ], [ 73.884939, 15.398017 ], [ 73.899587, 15.407904 ], [ 73.93336, 15.395413 ], [ 73.945323, 15.385688 ], [ 73.954112, 15.366278 ], [ 73.958507, 15.367174 ], [ 73.961681, 15.368232 ], [ 73.964203, 15.370185 ], [ 73.967784, 15.373765 ], [ 73.959972, 15.380683 ], [ 73.937022, 15.411322 ], [ 73.927582, 15.417385 ], [ 73.885916, 15.435207 ], [ 73.879161, 15.435777 ], [ 73.865082, 15.434312 ], [ 73.858572, 15.435207 ], [ 73.854177, 15.4383 ], [ 73.846853, 15.447089 ], [ 73.841563, 15.448879 ], [ 73.806163, 15.452216 ], [ 73.796397, 15.448879 ], [ 73.795177, 15.460761 ], [ 73.800466, 15.475002 ], [ 73.808849, 15.488023 ], [ 73.817556, 15.496649 ], [ 73.828136, 15.50141 ], [ 73.872244, 15.510932 ], [ 73.863129, 15.516343 ], [ 73.859548, 15.521145 ], [ 73.860525, 15.525865 ], [ 73.865977, 15.531399 ], [ 73.865977, 15.537584 ], [ 73.796397, 15.500393 ], [ 73.786388, 15.492174 ], [ 73.766287, 15.49726 ], [ 73.751231, 15.513129 ], [ 73.756114, 15.537584 ], [ 73.741222, 15.559963 ], [ 73.736827, 15.571723 ], [ 73.735118, 15.586005 ], [ 73.737071, 15.598538 ], [ 73.74171, 15.604193 ], [ 73.746593, 15.608385 ], [ 73.748709, 15.616767 ], [ 73.760427, 15.632025 ], [ 73.787364, 15.641791 ], [ 73.838145, 15.654283 ], [ 73.838145, 15.661119 ], [ 73.801036, 15.661851 ], [ 73.783865, 15.659125 ], [ 73.776622, 15.650865 ], [ 73.76824, 15.646918 ], [ 73.733246, 15.625067 ], [ 73.728282, 15.619574 ], [ 73.718272, 15.627143 ], [ 73.707042, 15.643704 ], [ 73.697927, 15.662828 ], [ 73.690766, 15.693793 ], [ 73.685883, 15.704291 ], [ 73.686778, 15.713121 ], [ 73.700857, 15.723212 ], [ 73.689871, 15.724473 ], [ 73.672374, 15.726508 ], [ 73.656016, 15.730292 ], [ 73.646251, 15.736884 ], [ 73.643565, 15.749091 ], [ 73.646251, 15.792141 ], [ 73.638845, 15.817206 ], [ 73.604666, 15.880845 ], [ 73.587576, 15.902899 ], [ 73.528982, 15.949164 ], [ 73.510102, 15.967597 ], [ 73.490977, 15.993476 ], [ 73.487315, 16.014228 ], [ 73.515961, 16.017401 ], [ 73.515961, 16.024848 ], [ 73.499278, 16.024319 ], [ 73.483897, 16.028225 ], [ 73.472504, 16.036363 ], [ 73.46811, 16.048489 ], [ 73.464854, 16.051663 ], [ 73.45753, 16.054185 ], [ 73.450369, 16.058905 ], [ 73.447032, 16.068915 ], [ 73.452973, 16.074164 ], [ 73.45753, 16.079535 ], [ 73.460704, 16.08633 ], [ 73.460704, 16.14468 ], [ 73.46339, 16.159573 ], [ 73.470225, 16.168891 ], [ 73.479259, 16.177232 ], [ 73.487966, 16.189358 ], [ 73.465017, 16.182278 ], [ 73.45281, 16.166571 ], [ 73.448009, 16.143297 ], [ 73.447032, 16.113593 ], [ 73.440196, 16.162014 ], [ 73.440196, 16.202338 ], [ 73.435232, 16.217841 ], [ 73.430837, 16.218736 ], [ 73.425955, 16.215155 ], [ 73.419688, 16.216702 ], [ 73.413585, 16.223944 ], [ 73.410411, 16.230455 ], [ 73.406098, 16.2508 ], [ 73.378673, 16.332709 ], [ 73.377778, 16.337958 ], [ 73.378673, 16.35692 ], [ 73.375662, 16.360256 ], [ 73.358246, 16.367499 ], [ 73.359386, 16.380601 ], [ 73.364431, 16.389309 ], [ 73.373057, 16.395657 ], [ 73.384939, 16.401597 ], [ 73.367442, 16.408637 ], [ 73.352061, 16.418118 ], [ 73.341319, 16.432074 ], [ 73.333995, 16.468166 ], [ 73.319184, 16.509752 ], [ 73.313813, 16.518297 ], [ 73.305837, 16.52265 ], [ 73.302989, 16.533026 ], [ 73.303722, 16.555569 ], [ 73.307302, 16.563178 ], [ 73.314952, 16.557603 ], [ 73.321951, 16.548489 ], [ 73.323497, 16.544989 ], [ 73.344005, 16.523586 ], [ 73.355724, 16.519436 ], [ 73.378673, 16.518297 ], [ 73.369477, 16.52147 ], [ 73.362315, 16.525458 ], [ 73.356212, 16.530748 ], [ 73.350841, 16.538153 ], [ 73.35434, 16.543158 ], [ 73.365001, 16.554389 ], [ 73.371267, 16.559272 ], [ 73.354015, 16.559638 ], [ 73.336436, 16.565619 ], [ 73.322765, 16.576158 ], [ 73.317231, 16.590277 ], [ 73.316091, 16.598293 ], [ 73.314626, 16.599433 ], [ 73.316091, 16.600043 ], [ 73.323497, 16.606431 ], [ 73.326996, 16.607123 ], [ 73.358246, 16.620673 ], [ 73.358409, 16.603949 ], [ 73.363048, 16.596829 ], [ 73.368663, 16.599026 ], [ 73.371267, 16.610175 ], [ 73.366466, 16.628079 ], [ 73.354259, 16.63467 ], [ 73.338878, 16.631659 ], [ 73.323497, 16.620673 ], [ 73.312185, 16.644721 ], [ 73.310557, 16.651435 ], [ 73.312511, 16.658393 ], [ 73.321462, 16.670844 ], [ 73.323497, 16.679104 ], [ 73.321625, 16.69245 ], [ 73.31658, 16.699897 ], [ 73.300304, 16.713202 ], [ 73.289561, 16.74022 ], [ 73.295258, 16.768052 ], [ 73.304454, 16.793524 ], [ 73.303722, 16.813137 ], [ 73.296886, 16.80565 ], [ 73.286632, 16.820868 ], [ 73.274669, 16.848822 ], [ 73.269379, 16.875637 ], [ 73.279552, 16.887641 ], [ 73.279063, 16.891913 ], [ 73.269379, 16.929185 ], [ 73.270518, 16.945014 ], [ 73.274913, 16.958645 ], [ 73.289399, 16.983832 ], [ 73.26238, 16.996975 ], [ 73.254568, 17.006741 ], [ 73.262706, 17.018541 ], [ 73.251231, 17.032172 ], [ 73.251475, 17.042426 ], [ 73.258962, 17.044094 ], [ 73.269379, 17.031643 ], [ 73.277354, 17.054674 ], [ 73.275727, 17.078599 ], [ 73.267426, 17.101386 ], [ 73.255138, 17.120998 ], [ 73.261974, 17.134955 ], [ 73.26059, 17.150539 ], [ 73.255138, 17.165188 ], [ 73.236176, 17.199205 ], [ 73.236013, 17.220608 ], [ 73.218028, 17.253241 ], [ 73.214854, 17.268744 ], [ 73.211192, 17.275092 ], [ 73.193126, 17.294013 ], [ 73.187022, 17.305976 ], [ 73.203461, 17.298733 ], [ 73.217133, 17.286851 ], [ 73.231212, 17.279283 ], [ 73.249034, 17.284857 ], [ 73.234711, 17.302314 ], [ 73.207367, 17.353746 ], [ 73.195974, 17.369371 ], [ 73.170584, 17.389716 ], [ 73.166515, 17.402167 ], [ 73.165294, 17.413031 ], [ 73.177094, 17.426663 ], [ 73.185395, 17.441881 ], [ 73.17335, 17.457424 ], [ 73.180675, 17.477688 ], [ 73.165538, 17.503404 ], [ 73.131684, 17.539374 ], [ 73.125987, 17.556545 ], [ 73.12794, 17.564683 ], [ 73.136404, 17.567206 ], [ 73.149425, 17.567288 ], [ 73.163422, 17.569485 ], [ 73.200694, 17.586493 ], [ 73.185883, 17.592515 ], [ 73.154063, 17.595608 ], [ 73.139171, 17.600775 ], [ 73.128184, 17.611558 ], [ 73.121349, 17.62641 ], [ 73.120291, 17.642035 ], [ 73.12615, 17.655422 ], [ 73.118907, 17.663479 ], [ 73.110525, 17.675727 ], [ 73.105479, 17.68891 ], [ 73.108165, 17.699774 ], [ 73.117361, 17.711249 ], [ 73.12322, 17.723334 ], [ 73.123302, 17.735785 ], [ 73.115001, 17.748196 ], [ 73.109874, 17.758287 ], [ 73.106619, 17.785549 ], [ 73.101329, 17.796332 ], [ 73.08546, 17.813666 ], [ 73.079438, 17.824612 ], [ 73.073741, 17.857123 ], [ 73.065196, 17.878363 ], [ 73.018565, 17.951728 ], [ 73.0171, 17.972113 ], [ 73.035411, 17.991848 ], [ 73.018891, 17.992499 ], [ 73.008637, 18.00023 ], [ 73.005219, 18.012356 ], [ 73.0088, 18.025946 ], [ 73.019542, 18.035875 ], [ 73.032481, 18.041083 ], [ 73.042247, 18.048977 ], [ 73.043468, 18.066962 ], [ 73.031993, 18.06391 ], [ 73.022716, 18.057685 ], [ 73.015147, 18.04914 ], [ 73.0088, 18.039008 ], [ 73.00115, 18.052069 ], [ 72.987315, 18.066555 ], [ 72.980968, 18.080552 ], [ 72.983165, 18.081732 ], [ 72.986664, 18.087714 ], [ 72.988129, 18.096015 ], [ 72.98463, 18.104193 ], [ 72.978363, 18.111884 ], [ 72.976085, 18.118638 ], [ 72.967296, 18.19599 ], [ 72.954845, 18.217515 ], [ 72.926931, 18.223944 ], [ 72.935232, 18.244778 ], [ 72.939952, 18.251288 ], [ 72.934825, 18.25788 ], [ 72.933279, 18.266588 ], [ 72.935069, 18.276313 ], [ 72.939952, 18.286038 ], [ 72.953136, 18.281317 ], [ 72.95753, 18.274604 ], [ 72.959239, 18.265855 ], [ 72.964529, 18.25495 ], [ 72.972667, 18.244696 ], [ 72.976736, 18.24258 ], [ 72.98227, 18.244208 ], [ 72.995128, 18.245063 ], [ 73.012462, 18.24315 ], [ 73.0324, 18.23786 ], [ 73.050955, 18.227484 ], [ 73.063487, 18.210354 ], [ 73.047618, 18.201158 ], [ 73.047618, 18.188788 ], [ 73.057465, 18.185614 ], [ 73.071544, 18.204088 ], [ 73.073985, 18.224189 ], [ 73.065278, 18.257554 ], [ 73.071544, 18.273017 ], [ 73.056977, 18.280951 ], [ 73.042979, 18.282375 ], [ 73.012462, 18.279202 ], [ 72.994884, 18.283596 ], [ 72.977387, 18.295071 ], [ 72.968028, 18.310614 ], [ 72.974783, 18.327582 ], [ 72.958751, 18.328111 ], [ 72.950857, 18.332953 ], [ 72.933604, 18.354926 ], [ 72.927908, 18.357571 ], [ 72.922537, 18.356635 ], [ 72.917328, 18.356391 ], [ 72.912608, 18.361151 ], [ 72.909841, 18.368069 ], [ 72.910167, 18.372504 ], [ 72.911632, 18.377346 ], [ 72.912608, 18.385647 ], [ 72.910167, 18.399237 ], [ 72.904307, 18.408515 ], [ 72.897227, 18.417304 ], [ 72.891449, 18.429389 ], [ 72.889659, 18.441311 ], [ 72.891449, 18.480902 ], [ 72.895763, 18.502997 ], [ 72.907237, 18.523586 ], [ 72.924653, 18.535631 ], [ 72.946788, 18.532416 ], [ 72.961111, 18.517727 ], [ 72.990245, 18.469957 ], [ 73.0088, 18.450507 ], [ 73.014985, 18.469957 ], [ 73.004405, 18.480048 ], [ 72.98878, 18.489936 ], [ 72.980968, 18.508857 ], [ 72.977875, 18.524115 ], [ 72.970388, 18.541002 ], [ 72.960297, 18.554674 ], [ 72.950206, 18.56037 ], [ 72.921153, 18.554877 ], [ 72.910167, 18.558987 ], [ 72.905772, 18.577135 ], [ 72.882172, 18.635484 ], [ 72.864513, 18.648912 ], [ 72.855317, 18.681138 ], [ 72.851736, 18.719672 ], [ 72.852387, 18.769924 ], [ 72.856944, 18.7862 ], [ 72.865571, 18.799384 ], [ 72.879161, 18.807359 ], [ 72.887055, 18.807034 ], [ 72.902029, 18.799506 ], [ 72.912608, 18.799994 ], [ 72.926931, 18.826646 ], [ 72.938975, 18.816962 ], [ 72.974783, 18.779486 ], [ 72.966319, 18.76142 ], [ 72.969574, 18.746975 ], [ 72.980642, 18.736762 ], [ 72.995128, 18.731024 ], [ 72.988048, 18.753852 ], [ 72.99171, 18.779364 ], [ 73.002452, 18.801459 ], [ 73.016287, 18.813625 ], [ 72.987966, 18.824937 ], [ 72.981293, 18.832709 ], [ 72.974783, 18.848334 ], [ 72.976085, 18.854397 ], [ 72.979747, 18.863349 ], [ 72.9817, 18.871487 ], [ 72.977794, 18.874986 ], [ 72.972179, 18.874254 ], [ 72.96697, 18.872138 ], [ 72.963145, 18.868964 ], [ 72.961681, 18.865139 ], [ 72.946137, 18.858303 ], [ 72.91627, 18.87051 ], [ 72.896821, 18.894477 ], [ 72.912608, 18.923489 ], [ 72.928071, 18.911363 ], [ 72.934581, 18.920803 ], [ 72.936778, 18.947414 ], [ 72.949229, 18.951483 ], [ 72.96339, 18.947984 ], [ 72.977224, 18.948432 ], [ 72.988292, 18.964423 ], [ 72.953624, 18.964423 ], [ 72.953624, 18.971259 ], [ 72.968272, 18.972602 ], [ 72.992035, 18.982489 ], [ 73.042166, 18.995754 ], [ 73.046641, 18.995185 ], [ 73.056814, 19.015326 ], [ 73.039806, 19.017524 ], [ 73.011892, 19.009426 ], [ 72.988292, 18.998603 ], [ 72.983572, 19.010443 ], [ 72.987804, 19.036933 ], [ 72.980968, 19.046373 ], [ 72.991873, 19.067206 ], [ 72.985688, 19.074286 ], [ 72.973806, 19.078559 ], [ 72.967296, 19.09101 ], [ 72.974783, 19.163072 ], [ 72.967296, 19.163072 ], [ 72.950043, 19.127916 ], [ 72.935557, 19.115058 ], [ 72.93393, 19.080308 ], [ 72.926931, 19.06684 ], [ 72.94337, 19.055121 ], [ 72.934255, 19.034084 ], [ 72.891449, 18.991767 ], [ 72.891449, 19.00137 ], [ 72.885265, 19.025865 ], [ 72.869314, 19.01142 ], [ 72.851085, 18.987128 ], [ 72.836274, 18.959133 ], [ 72.827647, 18.918362 ], [ 72.8213, 18.903306 ], [ 72.812511, 18.897447 ], [ 72.802745, 18.909817 ], [ 72.802013, 18.920478 ], [ 72.805349, 18.930976 ], [ 72.807384, 18.942816 ], [ 72.802745, 18.957587 ], [ 72.795909, 18.957587 ], [ 72.792328, 18.951239 ], [ 72.788259, 18.946519 ], [ 72.775401, 18.93651 ], [ 72.770356, 18.948188 ], [ 72.776052, 18.959703 ], [ 72.795909, 18.984931 ], [ 72.802419, 18.999661 ], [ 72.804942, 19.011054 ], [ 72.802745, 19.040188 ], [ 72.812999, 19.035549 ], [ 72.817068, 19.032701 ], [ 72.821788, 19.041978 ], [ 72.824229, 19.053534 ], [ 72.8213, 19.063178 ], [ 72.809581, 19.06684 ], [ 72.821951, 19.097113 ], [ 72.82309, 19.108466 ], [ 72.821056, 19.119208 ], [ 72.811778, 19.137356 ], [ 72.809581, 19.146308 ], [ 72.812185, 19.153713 ], [ 72.822439, 19.163764 ], [ 72.82309, 19.169257 ], [ 72.818044, 19.17536 ], [ 72.811209, 19.175523 ], [ 72.805186, 19.17182 ], [ 72.799571, 19.156887 ], [ 72.792166, 19.150458 ], [ 72.784923, 19.150377 ], [ 72.781586, 19.159654 ], [ 72.783376, 19.168647 ], [ 72.802501, 19.211615 ], [ 72.819835, 19.240627 ], [ 72.830089, 19.252427 ], [ 72.815115, 19.253648 ], [ 72.802094, 19.23786 ], [ 72.789399, 19.217353 ], [ 72.775401, 19.204657 ], [ 72.772227, 19.265123 ], [ 72.775645, 19.299018 ], [ 72.785411, 19.31391 ], [ 72.839366, 19.319078 ], [ 72.867035, 19.316799 ], [ 72.885509, 19.296047 ], [ 72.900564, 19.290758 ], [ 72.930349, 19.286566 ], [ 72.946544, 19.289862 ], [ 72.959727, 19.294827 ], [ 72.972667, 19.293687 ], [ 72.988292, 19.27912 ], [ 73.010509, 19.224311 ], [ 73.026622, 19.205512 ], [ 73.049653, 19.217719 ], [ 73.03004, 19.227729 ], [ 73.028005, 19.244086 ], [ 73.029145, 19.259345 ], [ 73.019298, 19.266059 ], [ 73.012462, 19.272447 ], [ 73.001801, 19.286566 ], [ 72.987804, 19.300686 ], [ 72.970958, 19.307034 ], [ 72.916759, 19.303371 ], [ 72.898936, 19.307034 ], [ 72.883556, 19.316392 ], [ 72.855317, 19.339504 ], [ 72.836925, 19.348049 ], [ 72.818533, 19.330268 ], [ 72.802094, 19.331936 ], [ 72.787608, 19.345201 ], [ 72.763438, 19.380194 ], [ 72.759776, 19.388983 ], [ 72.74822, 19.444241 ], [ 72.746837, 19.467963 ], [ 72.754405, 19.481757 ], [ 72.769216, 19.490465 ], [ 72.879161, 19.532375 ], [ 72.8567, 19.541327 ], [ 72.835948, 19.536689 ], [ 72.815929, 19.52851 ], [ 72.795909, 19.526801 ], [ 72.787852, 19.53026 ], [ 72.781261, 19.536566 ], [ 72.777029, 19.545559 ], [ 72.775401, 19.557196 ], [ 72.770681, 19.566148 ], [ 72.76002, 19.573065 ], [ 72.741954, 19.580797 ], [ 72.734548, 19.580797 ], [ 72.738292, 19.570258 ], [ 72.740733, 19.560736 ], [ 72.739757, 19.55268 ], [ 72.734548, 19.546617 ], [ 72.749278, 19.534247 ], [ 72.754893, 19.527045 ], [ 72.755626, 19.519355 ], [ 72.749197, 19.5126 ], [ 72.741547, 19.516018 ], [ 72.722504, 19.536282 ], [ 72.710785, 19.587592 ], [ 72.718028, 19.606676 ], [ 72.709646, 19.64997 ], [ 72.686697, 19.724799 ], [ 72.694102, 19.720201 ], [ 72.699962, 19.714179 ], [ 72.7046, 19.706529 ], [ 72.707774, 19.697455 ], [ 72.72641, 19.705797 ], [ 72.72641, 19.715237 ], [ 72.718598, 19.727932 ], [ 72.714041, 19.745836 ], [ 72.717296, 19.751532 ], [ 72.724376, 19.752672 ], [ 72.731293, 19.754584 ], [ 72.734548, 19.762641 ], [ 72.73406, 19.771918 ], [ 72.732758, 19.779731 ], [ 72.728282, 19.793647 ], [ 72.690115, 19.748969 ], [ 72.677908, 19.746568 ], [ 72.675792, 19.764146 ], [ 72.679861, 19.800482 ], [ 72.672862, 19.812812 ], [ 72.650076, 19.841986 ], [ 72.649181, 19.851996 ], [ 72.65919, 19.866441 ], [ 72.664236, 19.881578 ], [ 72.666189, 19.916571 ], [ 72.662771, 19.941799 ], [ 72.665212, 19.952948 ], [ 72.676443, 19.957506 ], [ 72.684337, 19.964016 ], [ 72.694509, 19.979315 ], [ 72.70338, 19.997626 ], [ 72.707774, 20.012763 ], [ 72.707774, 20.071112 ], [ 72.710297, 20.082913 ], [ 72.728282, 20.129462 ], [ 72.734548, 20.173529 ], [ 72.737641, 20.184272 ], [ 72.752289, 20.203762 ], [ 72.755626, 20.215155 ], [ 72.753591, 20.218207 ], [ 72.749034, 20.218329 ], [ 72.744395, 20.219387 ], [ 72.741954, 20.225043 ], [ 72.741954, 20.245551 ], [ 72.743012, 20.247748 ], [ 72.74822, 20.280341 ], [ 72.756602, 20.295966 ], [ 72.767833, 20.311957 ], [ 72.777517, 20.330064 ], [ 72.781586, 20.352281 ], [ 72.786794, 20.35224 ], [ 72.798188, 20.35932 ], [ 72.810313, 20.368842 ], [ 72.817068, 20.375922 ], [ 72.820811, 20.386135 ], [ 72.82309, 20.416815 ], [ 72.829438, 20.437934 ], [ 72.840017, 20.458726 ], [ 72.879161, 20.512437 ], [ 72.886485, 20.531562 ], [ 72.890391, 20.55268 ], [ 72.891449, 20.575141 ], [ 72.890636, 20.587063 ], [ 72.886241, 20.608466 ], [ 72.885265, 20.619208 ], [ 72.888438, 20.628485 ], [ 72.902599, 20.641913 ], [ 72.905772, 20.653306 ], [ 72.909434, 20.698676 ], [ 72.90797, 20.718329 ], [ 72.898936, 20.732164 ], [ 72.940278, 20.759426 ], [ 72.946788, 20.759467 ], [ 72.944998, 20.770006 ], [ 72.936371, 20.776272 ], [ 72.926443, 20.780992 ], [ 72.919444, 20.787421 ], [ 72.919119, 20.7956 ], [ 72.922862, 20.80268 ], [ 72.924978, 20.810614 ], [ 72.919444, 20.821519 ], [ 72.900238, 20.79914 ], [ 72.885753, 20.807115 ], [ 72.880138, 20.829901 ], [ 72.888438, 20.851955 ], [ 72.900401, 20.868109 ], [ 72.893809, 20.870063 ], [ 72.881196, 20.865668 ], [ 72.875336, 20.862494 ], [ 72.836925, 20.835842 ], [ 72.845876, 20.851793 ], [ 72.854259, 20.887152 ], [ 72.864919, 20.897284 ], [ 72.836681, 20.929918 ], [ 72.856456, 20.947984 ], [ 72.886485, 20.962104 ], [ 72.888438, 20.982611 ], [ 72.875987, 20.98135 ], [ 72.85377, 20.974921 ], [ 72.832693, 20.972357 ], [ 72.82309, 20.982611 ], [ 72.8213, 20.991604 ], [ 72.816091, 20.99901 ], [ 72.80836, 21.003974 ], [ 72.799327, 21.005845 ], [ 72.787608, 21.006903 ], [ 72.781993, 21.010159 ], [ 72.771983, 21.023871 ], [ 72.766856, 21.03856 ], [ 72.783946, 21.040432 ], [ 72.82309, 21.03384 ], [ 72.844981, 21.038316 ], [ 72.849864, 21.048 ], [ 72.815929, 21.121487 ], [ 72.809581, 21.130032 ], [ 72.799571, 21.128811 ], [ 72.755626, 21.109565 ], [ 72.752778, 21.113715 ], [ 72.746349, 21.118354 ], [ 72.741954, 21.123236 ], [ 72.737641, 21.117377 ], [ 72.735606, 21.110745 ], [ 72.734548, 21.092475 ], [ 72.730154, 21.087836 ], [ 72.700369, 21.074774 ], [ 72.705821, 21.10635 ], [ 72.720551, 21.129706 ], [ 72.728689, 21.148098 ], [ 72.714041, 21.16413 ], [ 72.706554, 21.157701 ], [ 72.686697, 21.158149 ], [ 72.676443, 21.153632 ], [ 72.672699, 21.145738 ], [ 72.671886, 21.134426 ], [ 72.673025, 21.112616 ], [ 72.671235, 21.099799 ], [ 72.666352, 21.097398 ], [ 72.658702, 21.097602 ], [ 72.637869, 21.085395 ], [ 72.629649, 21.087958 ], [ 72.615001, 21.105862 ], [ 72.615489, 21.119818 ], [ 72.630382, 21.135972 ], [ 72.693533, 21.178453 ], [ 72.711762, 21.194037 ], [ 72.721039, 21.198798 ], [ 72.734548, 21.19892 ], [ 72.723643, 21.209133 ], [ 72.687673, 21.220445 ], [ 72.679861, 21.22899 ], [ 72.673188, 21.239081 ], [ 72.659353, 21.244696 ], [ 72.646983, 21.253607 ], [ 72.645763, 21.273383 ], [ 72.625173, 21.259345 ], [ 72.618419, 21.252916 ], [ 72.60613, 21.266588 ], [ 72.602061, 21.277655 ], [ 72.597911, 21.307563 ], [ 72.588634, 21.331977 ], [ 72.586762, 21.341213 ], [ 72.590505, 21.348538 ], [ 72.603201, 21.352729 ], [ 72.63852, 21.357164 ], [ 72.645763, 21.362779 ], [ 72.638682, 21.371243 ], [ 72.623383, 21.370266 ], [ 72.594086, 21.362779 ], [ 72.578868, 21.367011 ], [ 72.567638, 21.37641 ], [ 72.564626, 21.38581 ], [ 72.573741, 21.390082 ], [ 72.635102, 21.407457 ], [ 72.672862, 21.428127 ], [ 72.676443, 21.431627 ], [ 72.728282, 21.465806 ], [ 72.747081, 21.452867 ], [ 72.752615, 21.463568 ], [ 72.748546, 21.479641 ], [ 72.738292, 21.482856 ], [ 72.683279, 21.465806 ], [ 72.66505, 21.457221 ], [ 72.612478, 21.421861 ], [ 72.583669, 21.417426 ], [ 72.589854, 21.432766 ], [ 72.61964, 21.487372 ], [ 72.635102, 21.499335 ], [ 72.651052, 21.507025 ], [ 72.690115, 21.540676 ], [ 72.703949, 21.548407 ], [ 72.726817, 21.553168 ], [ 72.75115, 21.565131 ], [ 72.773204, 21.580512 ], [ 72.789073, 21.595526 ], [ 72.810395, 21.635077 ], [ 72.82309, 21.643948 ], [ 72.833995, 21.644477 ], [ 72.858735, 21.6376 ], [ 72.871593, 21.636542 ], [ 72.889659, 21.64053 ], [ 72.935557, 21.658352 ], [ 72.965343, 21.678778 ], [ 73.022472, 21.698554 ], [ 73.084972, 21.729682 ], [ 73.108165, 21.733344 ], [ 73.116954, 21.73725 ], [ 73.126964, 21.746772 ], [ 73.132009, 21.757799 ], [ 73.12615, 21.766832 ], [ 73.118826, 21.764716 ], [ 73.083995, 21.746405 ], [ 73.046641, 21.733344 ], [ 73.041026, 21.73017 ], [ 73.022472, 21.71601 ], [ 73.012462, 21.712836 ], [ 72.991466, 21.708441 ], [ 72.950206, 21.689154 ], [ 72.926931, 21.684963 ], [ 72.882823, 21.69302 ], [ 72.858165, 21.694973 ], [ 72.840343, 21.688381 ], [ 72.819184, 21.675035 ], [ 72.798106, 21.673529 ], [ 72.755626, 21.684963 ], [ 72.733246, 21.687486 ], [ 72.676443, 21.678127 ], [ 72.653005, 21.680569 ], [ 72.634939, 21.684638 ], [ 72.616059, 21.685452 ], [ 72.570486, 21.670478 ], [ 72.550304, 21.666693 ], [ 72.534679, 21.672919 ], [ 72.528494, 21.695136 ], [ 72.532074, 21.713853 ], [ 72.550141, 21.751939 ], [ 72.556326, 21.774319 ], [ 72.562755, 21.839423 ], [ 72.566905, 21.849351 ], [ 72.58546, 21.858873 ], [ 72.598806, 21.881008 ], [ 72.618419, 21.925116 ], [ 72.634044, 21.937486 ], [ 72.65211, 21.941067 ], [ 72.690115, 21.938788 ], [ 72.702322, 21.947577 ], [ 72.706798, 21.966132 ], [ 72.714041, 21.982978 ], [ 72.734548, 21.986558 ], [ 72.734548, 21.994045 ], [ 72.72641, 21.995754 ], [ 72.7199, 21.996324 ], [ 72.713715, 21.995795 ], [ 72.707774, 21.994045 ], [ 72.700938, 21.988918 ], [ 72.69752, 21.982123 ], [ 72.695649, 21.975898 ], [ 72.693533, 21.972317 ], [ 72.623057, 21.96662 ], [ 72.611583, 21.955512 ], [ 72.602712, 21.94359 ], [ 72.581798, 21.928168 ], [ 72.558604, 21.915269 ], [ 72.542735, 21.910834 ], [ 72.533376, 21.920315 ], [ 72.507091, 21.962307 ], [ 72.50172, 21.97602 ], [ 72.504568, 21.994208 ], [ 72.517751, 22.032131 ], [ 72.522227, 22.054267 ], [ 72.521495, 22.066148 ], [ 72.519542, 22.077541 ], [ 72.519542, 22.088446 ], [ 72.53004, 22.107489 ], [ 72.533376, 22.118557 ], [ 72.535899, 22.14053 ], [ 72.542166, 22.156724 ], [ 72.557384, 22.176663 ], [ 72.57545, 22.194525 ], [ 72.590505, 22.205024 ], [ 72.614106, 22.211737 ], [ 72.634451, 22.210395 ], [ 72.652354, 22.202338 ], [ 72.669607, 22.18891 ], [ 72.681895, 22.181586 ], [ 72.691661, 22.181952 ], [ 72.699718, 22.184963 ], [ 72.707774, 22.185777 ], [ 72.719412, 22.182196 ], [ 72.729259, 22.177436 ], [ 72.74822, 22.164049 ], [ 72.790212, 22.217231 ], [ 72.812266, 22.234117 ], [ 72.847423, 22.240424 ], [ 72.865082, 22.233466 ], [ 72.881114, 22.220404 ], [ 72.897227, 22.213039 ], [ 72.916026, 22.22309 ], [ 72.92213, 22.236518 ], [ 72.922699, 22.254584 ], [ 72.917491, 22.27143 ], [ 72.905772, 22.281399 ], [ 72.899669, 22.269192 ], [ 72.886078, 22.262397 ], [ 72.869477, 22.262397 ], [ 72.854259, 22.270819 ], [ 72.838634, 22.276557 ], [ 72.818207, 22.273424 ], [ 72.798676, 22.26557 ], [ 72.785411, 22.256903 ], [ 72.756602, 22.24372 ], [ 72.726573, 22.248928 ], [ 72.659434, 22.273912 ], [ 72.646495, 22.273912 ], [ 72.635265, 22.271633 ], [ 72.625011, 22.271389 ], [ 72.606619, 22.28384 ], [ 72.596365, 22.286933 ], [ 72.573741, 22.288235 ], [ 72.553071, 22.282457 ], [ 72.521169, 22.253119 ], [ 72.50172, 22.240424 ], [ 72.479015, 22.233385 ], [ 72.466156, 22.232571 ], [ 72.457042, 22.236721 ], [ 72.454845, 22.245307 ], [ 72.46697, 22.255845 ], [ 72.463878, 22.263983 ], [ 72.448741, 22.266832 ], [ 72.432302, 22.255845 ], [ 72.413748, 22.246324 ], [ 72.391856, 22.253485 ], [ 72.386241, 22.266506 ], [ 72.381033, 22.289944 ], [ 72.380382, 22.312405 ], [ 72.388194, 22.322333 ], [ 72.404959, 22.332953 ], [ 72.408051, 22.353461 ], [ 72.397227, 22.366767 ], [ 72.371349, 22.355902 ], [ 72.361013, 22.343451 ], [ 72.34962, 22.324368 ], [ 72.340505, 22.303209 ], [ 72.336599, 22.284817 ], [ 72.328298, 22.260728 ], [ 72.309093, 22.257229 ], [ 72.288341, 22.261298 ], [ 72.275157, 22.260321 ], [ 72.263194, 22.276353 ], [ 72.265961, 22.28734 ], [ 72.264659, 22.295233 ], [ 72.240408, 22.301907 ], [ 72.223399, 22.303168 ], [ 72.208507, 22.300442 ], [ 72.200938, 22.291449 ], [ 72.206309, 22.273912 ], [ 72.161794, 22.280951 ], [ 72.148774, 22.277899 ], [ 72.166026, 22.260321 ], [ 72.190684, 22.251288 ], [ 72.209239, 22.259426 ], [ 72.240408, 22.288235 ], [ 72.246104, 22.27558 ], [ 72.243175, 22.265937 ], [ 72.237315, 22.256293 ], [ 72.234141, 22.243557 ], [ 72.239106, 22.238918 ], [ 72.268321, 22.226752 ], [ 72.306488, 22.22956 ], [ 72.317231, 22.184882 ], [ 72.307628, 22.079006 ], [ 72.298025, 22.061672 ], [ 72.295665, 22.051174 ], [ 72.291759, 22.053412 ], [ 72.283458, 22.043606 ], [ 72.276134, 22.031643 ], [ 72.275157, 22.027533 ], [ 72.25766, 22.012152 ], [ 72.24936, 22.008287 ], [ 72.237315, 22.007025 ], [ 72.220958, 22.010972 ], [ 72.216482, 22.007799 ], [ 72.214366, 21.994045 ], [ 72.206309, 21.994045 ], [ 72.19988, 22.006985 ], [ 72.19516, 22.003648 ], [ 72.191173, 21.993638 ], [ 72.186371, 21.986558 ], [ 72.182465, 21.982733 ], [ 72.173106, 21.975653 ], [ 72.163422, 21.973212 ], [ 72.15919, 21.98314 ], [ 72.151703, 21.993883 ], [ 72.134288, 22.004584 ], [ 72.11378, 22.010565 ], [ 72.097016, 22.007025 ], [ 72.119314, 21.993638 ], [ 72.128103, 21.983547 ], [ 72.124848, 21.972317 ], [ 72.114919, 21.969387 ], [ 72.076508, 21.979722 ], [ 72.08253, 21.973375 ], [ 72.104503, 21.959215 ], [ 72.104828, 21.951483 ], [ 72.102061, 21.945054 ], [ 72.096202, 21.94302 ], [ 72.087413, 21.948432 ], [ 72.073253, 21.954495 ], [ 72.055186, 21.953518 ], [ 72.038422, 21.947577 ], [ 72.028656, 21.938788 ], [ 72.087576, 21.919664 ], [ 72.104503, 21.91767 ], [ 72.1421, 21.924994 ], [ 72.156505, 21.925849 ], [ 72.145356, 21.91767 ], [ 72.145356, 21.910834 ], [ 72.15919, 21.904608 ], [ 72.152354, 21.897854 ], [ 72.16977, 21.890448 ], [ 72.167328, 21.879136 ], [ 72.160004, 21.865912 ], [ 72.162608, 21.852851 ], [ 72.169444, 21.841376 ], [ 72.161876, 21.839179 ], [ 72.13087, 21.846259 ], [ 72.123302, 21.853746 ], [ 72.111339, 21.869859 ], [ 72.098481, 21.88052 ], [ 72.077647, 21.894436 ], [ 72.057953, 21.898749 ], [ 72.049327, 21.880439 ], [ 72.052908, 21.876532 ], [ 72.061534, 21.873114 ], [ 72.071788, 21.870795 ], [ 72.080333, 21.869859 ], [ 72.086436, 21.865627 ], [ 72.104503, 21.835761 ], [ 72.086762, 21.830268 ], [ 72.062836, 21.834377 ], [ 72.004161, 21.857733 ], [ 71.997325, 21.854926 ], [ 71.99464, 21.839504 ], [ 71.994151, 21.812201 ], [ 71.996104, 21.799506 ], [ 72.001475, 21.787909 ], [ 72.005382, 21.792955 ], [ 72.009613, 21.7956 ], [ 72.021821, 21.800971 ], [ 72.021495, 21.79442 ], [ 72.022309, 21.780911 ], [ 72.021821, 21.774319 ], [ 72.054942, 21.78559 ], [ 72.073904, 21.788723 ], [ 72.087413, 21.784491 ], [ 72.103201, 21.775214 ], [ 72.117442, 21.776597 ], [ 72.166026, 21.793931 ], [ 72.171072, 21.790961 ], [ 72.172699, 21.777737 ], [ 72.177013, 21.766669 ], [ 72.195811, 21.757799 ], [ 72.200043, 21.750067 ], [ 72.202403, 21.748114 ], [ 72.214366, 21.712836 ], [ 72.219005, 21.706 ], [ 72.223806, 21.700588 ], [ 72.230235, 21.69599 ], [ 72.240408, 21.691718 ], [ 72.251801, 21.690904 ], [ 72.263031, 21.692328 ], [ 72.271739, 21.690904 ], [ 72.278331, 21.671942 ], [ 72.285411, 21.665025 ], [ 72.292491, 21.659491 ], [ 72.295665, 21.653876 ], [ 72.296641, 21.642157 ], [ 72.298513, 21.633979 ], [ 72.298839, 21.626288 ], [ 72.295665, 21.616034 ], [ 72.292003, 21.611762 ], [ 72.279145, 21.600531 ], [ 72.275157, 21.595526 ], [ 72.242198, 21.48078 ], [ 72.2199, 21.444729 ], [ 72.16684, 21.392076 ], [ 72.15919, 21.373277 ], [ 72.151622, 21.360175 ], [ 72.116059, 21.32274 ], [ 72.104503, 21.315009 ], [ 72.110037, 21.304836 ], [ 72.111501, 21.296088 ], [ 72.107758, 21.289984 ], [ 72.097016, 21.287665 ], [ 72.10255, 21.2744 ], [ 72.099376, 21.26496 ], [ 72.093598, 21.258205 ], [ 72.090831, 21.252916 ], [ 72.093516, 21.243557 ], [ 72.104503, 21.222154 ], [ 72.104747, 21.205064 ], [ 72.090831, 21.191474 ], [ 72.084809, 21.188707 ], [ 72.07545, 21.185696 ], [ 72.066661, 21.181342 ], [ 72.062836, 21.174709 ], [ 72.055024, 21.168362 ], [ 71.990733, 21.136379 ], [ 71.972423, 21.13227 ], [ 71.92628, 21.130032 ], [ 71.806163, 21.062079 ], [ 71.788585, 21.047512 ], [ 71.76295, 21.032294 ], [ 71.743663, 21.027574 ], [ 71.730235, 21.030707 ], [ 71.717621, 21.03205 ], [ 71.699743, 21.021306 ], [ 71.68336, 21.011461 ], [ 71.639985, 20.996812 ], [ 71.583507, 20.958238 ], [ 71.549571, 20.951239 ], [ 71.557302, 20.96601 ], [ 71.562348, 20.972968 ], [ 71.569347, 20.979193 ], [ 71.551117, 20.973578 ], [ 71.536794, 20.964301 ], [ 71.493419, 20.929145 ], [ 71.484386, 20.917141 ], [ 71.480724, 20.900377 ], [ 71.46225, 20.885321 ], [ 71.378103, 20.859442 ], [ 71.318614, 20.849311 ], [ 71.140636, 20.765692 ], [ 71.116954, 20.766913 ], [ 71.110118, 20.759467 ], [ 71.09547, 20.763739 ], [ 71.083263, 20.756537 ], [ 71.072602, 20.745673 ], [ 71.062348, 20.738959 ], [ 71.044444, 20.740546 ], [ 71.024181, 20.744534 ], [ 71.00766, 20.741604 ], [ 71.005951, 20.736558 ], [ 71.000824, 20.722154 ], [ 70.982432, 20.71015 ], [ 70.972992, 20.709621 ], [ 70.902531, 20.70552 ], [ 70.84018, 20.70189 ], [ 70.819672, 20.702948 ], [ 70.801606, 20.709052 ], [ 70.785167, 20.722154 ], [ 70.774587, 20.727362 ], [ 70.763194, 20.724555 ], [ 70.751638, 20.719631 ], [ 70.740245, 20.718492 ], [ 70.730805, 20.723212 ], [ 70.698578, 20.746405 ], [ 70.562174, 20.799767 ], [ 70.541515, 20.807847 ], [ 70.484141, 20.84394 ], [ 70.463064, 20.848863 ], [ 70.451427, 20.855902 ], [ 70.417003, 20.890448 ], [ 70.398774, 20.90351 ], [ 70.336681, 20.927069 ], [ 70.299978, 20.958564 ], [ 70.26352, 20.980414 ], [ 70.152192, 21.078518 ], [ 70.054445, 21.153155 ], [ 69.988332, 21.2334 ], [ 69.968019, 21.258055 ], [ 69.966156, 21.263414 ], [ 69.958263, 21.273342 ], [ 69.911632, 21.315009 ], [ 69.844981, 21.389594 ], [ 69.814708, 21.433661 ], [ 69.808604, 21.465806 ], [ 69.788748, 21.469306 ], [ 69.771495, 21.47842 ], [ 69.756358, 21.490424 ], [ 69.629731, 21.616034 ], [ 69.568207, 21.650133 ], [ 69.552745, 21.665188 ], [ 69.519786, 21.704779 ], [ 69.49936, 21.720201 ], [ 69.478526, 21.752631 ], [ 69.4463, 21.766303 ], [ 69.427419, 21.781236 ], [ 69.397716, 21.815253 ], [ 69.391775, 21.83218 ], [ 69.395193, 21.861314 ], [ 69.39088, 21.876695 ], [ 69.367849, 21.856106 ], [ 69.355479, 21.853176 ], [ 69.336192, 21.862454 ], [ 69.243907, 21.94595 ], [ 69.21225, 21.967475 ], [ 69.198416, 21.979722 ], [ 69.150645, 22.041205 ], [ 69.119314, 22.062079 ], [ 69.103038, 22.076361 ], [ 69.092052, 22.099595 ], [ 69.048188, 22.157904 ], [ 69.012543, 22.185614 ], [ 68.994151, 22.203925 ], [ 68.980479, 22.235541 ], [ 68.953298, 22.276028 ], [ 68.944591, 22.295071 ], [ 68.944021, 22.318264 ], [ 68.951427, 22.334866 ], [ 68.960623, 22.349514 ], [ 68.965017, 22.366767 ], [ 68.967621, 22.387193 ], [ 68.974376, 22.404731 ], [ 68.983246, 22.419379 ], [ 68.992931, 22.431586 ], [ 69.007498, 22.443183 ], [ 69.047537, 22.464016 ], [ 69.073578, 22.481879 ], [ 69.081391, 22.480536 ], [ 69.085216, 22.472886 ], [ 69.082286, 22.45954 ], [ 69.074474, 22.449449 ], [ 69.056, 22.44184 ], [ 69.048188, 22.431586 ], [ 69.062266, 22.407701 ], [ 69.071788, 22.399482 ], [ 69.088552, 22.396877 ], [ 69.097423, 22.398871 ], [ 69.11378, 22.407864 ], [ 69.122732, 22.411078 ], [ 69.132009, 22.410468 ], [ 69.139822, 22.407131 ], [ 69.146983, 22.404853 ], [ 69.154633, 22.407701 ], [ 69.168793, 22.42064 ], [ 69.178559, 22.427639 ], [ 69.188243, 22.426418 ], [ 69.202159, 22.414862 ], [ 69.20574, 22.398668 ], [ 69.18214, 22.366441 ], [ 69.185313, 22.349677 ], [ 69.169688, 22.327948 ], [ 69.173839, 22.308295 ], [ 69.19044, 22.292304 ], [ 69.212087, 22.281399 ], [ 69.212087, 22.273912 ], [ 69.286469, 22.284613 ], [ 69.335704, 22.306138 ], [ 69.346446, 22.324897 ], [ 69.359874, 22.329169 ], [ 69.435395, 22.33039 ], [ 69.468923, 22.337836 ], [ 69.479666, 22.342231 ], [ 69.485362, 22.347561 ], [ 69.500011, 22.366767 ], [ 69.502696, 22.37226 ], [ 69.508556, 22.374254 ], [ 69.515147, 22.37519 ], [ 69.519867, 22.377631 ], [ 69.525645, 22.392076 ], [ 69.522797, 22.403876 ], [ 69.516938, 22.416083 ], [ 69.513682, 22.431586 ], [ 69.515961, 22.448147 ], [ 69.521983, 22.44892 ], [ 69.530772, 22.446112 ], [ 69.541026, 22.452094 ], [ 69.547862, 22.452094 ], [ 69.559825, 22.411526 ], [ 69.561697, 22.391588 ], [ 69.554698, 22.377631 ], [ 69.569021, 22.370551 ], [ 69.601085, 22.363837 ], [ 69.616059, 22.355902 ], [ 69.617442, 22.365058 ], [ 69.619884, 22.371039 ], [ 69.629731, 22.383775 ], [ 69.640391, 22.375963 ], [ 69.647227, 22.380439 ], [ 69.652354, 22.389879 ], [ 69.657725, 22.396877 ], [ 69.661306, 22.400214 ], [ 69.665212, 22.404975 ], [ 69.669444, 22.409247 ], [ 69.674653, 22.411078 ], [ 69.680837, 22.409613 ], [ 69.694509, 22.403957 ], [ 69.699392, 22.404283 ], [ 69.708995, 22.418891 ], [ 69.725352, 22.464545 ], [ 69.733409, 22.480048 ], [ 69.742198, 22.472968 ], [ 69.788748, 22.423163 ], [ 69.794932, 22.418606 ], [ 69.806977, 22.420966 ], [ 69.812999, 22.429511 ], [ 69.816905, 22.440985 ], [ 69.822276, 22.452094 ], [ 69.833263, 22.463813 ], [ 69.841807, 22.466376 ], [ 69.851085, 22.465237 ], [ 69.86378, 22.465766 ], [ 69.884776, 22.473578 ], [ 69.905284, 22.486396 ], [ 69.962087, 22.535346 ], [ 69.972992, 22.541449 ], [ 69.973888, 22.539984 ], [ 69.996267, 22.541449 ], [ 70.002696, 22.543158 ], [ 70.020844, 22.555121 ], [ 70.059093, 22.558417 ], [ 70.144705, 22.547797 ], [ 70.178477, 22.561957 ], [ 70.189708, 22.577786 ], [ 70.207286, 22.614976 ], [ 70.234874, 22.648871 ], [ 70.267263, 22.705959 ], [ 70.319102, 22.778266 ], [ 70.323253, 22.787665 ], [ 70.321544, 22.811713 ], [ 70.32252, 22.822659 ], [ 70.32545, 22.826321 ], [ 70.342947, 22.843166 ], [ 70.375255, 22.902655 ], [ 70.387706, 22.912014 ], [ 70.404633, 22.919501 ], [ 70.43686, 22.954901 ], [ 70.45338, 22.96662 ], [ 70.462738, 22.966539 ], [ 70.474294, 22.964057 ], [ 70.486339, 22.96369 ], [ 70.497569, 22.970038 ], [ 70.504731, 22.97956 ], [ 70.51238, 22.995347 ], [ 70.517914, 23.003892 ], [ 70.527192, 23.023586 ], [ 70.528494, 23.047065 ], [ 70.523692, 23.07038 ], [ 70.514903, 23.089545 ], [ 70.50294, 23.104397 ], [ 70.484223, 23.122138 ], [ 70.467133, 23.129706 ], [ 70.459646, 23.114 ], [ 70.450938, 23.105658 ], [ 70.410655, 23.086005 ], [ 70.398774, 23.069037 ], [ 70.398936, 23.059068 ], [ 70.401052, 23.045396 ], [ 70.40447, 23.033352 ], [ 70.410981, 23.023179 ], [ 70.401866, 22.999254 ], [ 70.402029, 22.99022 ], [ 70.403819, 22.981879 ], [ 70.403494, 22.967841 ], [ 70.401622, 22.953843 ], [ 70.398774, 22.945502 ], [ 70.392426, 22.940863 ], [ 70.384532, 22.93887 ], [ 70.363536, 22.938707 ], [ 70.357677, 22.936713 ], [ 70.352387, 22.933051 ], [ 70.34669, 22.931301 ], [ 70.339529, 22.935289 ], [ 70.334483, 22.940131 ], [ 70.330414, 22.943305 ], [ 70.325694, 22.945014 ], [ 70.319102, 22.945502 ], [ 70.314626, 22.943508 ], [ 70.308767, 22.939765 ], [ 70.303477, 22.938137 ], [ 70.300059, 22.944281 ], [ 70.29363, 22.951402 ], [ 70.291759, 22.95303 ], [ 70.269298, 22.958564 ], [ 70.258311, 22.971869 ], [ 70.249685, 22.987454 ], [ 70.233084, 23.000149 ], [ 70.231944, 22.974921 ], [ 70.222016, 22.959174 ], [ 70.204112, 22.952216 ], [ 70.178477, 22.95303 ], [ 70.171723, 22.951972 ], [ 70.167735, 22.949123 ], [ 70.163097, 22.948961 ], [ 70.154307, 22.956041 ], [ 70.150727, 22.961005 ], [ 70.149669, 22.964301 ], [ 70.147472, 22.966051 ], [ 70.140636, 22.96662 ], [ 70.12908, 22.969306 ], [ 70.125011, 22.975979 ], [ 70.126231, 22.984809 ], [ 70.130626, 22.993964 ], [ 70.109548, 22.959174 ], [ 70.120453, 22.952582 ], [ 70.132335, 22.941067 ], [ 70.135427, 22.929999 ], [ 70.120128, 22.925035 ], [ 70.061778, 22.918199 ], [ 69.996918, 22.893785 ], [ 69.940684, 22.886135 ], [ 69.884288, 22.867825 ], [ 69.852875, 22.863593 ], [ 69.833181, 22.858466 ], [ 69.806814, 22.845282 ], [ 69.780121, 22.82746 ], [ 69.760102, 22.808336 ], [ 69.728852, 22.754828 ], [ 69.715831, 22.746894 ], [ 69.694347, 22.749701 ], [ 69.653819, 22.760484 ], [ 69.585704, 22.761176 ], [ 69.575694, 22.76435 ], [ 69.556977, 22.77851 ], [ 69.544444, 22.781684 ], [ 69.510753, 22.780504 ], [ 69.500011, 22.781684 ], [ 69.489431, 22.784735 ], [ 69.482595, 22.788479 ], [ 69.477306, 22.79206 ], [ 69.472179, 22.794664 ], [ 69.424653, 22.804267 ], [ 69.405935, 22.813666 ], [ 69.372569, 22.818996 ], [ 69.338145, 22.833075 ], [ 69.23878, 22.841946 ], [ 69.201915, 22.85224 ], [ 69.13559, 22.888373 ], [ 69.039887, 22.950507 ], [ 68.866222, 23.019965 ], [ 68.691254, 23.13052 ], [ 68.660655, 23.154242 ], [ 68.654063, 23.157782 ], [ 68.650645, 23.162055 ], [ 68.651134, 23.171454 ], [ 68.649669, 23.180854 ], [ 68.622569, 23.191555 ], [ 68.609141, 23.206773 ], [ 68.599946, 23.225043 ], [ 68.595714, 23.240383 ], [ 68.598318, 23.236965 ], [ 68.609386, 23.226711 ], [ 68.620128, 23.245429 ], [ 68.62322, 23.256171 ], [ 68.623057, 23.267646 ], [ 68.605317, 23.259589 ], [ 68.57781, 23.255276 ], [ 68.552257, 23.259711 ], [ 68.541026, 23.278225 ], [ 68.561046, 23.316107 ], [ 68.568533, 23.318427 ], [ 68.599132, 23.322252 ], [ 68.606944, 23.325588 ], [ 68.603038, 23.332831 ], [ 68.592052, 23.340074 ], [ 68.57838, 23.343411 ], [ 68.571056, 23.346381 ], [ 68.566661, 23.352973 ], [ 68.563731, 23.359931 ], [ 68.561046, 23.363918 ], [ 68.555186, 23.363959 ], [ 68.548513, 23.361518 ], [ 68.543142, 23.358588 ], [ 68.541026, 23.357001 ], [ 68.52947, 23.363105 ], [ 68.520681, 23.369208 ], [ 68.515147, 23.377021 ], [ 68.513194, 23.388088 ], [ 68.515147, 23.399319 ], [ 68.520763, 23.407538 ], [ 68.529552, 23.411933 ], [ 68.541026, 23.411689 ], [ 68.536388, 23.421332 ], [ 68.530121, 23.425686 ], [ 68.522146, 23.42475 ], [ 68.513194, 23.418524 ], [ 68.501475, 23.423285 ], [ 68.49643, 23.417873 ], [ 68.490489, 23.409329 ], [ 68.475352, 23.404853 ], [ 68.462576, 23.409125 ], [ 68.458832, 23.419827 ], [ 68.461111, 23.433173 ], [ 68.465505, 23.445787 ], [ 68.451915, 23.43773 ], [ 68.44044, 23.434272 ], [ 68.430919, 23.436591 ], [ 68.423676, 23.445787 ], [ 68.432953, 23.465888 ], [ 68.447439, 23.487454 ], [ 68.465587, 23.505276 ], [ 68.48585, 23.514106 ], [ 68.481293, 23.525133 ], [ 68.475597, 23.524115 ], [ 68.468028, 23.519843 ], [ 68.458669, 23.52147 ], [ 68.454112, 23.526272 ], [ 68.444021, 23.541205 ], [ 68.437348, 23.548814 ], [ 68.441417, 23.53205 ], [ 68.447439, 23.516343 ], [ 68.446951, 23.502997 ], [ 68.431163, 23.493598 ], [ 68.411632, 23.494696 ], [ 68.406098, 23.508734 ], [ 68.410818, 23.548814 ], [ 68.404959, 23.597602 ], [ 68.408865, 23.621324 ], [ 68.427501, 23.631415 ], [ 68.471528, 23.618638 ], [ 68.491466, 23.618842 ], [ 68.492686, 23.6376 ], [ 68.486176, 23.641425 ], [ 68.476899, 23.63935 ], [ 68.468761, 23.640815 ], [ 68.465505, 23.65526 ], [ 68.469412, 23.659247 ], [ 68.488943, 23.664781 ], [ 68.504731, 23.674221 ], [ 68.523936, 23.67593 ], [ 68.533539, 23.679185 ], [ 68.538829, 23.684027 ], [ 68.554698, 23.706488 ], [ 68.583507, 23.735297 ], [ 68.601736, 23.748684 ], [ 68.637869, 23.761542 ], [ 68.654552, 23.799058 ], [ 68.670746, 23.815741 ], [ 68.680186, 23.817776 ], [ 68.715587, 23.815741 ], [ 68.725597, 23.818915 ], [ 68.745128, 23.833075 ], [ 68.756521, 23.836249 ], [ 68.768809, 23.841132 ], [ 68.821625, 23.878404 ], [ 68.805675, 23.884426 ], [ 68.78004, 23.874091 ], [ 68.766938, 23.878404 ], [ 68.740245, 23.853461 ], [ 68.717784, 23.84101 ], [ 68.691905, 23.836656 ], [ 68.654063, 23.836249 ], [ 68.633474, 23.833075 ], [ 68.623057, 23.824408 ], [ 68.609386, 23.795233 ], [ 68.598888, 23.781887 ], [ 68.587738, 23.775702 ], [ 68.554698, 23.768541 ], [ 68.538341, 23.761298 ], [ 68.52475, 23.752021 ], [ 68.51002, 23.744086 ], [ 68.47283, 23.737494 ], [ 68.449718, 23.723334 ], [ 68.427745, 23.714301 ], [ 68.410818, 23.700507 ], [ 68.34197, 23.623969 ], [ 68.351573, 23.617825 ], [ 68.353038, 23.610663 ], [ 68.348888, 23.60342 ], [ 68.34197, 23.596625 ], [ 68.327322, 23.5869 ], [ 68.317638, 23.586127 ], [ 68.308116, 23.589057 ], [ 68.294119, 23.590399 ], [ 68.230805, 23.58808 ], [ 68.181407, 23.594062 ], [ 68.1574, 23.600816 ], [ 68.143403, 23.612698 ], [ 68.150156, 23.631372 ], [ 68.157069, 23.632131 ], [ 68.167229, 23.63173 ], [ 68.174327, 23.631415 ], [ 68.17437, 23.631448 ], [ 68.17543, 23.631406 ], [ 68.178674, 23.633718 ], [ 68.181895, 23.647854 ], [ 68.184753, 23.652181 ], [ 68.192673, 23.65628 ], [ 68.199663, 23.659597 ], [ 68.209321, 23.662746 ], [ 68.220787, 23.65843 ], [ 68.220789, 23.658427 ], [ 68.232578, 23.644912 ], [ 68.232669, 23.645015 ], [ 68.232677, 23.645006 ], [ 68.245128, 23.659125 ], [ 68.258931, 23.660481 ], [ 68.27589, 23.665839 ], [ 68.280447, 23.685981 ], [ 68.258962, 23.674709 ], [ 68.240977, 23.674018 ], [ 68.237165, 23.675876 ], [ 68.224864, 23.681871 ], [ 68.208751, 23.696234 ], [ 68.19752, 23.714545 ], [ 68.195811, 23.733466 ], [ 68.197927, 23.753404 ], [ 68.197765, 23.774807 ], [ 68.187723, 23.764264 ], [ 68.177736, 23.753962 ], [ 68.169275, 23.748231 ], [ 68.163748, 23.757717 ], [ 68.166026, 23.773179 ], [ 68.175629, 23.798245 ], [ 68.179857, 23.827937 ], [ 68.182465, 23.835761 ], [ 68.183035, 23.842108 ], [ 68.183517, 23.8433 ], [ 68.207288, 23.877019 ], [ 68.21504, 23.881748 ], [ 68.23292, 23.889111 ], [ 68.239948, 23.893116 ], [ 68.243049, 23.893426 ], [ 68.252867, 23.891695 ], [ 68.256794, 23.891928 ], [ 68.26036, 23.895545 ], [ 68.257931, 23.899473 ], [ 68.253746, 23.90278 ], [ 68.251937, 23.904821 ], [ 68.253074, 23.911229 ], [ 68.25266, 23.920091 ], [ 68.254934, 23.929109 ], [ 68.263926, 23.93593 ], [ 68.274003, 23.937687 ], [ 68.277672, 23.933501 ], [ 68.280049, 23.925724 ], [ 68.286198, 23.916371 ], [ 68.300409, 23.910505 ], [ 68.314052, 23.915906 ], [ 68.325989, 23.927791 ], [ 68.335033, 23.940995 ], [ 68.333689, 23.948048 ], [ 68.329865, 23.958151 ], [ 68.330433, 23.966574 ], [ 68.342629, 23.968564 ], [ 68.348882, 23.964611 ], [ 68.352396, 23.956549 ], [ 68.353843, 23.94717 ], [ 68.353636, 23.939289 ], [ 68.385469, 23.960425 ], [ 68.431564, 23.967143 ], [ 68.547836, 23.966316 ], [ 68.646435, 23.965696 ], [ 68.724466, 23.965179 ], [ 68.725086, 24.10406 ], [ 68.725551, 24.208911 ], [ 68.725913, 24.289216 ], [ 68.747307, 24.331177 ], [ 68.79919, 24.329085 ], [ 68.813815, 24.30844 ], [ 68.819654, 24.250304 ], [ 68.838774, 24.236455 ], [ 68.848903, 24.244025 ], [ 68.880116, 24.297355 ], [ 68.883268, 24.305365 ], [ 68.885077, 24.313556 ], [ 68.890296, 24.319473 ], [ 68.904197, 24.320584 ], [ 68.913189, 24.317251 ], [ 68.921974, 24.310507 ], [ 68.929415, 24.302368 ], [ 68.94869, 24.270277 ], [ 68.962643, 24.257228 ], [ 68.980781, 24.255394 ], [ 69.007808, 24.264567 ], [ 69.048477, 24.285237 ], [ 69.067701, 24.288441 ], [ 69.091886, 24.281904 ], [ 69.148213, 24.25666 ], [ 69.166713, 24.253172 ], [ 69.206246, 24.258572 ], [ 69.280815, 24.283739 ], [ 69.563071, 24.276762 ], [ 69.59232, 24.264618 ], [ 69.670558, 24.188706 ], [ 69.714587, 24.168578 ], [ 69.769054, 24.162557 ], [ 69.972039, 24.165219 ], [ 70.015964, 24.174055 ], [ 70.052137, 24.202064 ], [ 70.062989, 24.220306 ], [ 70.087174, 24.28255 ], [ 70.097871, 24.298828 ], [ 70.109705, 24.3049 ], [ 70.144586, 24.307897 ], [ 70.202205, 24.325571 ], [ 70.222773, 24.326707 ], [ 70.242565, 24.330609 ], [ 70.2791, 24.355078 ], [ 70.29853, 24.363424 ], [ 70.353204, 24.366266 ], [ 70.370774, 24.372364 ], [ 70.416353, 24.401948 ], [ 70.520946, 24.424919 ], [ 70.562907, 24.424092 ], [ 70.575206, 24.400036 ], [ 70.569211, 24.389882 ], [ 70.551952, 24.379366 ], [ 70.546474, 24.373139 ], [ 70.545647, 24.362183 ], [ 70.555362, 24.327018 ], [ 70.56022, 24.287253 ], [ 70.567661, 24.272809 ], [ 70.584714, 24.2579 ], [ 70.621508, 24.241157 ], [ 70.755453, 24.231442 ], [ 70.776021, 24.236687 ], [ 70.813589, 24.254464 ], [ 70.834105, 24.261285 ], [ 70.851468, 24.264877 ], [ 70.857566, 24.271672 ], [ 70.844543, 24.288286 ], [ 70.840926, 24.30583 ], [ 70.856532, 24.323814 ], [ 70.917717, 24.361718 ], [ 70.936321, 24.367196 ], [ 70.955338, 24.365904 ], [ 70.977145, 24.357248 ], [ 70.996679, 24.356602 ], [ 71.007118, 24.363966 ], [ 71.014352, 24.375206 ], [ 71.025101, 24.38629 ], [ 71.073057, 24.402103 ], [ 71.082772, 24.411508 ], [ 71.07502, 24.436417 ], [ 71.040087, 24.446778 ], [ 71.00009, 24.452901 ], [ 70.977145, 24.464942 ], [ 70.974355, 24.472202 ], [ 70.973114, 24.479644 ], [ 70.973218, 24.48724 ], [ 70.974768, 24.494966 ], [ 70.977145, 24.515068 ], [ 70.980504, 24.521889 ], [ 70.981899, 24.52853 ], [ 70.980866, 24.534731 ], [ 70.977145, 24.54039 ], [ 70.957767, 24.556022 ], [ 70.954821, 24.584521 ], [ 70.962779, 24.615785 ], [ 70.977145, 24.639686 ], [ 71.043343, 24.669064 ], [ 71.063858, 24.682577 ], [ 71.056632, 24.69282 ], [ 71.036935, 24.72074 ], [ 71.00319, 24.808203 ], [ 70.943039, 24.894063 ], [ 70.915237, 24.946618 ], [ 70.893326, 25.001886 ], [ 70.859891, 25.139449 ], [ 70.848574, 25.163323 ], [ 70.831418, 25.183322 ], [ 70.768372, 25.233086 ], [ 70.734886, 25.267348 ], [ 70.723104, 25.287295 ], [ 70.718556, 25.310808 ], [ 70.710495, 25.335871 ], [ 70.670394, 25.375558 ], [ 70.654478, 25.39659 ], [ 70.646623, 25.431369 ], [ 70.652824, 25.545884 ], [ 70.657475, 25.63363 ], [ 70.653857, 25.674455 ], [ 70.632308, 25.701378 ], [ 70.592259, 25.708819 ], [ 70.554432, 25.698794 ], [ 70.516657, 25.68386 ], [ 70.477227, 25.676315 ], [ 70.360129, 25.673473 ], [ 70.303698, 25.684583 ], [ 70.264579, 25.697296 ], [ 70.249231, 25.707683 ], [ 70.234452, 25.730989 ], [ 70.213988, 25.786334 ], [ 70.195591, 25.806953 ], [ 70.15425, 25.839406 ], [ 70.114976, 25.881729 ], [ 70.083246, 25.929943 ], [ 70.064643, 25.980327 ], [ 70.064281, 25.99552 ], [ 70.072911, 26.047455 ], [ 70.073893, 26.083112 ], [ 70.078285, 26.099648 ], [ 70.132029, 26.18047 ], [ 70.146912, 26.217419 ], [ 70.151614, 26.254058 ], [ 70.144018, 26.294313 ], [ 70.142467, 26.313692 ], [ 70.147945, 26.333226 ], [ 70.157144, 26.354 ], [ 70.160503, 26.371311 ], [ 70.156989, 26.410947 ], [ 70.162931, 26.493319 ], [ 70.158074, 26.530113 ], [ 70.1296, 26.562514 ], [ 70.093685, 26.580394 ], [ 70.056064, 26.589076 ], [ 69.815562, 26.580291 ], [ 69.772258, 26.59507 ], [ 69.700221, 26.653 ], [ 69.659396, 26.677701 ], [ 69.50416, 26.735165 ], [ 69.472844, 26.766584 ], [ 69.465093, 26.80777 ], [ 69.48597, 26.926833 ], [ 69.507571, 27.050081 ], [ 69.534443, 27.125581 ], [ 69.575577, 27.188419 ], [ 69.666114, 27.270016 ], [ 69.730606, 27.310324 ], [ 69.848015, 27.410369 ], [ 69.908063, 27.497289 ], [ 69.993536, 27.571083 ], [ 70.016894, 27.60059 ], [ 70.090688, 27.79355 ], [ 70.101953, 27.81174 ], [ 70.189028, 27.89179 ], [ 70.199002, 27.90096 ], [ 70.267731, 27.945272 ], [ 70.323852, 28.000437 ], [ 70.341939, 28.01147 ], [ 70.359509, 28.016327 ], [ 70.398266, 28.02165 ], [ 70.43692, 28.035344 ], [ 70.456247, 28.039788 ], [ 70.477227, 28.037256 ], [ 70.506786, 28.028962 ], [ 70.534898, 28.015965 ], [ 70.559806, 27.998447 ], [ 70.592879, 27.964496 ], [ 70.621198, 27.944135 ], [ 70.633187, 27.93163 ], [ 70.64161, 27.911269 ], [ 70.637631, 27.874217 ], [ 70.640732, 27.854787 ], [ 70.671738, 27.791095 ], [ 70.710391, 27.74115 ], [ 70.761758, 27.709783 ], [ 70.831573, 27.701463 ], [ 70.91379, 27.717818 ], [ 71.027581, 27.768048 ], [ 71.150675, 27.822411 ], [ 71.226329, 27.845356 ], [ 71.31144, 27.861711 ], [ 71.397791, 27.868378 ], [ 71.477115, 27.862435 ], [ 71.560727, 27.868533 ], [ 71.70139, 27.906773 ], [ 71.860864, 27.950207 ], [ 71.874403, 27.95969 ], [ 71.879984, 27.974909 ], [ 71.89156, 28.097097 ], [ 71.896934, 28.115546 ], [ 71.908303, 28.135571 ], [ 71.988195, 28.228097 ], [ 72.110978, 28.317627 ], [ 72.149942, 28.353774 ], [ 72.17764, 28.397053 ], [ 72.197794, 28.44488 ], [ 72.256499, 28.645591 ], [ 72.28027, 28.687165 ], [ 72.354581, 28.767186 ], [ 72.382176, 28.784006 ], [ 72.52563, 28.84992 ], [ 72.658541, 28.911001 ], [ 72.77254, 28.96335 ], [ 72.901524, 29.022622 ], [ 72.918164, 29.032854 ], [ 72.930359, 29.047685 ], [ 72.962915, 29.116829 ], [ 72.98865, 29.15463 ], [ 73.050869, 29.228217 ], [ 73.1289, 29.360302 ], [ 73.177993, 29.443449 ], [ 73.232873, 29.536596 ], [ 73.284756, 29.683745 ], [ 73.327441, 29.80521 ], [ 73.370332, 29.927322 ], [ 73.385215, 29.942308 ], [ 73.557815, 30.012536 ], [ 73.739716, 30.048451 ], [ 73.778266, 30.067313 ], [ 73.944354, 30.188288 ], [ 73.946831, 30.204077 ], [ 73.948902, 30.217278 ], [ 73.934639, 30.261048 ], [ 73.911901, 30.303784 ], [ 73.891644, 30.329778 ], [ 73.842345, 30.35298 ], [ 73.845239, 30.35696 ], [ 73.85175, 30.372669 ], [ 73.867666, 30.387449 ], [ 73.887614, 30.396544 ], [ 73.906114, 30.394838 ], [ 73.904253, 30.401453 ], [ 73.902083, 30.415612 ], [ 73.899913, 30.422124 ], [ 73.916656, 30.417163 ], [ 73.929265, 30.419075 ], [ 73.939083, 30.426051 ], [ 73.98983, 30.487804 ], [ 73.996031, 30.500982 ], [ 74.004402, 30.50894 ], [ 74.04409, 30.518655 ], [ 74.057526, 30.531367 ], [ 74.061453, 30.555604 ], [ 74.058249, 30.574466 ], [ 74.057112, 30.591571 ], [ 74.067448, 30.610536 ], [ 74.082227, 30.625884 ], [ 74.09587, 30.637149 ], [ 74.111476, 30.646244 ], [ 74.132663, 30.655494 ], [ 74.155711, 30.659577 ], [ 74.163669, 30.664899 ], [ 74.16677, 30.67911 ], [ 74.170077, 30.687172 ], [ 74.18465, 30.696835 ], [ 74.191161, 30.717041 ], [ 74.198809, 30.724999 ], [ 74.215139, 30.737453 ], [ 74.235706, 30.764118 ], [ 74.244078, 30.771249 ], [ 74.259167, 30.781016 ], [ 74.266712, 30.788354 ], [ 74.265782, 30.795434 ], [ 74.256687, 30.815278 ], [ 74.260201, 30.819412 ], [ 74.279941, 30.824683 ], [ 74.300198, 30.83817 ], [ 74.31136, 30.855947 ], [ 74.304022, 30.874034 ], [ 74.31074, 30.884473 ], [ 74.319215, 30.893413 ], [ 74.329757, 30.899614 ], [ 74.34247, 30.901939 ], [ 74.353632, 30.901112 ], [ 74.379677, 30.894498 ], [ 74.401277, 30.893103 ], [ 74.409132, 30.901009 ], [ 74.41337, 30.915065 ], [ 74.424325, 30.932325 ], [ 74.441585, 30.946174 ], [ 74.458535, 30.953409 ], [ 74.477242, 30.956096 ], [ 74.499463, 30.95651 ], [ 74.519306, 30.962452 ], [ 74.534809, 30.97625 ], [ 74.548762, 30.992166 ], [ 74.564058, 31.004362 ], [ 74.564265, 31.025032 ], [ 74.579458, 31.042706 ], [ 74.600955, 31.056607 ], [ 74.658833, 31.083789 ], [ 74.650254, 31.093142 ], [ 74.631961, 31.107508 ], [ 74.616975, 31.11526 ], [ 74.596924, 31.115776 ], [ 74.553103, 31.108955 ], [ 74.536773, 31.115156 ], [ 74.523544, 31.129315 ], [ 74.514862, 31.141821 ], [ 74.509591, 31.156084 ], [ 74.506387, 31.175411 ], [ 74.509074, 31.195668 ], [ 74.525094, 31.235407 ], [ 74.525301, 31.280211 ], [ 74.532225, 31.303207 ], [ 74.571603, 31.389248 ], [ 74.583695, 31.40656 ], [ 74.600025, 31.42413 ], [ 74.61191, 31.440201 ], [ 74.617181, 31.458908 ], [ 74.614598, 31.477821 ], [ 74.584522, 31.517509 ], [ 74.555583, 31.612232 ], [ 74.499463, 31.699875 ], [ 74.489437, 31.711192 ], [ 74.492641, 31.714551 ], [ 74.503287, 31.730571 ], [ 74.505457, 31.732018 ], [ 74.513312, 31.735118 ], [ 74.516206, 31.737392 ], [ 74.518273, 31.741836 ], [ 74.521167, 31.753773 ], [ 74.523027, 31.758476 ], [ 74.530778, 31.767829 ], [ 74.535119, 31.771137 ], [ 74.53698, 31.775736 ], [ 74.537393, 31.788913 ], [ 74.540804, 31.810876 ], [ 74.550415, 31.826999 ], [ 74.565608, 31.840538 ], [ 74.641056, 31.890561 ], [ 74.657179, 31.895677 ], [ 74.669995, 31.904152 ], [ 74.698417, 31.950247 ], [ 74.763012, 31.938982 ], [ 74.783683, 31.942858 ], [ 74.802493, 31.968851 ], [ 74.811278, 32.003732 ], [ 74.828641, 32.025437 ], [ 74.873186, 32.011691 ], [ 74.889103, 32.028899 ], [ 74.908843, 32.031896 ], [ 74.931374, 32.029829 ], [ 74.955662, 32.032206 ], [ 74.967858, 32.037891 ], [ 74.974059, 32.04497 ], [ 74.978503, 32.053393 ], [ 74.986151, 32.063212 ], [ 74.995556, 32.067398 ], [ 75.020154, 32.065847 ], [ 75.030179, 32.066416 ], [ 75.022635, 32.094683 ], [ 75.040825, 32.09799 ], [ 75.102113, 32.078095 ], [ 75.110278, 32.07763 ], [ 75.11896, 32.08104 ], [ 75.129812, 32.090239 ], [ 75.13839, 32.093494 ], [ 75.161334, 32.087965 ], [ 75.17415, 32.086828 ], [ 75.173116, 32.109721 ], [ 75.195751, 32.128634 ], [ 75.226447, 32.14207 ], [ 75.249908, 32.148892 ], [ 75.263344, 32.150907 ], [ 75.294659, 32.148892 ], [ 75.29807, 32.159795 ], [ 75.308405, 32.193902 ], [ 75.31657, 32.210748 ], [ 75.34861, 32.242012 ], [ 75.359048, 32.261675 ], [ 75.35295, 32.284387 ], [ 75.326906, 32.312473 ], [ 75.298403, 32.332427 ], [ 75.230167, 32.380195 ], [ 75.196164, 32.3973 ], [ 75.125988, 32.411744 ], [ 75.092191, 32.429339 ], [ 75.054881, 32.455539 ], [ 75.023668, 32.466262 ], [ 74.990699, 32.463368 ], [ 74.948427, 32.44877 ], [ 74.906983, 32.445178 ], [ 74.83815, 32.474866 ], [ 74.799393, 32.47267 ], [ 74.763529, 32.462671 ], [ 74.724978, 32.46081 ], [ 74.689322, 32.471352 ], [ 74.662553, 32.498379 ], [ 74.632581, 32.568168 ], [ 74.629584, 32.588089 ], [ 74.636922, 32.606254 ], [ 74.647981, 32.623617 ], [ 74.656042, 32.64067 ], [ 74.657282, 32.660592 ], [ 74.650151, 32.701235 ], [ 74.649738, 32.723146 ], [ 74.656972, 32.745341 ], [ 74.682294, 32.787328 ], [ 74.689115, 32.808825 ], [ 74.685291, 32.831227 ], [ 74.671752, 32.840581 ], [ 74.653562, 32.837428 ], [ 74.635888, 32.82208 ], [ 74.626276, 32.80265 ], [ 74.622039, 32.785416 ], [ 74.614081, 32.770404 ], [ 74.59341, 32.757872 ], [ 74.573773, 32.75255 ], [ 74.52096, 32.745289 ], [ 74.500909, 32.746013 ], [ 74.484476, 32.753532 ], [ 74.455331, 32.778595 ], [ 74.438691, 32.785984 ], [ 74.418951, 32.784615 ], [ 74.386394, 32.767768 ], [ 74.367688, 32.763531 ], [ 74.34619, 32.76689 ], [ 74.329344, 32.776424 ], [ 74.316321, 32.791075 ], [ 74.306503, 32.809911 ], [ 74.315939, 32.82175 ], [ 74.316989, 32.823067 ], [ 74.322936, 32.830529 ], [ 74.333788, 32.849262 ], [ 74.336682, 32.870139 ], [ 74.324486, 32.921402 ], [ 74.322006, 32.972045 ], [ 74.311257, 32.994292 ], [ 74.283972, 33.008813 ], [ 74.190851, 33.022094 ], [ 74.153851, 33.040181 ], [ 74.098453, 33.104828 ], [ 74.065794, 33.132604 ], [ 74.029414, 33.154153 ], [ 74.002335, 33.177692 ], [ 73.988486, 33.20862 ], [ 73.991793, 33.252571 ], [ 74.001715, 33.270167 ], [ 74.017838, 33.279494 ], [ 74.055355, 33.292026 ], [ 74.071995, 33.302284 ], [ 74.085121, 33.314324 ], [ 74.095973, 33.328484 ], [ 74.105481, 33.345201 ], [ 74.136281, 33.418013 ], [ 74.157778, 33.494236 ], [ 74.141552, 33.549374 ], [ 74.088118, 33.58529 ], [ 74.024246, 33.614254 ], [ 73.976704, 33.648387 ], [ 73.968332, 33.662081 ], [ 73.963061, 33.676757 ], [ 73.960787, 33.692286 ], [ 73.963061, 33.72156 ], [ 73.966162, 33.734531 ], [ 73.970709, 33.747063 ], [ 73.976704, 33.758922 ], [ 74.011327, 33.81047 ], [ 74.034581, 33.828608 ], [ 74.142275, 33.84424 ], [ 74.177518, 33.857547 ], [ 74.212555, 33.878424 ], [ 74.23953, 33.901007 ], [ 74.262474, 33.929946 ], [ 74.272293, 33.96214 ], [ 74.259684, 33.994386 ], [ 74.228368, 34.012886 ], [ 74.192091, 34.011853 ], [ 74.154264, 34.004101 ], [ 74.118401, 34.002525 ], [ 74.065277, 34.018338 ], [ 74.04502, 34.019423 ], [ 73.976704, 34.004592 ], [ 73.945801, 34.009786 ], [ 73.916242, 34.02795 ], [ 73.893711, 34.054305 ], [ 73.88441, 34.0842 ], [ 73.893298, 34.11474 ], [ 73.916862, 34.135256 ], [ 73.976704, 34.161559 ], [ 73.995411, 34.176442 ], [ 73.998304, 34.196803 ], [ 73.990553, 34.218507 ], [ 73.976704, 34.23755 ], [ 73.95438, 34.287185 ], [ 73.93774, 34.304212 ], [ 73.907457, 34.306796 ], [ 73.879035, 34.30429 ], [ 73.8533, 34.307416 ], [ 73.829116, 34.315348 ], [ 73.804208, 34.327492 ], [ 73.78271, 34.346819 ], [ 73.774856, 34.370952 ], [ 73.779817, 34.396067 ], [ 73.79625, 34.418546 ], [ 73.806792, 34.425161 ], [ 73.831596, 34.4364 ], [ 73.840381, 34.44441 ], [ 73.845549, 34.456477 ], [ 73.846996, 34.494175 ], [ 73.846996, 34.49433 ], [ 73.863119, 34.517067 ], [ 73.910971, 34.544973 ], [ 73.925957, 34.564971 ], [ 73.925441, 34.593393 ], [ 73.917483, 34.619283 ], [ 73.919343, 34.642538 ], [ 73.948592, 34.662743 ], [ 73.962234, 34.668169 ], [ 74.120881, 34.690855 ], [ 74.146823, 34.701862 ], [ 74.221753, 34.747751 ], [ 74.285832, 34.768887 ], [ 74.348877, 34.773434 ], [ 74.412129, 34.764494 ], [ 74.66493, 34.688323 ], [ 75.017777, 34.629722 ], [ 75.111001, 34.633649 ], [ 75.17632, 34.64538 ], [ 75.212907, 34.644967 ], [ 75.224544, 34.638622 ], [ 75.236885, 34.631892 ], [ 75.251355, 34.613082 ], [ 75.267478, 34.598303 ], [ 75.306958, 34.574015 ], [ 75.348093, 34.55722 ], [ 75.611643, 34.49836 ], [ 75.655568, 34.496965 ], [ 75.713652, 34.508515 ], [ 75.734839, 34.508618 ], [ 75.777111, 34.503812 ], [ 75.795818, 34.507921 ], [ 75.816178, 34.521667 ], [ 75.873952, 34.571379 ], [ 75.939271, 34.612049 ], [ 75.966246, 34.619077 ], [ 75.973378, 34.622332 ], [ 75.98671, 34.636027 ], [ 76.007484, 34.66512 ], [ 76.023401, 34.677161 ], [ 76.058334, 34.683414 ], [ 76.121792, 34.660883 ], [ 76.154969, 34.661658 ], [ 76.262042, 34.684654 ], [ 76.399915, 34.750748 ], [ 76.438156, 34.762892 ], [ 76.476499, 34.757776 ], [ 76.519908, 34.731111 ], [ 76.535824, 34.726202 ], [ 76.553187, 34.72584 ], [ 76.63959, 34.741136 ], [ 76.652613, 34.746976 ], [ 76.743873, 34.819271 ], [ 76.753278, 34.83834 ], [ 76.749558, 34.892083 ], [ 76.757619, 34.915131 ], [ 76.782011, 34.930892 ], [ 76.817047, 34.940762 ], [ 76.852601, 34.943346 ], [ 76.879576, 34.937093 ], [ 76.905931, 34.923141 ], [ 76.921123, 34.920712 ], [ 76.933836, 34.928877 ], [ 76.952956, 34.94655 ], [ 77.013108, 34.986393 ], [ 77.02861, 35.003394 ], [ 77.035225, 35.034503 ], [ 77.02706, 35.062099 ], [ 77.023133, 35.086335 ], [ 77.042426, 35.107014 ], [ 77.048971, 35.110442 ], [ 77.424659, 35.302924 ], [ 77.800346, 35.495406 ], [ 77.815332, 35.47334 ] ] ], [ [ [ 91.999893, 27.071527 ], [ 91.987697, 27.104031 ], [ 91.987904, 27.122273 ], [ 91.990798, 27.140773 ], [ 91.995862, 27.158033 ], [ 92.0, 27.166488282389228 ], [ 92.0, 27.071430988678337 ], [ 91.999893, 27.071527 ] ] ], [ [ [ 91.975088, 27.472433 ], [ 91.963306, 27.468919 ], [ 91.900591, 27.45973 ], [ 91.856578, 27.466239 ], [ 91.816232, 27.461357 ], [ 91.779555, 27.456475 ], [ 91.727092, 27.459942 ], [ 91.727041, 27.460005 ], [ 91.704924, 27.468764 ], [ 91.680223, 27.472846 ], [ 91.657382, 27.479151 ], [ 91.641672, 27.494964 ], [ 91.632887, 27.511655 ], [ 91.604465, 27.532145 ], [ 91.59506, 27.546382 ], [ 91.573252, 27.619711 ], [ 91.579867, 27.657977 ], [ 91.626686, 27.716423 ], [ 91.634957, 27.746571 ], [ 91.63577, 27.782525 ], [ 91.605336, 27.810658 ], [ 91.566023, 27.821074 ], [ 91.564355, 27.851372 ], [ 91.628339, 27.852694 ], [ 91.680131, 27.849823 ], [ 91.729871, 27.804136 ], [ 91.826589, 27.807627 ], [ 91.856373, 27.764539 ], [ 91.864914, 27.729988 ], [ 91.908736, 27.7319 ], [ 91.952247, 27.72482 ], [ 91.968001, 27.746278 ], [ 91.988898, 27.769398 ], [ 92.0, 27.768276256725454 ], [ 92.0, 27.45925906604824 ], [ 91.975088, 27.472433 ] ] ], [ [ [ 91.961652, 23.691139 ], [ 91.949147, 23.709768 ], [ 91.936641, 23.72354 ], [ 91.922688, 23.722972 ], [ 91.916487, 23.709872 ], [ 91.91442, 23.688323 ], [ 91.915971, 23.65016 ], [ 91.942325, 23.53443 ], [ 91.940775, 23.495182 ], [ 91.918141, 23.459939 ], [ 91.905118, 23.446632 ], [ 91.889099, 23.435935 ], [ 91.833805, 23.413895 ], [ 91.817682, 23.400924 ], [ 91.791637, 23.368342 ], [ 91.762595, 23.321549 ], [ 91.743681, 23.272327 ], [ 91.749159, 23.232407 ], [ 91.763938, 23.200626 ], [ 91.779028, 23.131767 ], [ 91.791947, 23.101149 ], [ 91.795564, 23.089496 ], [ 91.791327, 23.080375 ], [ 91.776237, 23.06526 ], [ 91.773757, 23.064898 ], [ 91.764248, 23.065647 ], [ 91.760941, 23.065492 ], [ 91.75598, 23.061539 ], [ 91.755567, 23.056837 ], [ 91.75629, 23.05216 ], [ 91.75505, 23.048233 ], [ 91.738307, 23.024668 ], [ 91.731279, 23.01733 ], [ 91.714432, 23.003119 ], [ 91.706991, 22.995368 ], [ 91.694692, 22.988133 ], [ 91.667614, 22.982629 ], [ 91.654074, 22.978056 ], [ 91.646943, 22.976583 ], [ 91.639915, 22.978004 ], [ 91.632784, 22.980304 ], [ 91.625756, 22.981544 ], [ 91.616661, 22.978056 ], [ 91.61201, 22.969839 ], [ 91.608289, 22.960331 ], [ 91.602398, 22.952967 ], [ 91.586068, 22.944466 ], [ 91.582968, 22.947903 ], [ 91.583071, 22.957799 ], [ 91.576766, 22.968806 ], [ 91.563124, 22.974981 ], [ 91.549791, 22.977229 ], [ 91.536562, 22.981854 ], [ 91.523643, 22.995213 ], [ 91.519406, 23.005625 ], [ 91.518165, 23.035081 ], [ 91.515582, 23.038802 ], [ 91.506073, 23.041179 ], [ 91.503283, 23.044408 ], [ 91.498115, 23.069962 ], [ 91.475067, 23.143085 ], [ 91.470416, 23.153291 ], [ 91.463595, 23.184116 ], [ 91.461218, 23.184426 ], [ 91.446438, 23.197887 ], [ 91.445405, 23.203029 ], [ 91.446748, 23.208791 ], [ 91.446438, 23.215535 ], [ 91.439927, 23.223519 ], [ 91.439617, 23.22264 ], [ 91.436207, 23.215716 ], [ 91.436517, 23.214863 ], [ 91.428145, 23.229513 ], [ 91.413572, 23.248634 ], [ 91.394349, 23.262664 ], [ 91.372128, 23.261889 ], [ 91.360966, 23.247523 ], [ 91.355695, 23.224139 ], [ 91.355901, 23.179646 ], [ 91.374608, 23.095723 ], [ 91.370887, 23.062779 ], [ 91.337401, 23.071074 ], [ 91.313527, 23.101046 ], [ 91.300504, 23.142309 ], [ 91.27725, 23.303256 ], [ 91.272909, 23.313488 ], [ 91.267535, 23.321549 ], [ 91.265778, 23.329352 ], [ 91.272909, 23.338499 ], [ 91.282934, 23.347646 ], [ 91.287275, 23.355552 ], [ 91.283968, 23.361443 ], [ 91.270945, 23.364596 ], [ 91.25813, 23.373639 ], [ 91.247898, 23.393767 ], [ 91.234462, 23.436271 ], [ 91.229707, 23.461179 ], [ 91.22733, 23.468775 ], [ 91.220819, 23.477896 ], [ 91.203352, 23.487921 ], [ 91.195084, 23.495182 ], [ 91.185886, 23.511563 ], [ 91.177514, 23.544275 ], [ 91.169866, 23.561974 ], [ 91.140824, 23.6121 ], [ 91.136276, 23.629515 ], [ 91.139687, 23.65357 ], [ 91.152296, 23.655095 ], [ 91.166456, 23.654087 ], [ 91.175241, 23.670313 ], [ 91.168936, 23.685377 ], [ 91.1524, 23.69101 ], [ 91.136587, 23.69889 ], [ 91.132349, 23.720646 ], [ 91.141754, 23.739896 ], [ 91.157567, 23.744986 ], [ 91.176584, 23.746536 ], [ 91.194981, 23.755166 ], [ 91.205213, 23.771573 ], [ 91.225263, 23.826144 ], [ 91.228157, 23.84498 ], [ 91.224023, 23.857485 ], [ 91.212758, 23.88074 ], [ 91.211931, 23.89446 ], [ 91.216272, 23.908387 ], [ 91.250378, 23.964042 ], [ 91.26092, 23.977271 ], [ 91.274149, 23.988227 ], [ 91.291616, 23.994816 ], [ 91.304948, 23.99386 ], [ 91.308433, 23.992501 ], [ 91.316214, 23.989467 ], [ 91.327066, 23.987865 ], [ 91.339055, 23.995229 ], [ 91.349287, 24.036053 ], [ 91.350837, 24.074242 ], [ 91.363033, 24.099848 ], [ 91.404581, 24.103129 ], [ 91.480442, 24.088014 ], [ 91.517545, 24.085198 ], [ 91.55868, 24.089668 ], [ 91.581831, 24.096101 ], [ 91.596507, 24.10499 ], [ 91.606015, 24.118865 ], [ 91.613767, 24.140104 ], [ 91.624515, 24.203459 ], [ 91.629063, 24.215319 ], [ 91.639502, 24.211702 ], [ 91.657175, 24.171368 ], [ 91.666167, 24.155917 ], [ 91.68415, 24.145478 ], [ 91.703684, 24.142946 ], [ 91.72115, 24.148992 ], [ 91.732623, 24.164314 ], [ 91.732002, 24.181678 ], [ 91.725801, 24.202064 ], [ 91.723011, 24.220977 ], [ 91.732933, 24.234284 ], [ 91.796598, 24.221598 ], [ 91.807037, 24.221133 ], [ 91.809724, 24.214544 ], [ 91.811377, 24.192039 ], [ 91.813755, 24.183124 ], [ 91.844244, 24.155323 ], [ 91.864501, 24.150594 ], [ 91.87711, 24.158036 ], [ 91.884345, 24.175554 ], [ 91.905945, 24.260639 ], [ 91.906875, 24.280354 ], [ 91.896437, 24.320119 ], [ 91.899847, 24.33805 ], [ 91.921862, 24.34451 ], [ 91.930957, 24.336965 ], [ 91.953074, 24.322987 ], [ 91.972194, 24.316062 ], [ 91.971368, 24.329679 ], [ 91.948837, 24.363527 ], [ 91.949974, 24.375387 ], [ 92.0, 24.371466132402134 ], [ 92.0, 23.651086970184917 ], [ 91.961652, 23.691139 ] ] ], [ [ [ 80.983165, 15.780748 ], [ 80.988536, 15.770738 ], [ 80.984874, 15.761786 ], [ 80.97169, 15.750474 ], [ 80.942638, 15.741034 ], [ 80.942556, 15.741075 ], [ 80.917979, 15.755113 ], [ 80.8685, 15.811957 ], [ 80.879161, 15.840074 ], [ 80.888357, 15.846747 ], [ 80.937266, 15.818915 ], [ 80.968272, 15.795233 ], [ 80.983165, 15.780748 ] ] ], [ [ [ 73.644054, 10.076972 ], [ 73.640961, 10.069322 ], [ 73.637055, 10.062567 ], [ 73.632579, 10.057278 ], [ 73.631684, 10.067776 ], [ 73.633311, 10.077867 ], [ 73.637462, 10.087063 ], [ 73.643891, 10.09455 ], [ 73.643972, 10.094468 ], [ 73.645193, 10.09219 ], [ 73.646332, 10.084703 ], [ 73.644054, 10.076972 ] ] ], [ [ [ 73.662201, 10.144517 ], [ 73.66033, 10.142524 ], [ 73.659353, 10.13996 ], [ 73.657888, 10.139065 ], [ 73.654633, 10.141506 ], [ 73.65561, 10.144761 ], [ 73.657481, 10.145087 ], [ 73.659679, 10.144355 ], [ 73.662283, 10.144599 ], [ 73.662201, 10.144517 ] ] ], [ [ [ 72.63852, 10.559394 ], [ 72.633067, 10.556545 ], [ 72.627533, 10.554796 ], [ 72.627452, 10.554755 ], [ 72.632091, 10.560004 ], [ 72.648611, 10.573961 ], [ 72.648692, 10.57392 ], [ 72.650564, 10.572577 ], [ 72.650401, 10.571194 ], [ 72.649587, 10.569322 ], [ 72.64975, 10.56684 ], [ 72.63852, 10.559394 ] ] ], [ [ [ 72.548757, 10.779324 ], [ 72.541189, 10.772895 ], [ 72.540863, 10.776516 ], [ 72.542491, 10.777899 ], [ 72.545421, 10.778306 ], [ 72.548839, 10.779446 ], [ 72.548757, 10.779324 ] ] ], [ [ [ 73.681244, 10.82807 ], [ 73.684418, 10.827541 ], [ 73.67628, 10.824368 ], [ 73.672862, 10.824693 ], [ 73.671886, 10.827094 ], [ 73.671397, 10.829657 ], [ 73.671397, 10.829739 ], [ 73.681244, 10.82807 ] ] ], [ [ [ 72.747569, 11.115424 ], [ 72.746755, 11.111965 ], [ 72.744965, 11.109524 ], [ 72.739513, 11.108832 ], [ 72.739513, 11.113959 ], [ 72.742035, 11.115953 ], [ 72.745779, 11.116889 ], [ 72.750011, 11.119086 ], [ 72.747569, 11.115424 ] ] ], [ [ [ 73.010916, 11.490139 ], [ 73.0088, 11.484687 ], [ 73.005626, 11.479641 ], [ 73.004405, 11.488837 ], [ 73.004405, 11.496487 ], [ 73.007091, 11.501288 ], [ 73.013194, 11.502183 ], [ 73.010916, 11.490139 ] ] ], [ [ [ 72.716075, 11.694078 ], [ 72.708669, 11.689154 ], [ 72.705251, 11.687323 ], [ 72.701101, 11.686428 ], [ 72.700938, 11.686428 ], [ 72.705089, 11.692328 ], [ 72.709239, 11.694159 ], [ 72.716156, 11.694159 ], [ 72.716075, 11.694078 ] ] ], [ [ [ 73.081798, 8.315823 ], [ 73.083018, 8.314358 ], [ 73.083018, 8.311672 ], [ 73.083995, 8.308498 ], [ 73.066091, 8.270453 ], [ 73.056651, 8.259996 ], [ 73.044688, 8.252427 ], [ 73.032725, 8.249498 ], [ 73.024099, 8.255439 ], [ 73.022472, 8.274359 ], [ 73.029307, 8.274319 ], [ 73.029307, 8.274115 ], [ 73.028982, 8.263414 ], [ 73.029307, 8.259996 ], [ 73.04835, 8.267564 ], [ 73.063162, 8.279486 ], [ 73.073009, 8.295396 ], [ 73.077159, 8.315253 ], [ 73.081798, 8.315823 ] ] ], [ [ [ 88.88852, 21.589545 ], [ 88.902029, 21.580268 ], [ 88.911306, 21.566881 ], [ 88.91391, 21.548407 ], [ 88.90797, 21.530707 ], [ 88.895763, 21.528469 ], [ 88.879731, 21.529975 ], [ 88.862478, 21.523586 ], [ 88.838715, 21.531928 ], [ 88.830821, 21.577379 ], [ 88.841319, 21.614 ], [ 88.872895, 21.595526 ], [ 88.88852, 21.589545 ] ] ], [ [ [ 88.090017, 21.808661 ], [ 88.119314, 21.859524 ], [ 88.146739, 21.869859 ], [ 88.167003, 21.765448 ], [ 88.163422, 21.705471 ], [ 88.132579, 21.684963 ], [ 88.144379, 21.657782 ], [ 88.146007, 21.643744 ], [ 88.139415, 21.630316 ], [ 88.130056, 21.625922 ], [ 88.1185, 21.627672 ], [ 88.091563, 21.636542 ], [ 88.063487, 21.636664 ], [ 88.051768, 21.641588 ], [ 88.043142, 21.65762 ], [ 88.042247, 21.668158 ], [ 88.043956, 21.680854 ], [ 88.050548, 21.70539 ], [ 88.090017, 21.808661 ] ] ], [ [ [ 88.650157, 21.927436 ], [ 88.663259, 21.921291 ], [ 88.670584, 21.907416 ], [ 88.667003, 21.890326 ], [ 88.655284, 21.866604 ], [ 88.649181, 21.842353 ], [ 88.646332, 21.787909 ], [ 88.636241, 21.79267 ], [ 88.59962, 21.803656 ], [ 88.591807, 21.804389 ], [ 88.590505, 21.812893 ], [ 88.584972, 21.826606 ], [ 88.584321, 21.835761 ], [ 88.586274, 21.843004 ], [ 88.598643, 21.869859 ], [ 88.616466, 21.897935 ], [ 88.636241, 21.921373 ], [ 88.650157, 21.927436 ] ] ], [ [ [ 88.072276, 21.856757 ], [ 88.071056, 21.873603 ], [ 88.073904, 21.892157 ], [ 88.077322, 21.904608 ], [ 88.084727, 21.921576 ], [ 88.094249, 21.937893 ], [ 88.105724, 21.947577 ], [ 88.118907, 21.945014 ], [ 88.132579, 21.920478 ], [ 88.125011, 21.888658 ], [ 88.104991, 21.861151 ], [ 88.080903, 21.849351 ], [ 88.072276, 21.856757 ] ] ], [ [ [ 72.172618, 10.829983 ], [ 72.179047, 10.8487 ], [ 72.185151, 10.858303 ], [ 72.189301, 10.864936 ], [ 72.195649, 10.872707 ], [ 72.200043, 10.878079 ], [ 72.200043, 10.864447 ], [ 72.188162, 10.836127 ], [ 72.172699, 10.809231 ], [ 72.172618, 10.829983 ] ] ], [ [ [ 72.789236, 11.261664 ], [ 72.795909, 11.261664 ], [ 72.795584, 11.257229 ], [ 72.793956, 11.254299 ], [ 72.791515, 11.251654 ], [ 72.789073, 11.248033 ], [ 72.787934, 11.232245 ], [ 72.784923, 11.216376 ], [ 72.775483, 11.186754 ], [ 72.775401, 11.186591 ], [ 72.771169, 11.201117 ], [ 72.770356, 11.20364 ], [ 72.774181, 11.222886 ], [ 72.789073, 11.261664 ], [ 72.789236, 11.261664 ] ] ] ] } },
{ "type": "Feature", "properties": { "ADMIN": "Bangladesh", "SOVEREIGNT": "Bangladesh", "TYPE": "Sovereign country", "NAME": "Bangladesh", "ISO_A3": "BGD" }, "geometry": { "type": "MultiPolygon", "coordinates": [ [ [ [ 91.989757, 21.394232 ], [ 91.980479, 21.403754 ], [ 91.969412, 21.409613 ], [ 91.959727, 21.423977 ], [ 91.952973, 21.44184 ], [ 91.949718, 21.458401 ], [ 91.955903, 21.458401 ], [ 91.958018, 21.455024 ], [ 91.958832, 21.454413 ], [ 91.960134, 21.45425 ], [ 91.96339, 21.452135 ], [ 91.970876, 21.470038 ], [ 91.982921, 21.488837 ], [ 91.999034, 21.499498 ], [ 92.0, 21.499171105190676 ], [ 92.0, 21.376757387740756 ], [ 91.989757, 21.394232 ] ] ], [ [ [ 91.995372, 21.52261 ], [ 91.989757, 21.543402 ], [ 91.990001, 21.561998 ], [ 91.998546, 21.573188 ], [ 92.0, 21.574463436763434 ], [ 92.0, 21.514144135064935 ], [ 91.995372, 21.52261 ] ] ], [ [ [ 91.983897, 21.650133 ], [ 91.976085, 21.662055 ], [ 91.978852, 21.67772 ], [ 91.984223, 21.693508 ], [ 91.983897, 21.70539 ], [ 91.977061, 21.70539 ], [ 91.971934, 21.688218 ], [ 91.962657, 21.689521 ], [ 91.953624, 21.701402 ], [ 91.949718, 21.715969 ], [ 91.952973, 21.738349 ], [ 91.961925, 21.743842 ], [ 91.974783, 21.746487 ], [ 91.990001, 21.759996 ], [ 91.983897, 21.766832 ], [ 91.967296, 21.755439 ], [ 91.960297, 21.763821 ], [ 91.966563, 21.778876 ], [ 91.990001, 21.787909 ], [ 91.990001, 21.794827 ], [ 91.943696, 21.791409 ], [ 91.924083, 21.785224 ], [ 91.908702, 21.781155 ], [ 91.899262, 21.789496 ], [ 91.90089, 21.8133 ], [ 91.911388, 21.834703 ], [ 91.929373, 21.843166 ], [ 91.921641, 21.85342 ], [ 91.925548, 21.86286 ], [ 91.93629, 21.870836 ], [ 91.949718, 21.876695 ], [ 91.949718, 21.884182 ], [ 91.93922, 21.883043 ], [ 91.929942, 21.878648 ], [ 91.92213, 21.871568 ], [ 91.915701, 21.862454 ], [ 91.91033, 21.874905 ], [ 91.90561, 21.895575 ], [ 91.901215, 21.93537 ], [ 91.898204, 21.944892 ], [ 91.884044, 21.96015 ], [ 91.88087, 21.969184 ], [ 91.88087, 22.007025 ], [ 91.855235, 22.109198 ], [ 91.853526, 22.143622 ], [ 91.863943, 22.139594 ], [ 91.867198, 22.137397 ], [ 91.862071, 22.150621 ], [ 91.853282, 22.148749 ], [ 91.846039, 22.135972 ], [ 91.846039, 22.116889 ], [ 91.839854, 22.116889 ], [ 91.829112, 22.134101 ], [ 91.819347, 22.155951 ], [ 91.812999, 22.180325 ], [ 91.812022, 22.205024 ], [ 91.816905, 22.220282 ], [ 91.825857, 22.230048 ], [ 91.834727, 22.237616 ], [ 91.839854, 22.246649 ], [ 91.83839, 22.263088 ], [ 91.829845, 22.271308 ], [ 91.819184, 22.275824 ], [ 91.812022, 22.281399 ], [ 91.808849, 22.306342 ], [ 91.826508, 22.318264 ], [ 91.852387, 22.325344 ], [ 91.874034, 22.336005 ], [ 91.884939, 22.353827 ], [ 91.908051, 22.42475 ], [ 91.901866, 22.424058 ], [ 91.887706, 22.42475 ], [ 91.885509, 22.409654 ], [ 91.875743, 22.37108 ], [ 91.877452, 22.363349 ], [ 91.870453, 22.3581 ], [ 91.859141, 22.346625 ], [ 91.844005, 22.334947 ], [ 91.826345, 22.329169 ], [ 91.823253, 22.324164 ], [ 91.798595, 22.311916 ], [ 91.791352, 22.301907 ], [ 91.793956, 22.286038 ], [ 91.804535, 22.278469 ], [ 91.817231, 22.274075 ], [ 91.826345, 22.267768 ], [ 91.825938, 22.248481 ], [ 91.80893, 22.236274 ], [ 91.78712, 22.237942 ], [ 91.771658, 22.260321 ], [ 91.754405, 22.374661 ], [ 91.743663, 22.411078 ], [ 91.676036, 22.534613 ], [ 91.548106, 22.700344 ], [ 91.516368, 22.712226 ], [ 91.498709, 22.727281 ], [ 91.48463, 22.74551 ], [ 91.476817, 22.761176 ], [ 91.469005, 22.757066 ], [ 91.462413, 22.761908 ], [ 91.458018, 22.772284 ], [ 91.456309, 22.784817 ], [ 91.458344, 22.797065 ], [ 91.467784, 22.809312 ], [ 91.473969, 22.838324 ], [ 91.490001, 22.880561 ], [ 91.490489, 22.904527 ], [ 91.483084, 22.904527 ], [ 91.479666, 22.885891 ], [ 91.462413, 22.833441 ], [ 91.452485, 22.822659 ], [ 91.430431, 22.816311 ], [ 91.416759, 22.799994 ], [ 91.411632, 22.777818 ], [ 91.414724, 22.75373 ], [ 91.399669, 22.764309 ], [ 91.38502, 22.770697 ], [ 91.368337, 22.773993 ], [ 91.346446, 22.774848 ], [ 91.346446, 22.767401 ], [ 91.367442, 22.761664 ], [ 91.370128, 22.752183 ], [ 91.360118, 22.743394 ], [ 91.342621, 22.739447 ], [ 91.290782, 22.73843 ], [ 91.308849, 22.7331 ], [ 91.325043, 22.726142 ], [ 91.332774, 22.720201 ], [ 91.329926, 22.705715 ], [ 91.317393, 22.697211 ], [ 91.300548, 22.693264 ], [ 91.284434, 22.692288 ], [ 91.283458, 22.693345 ], [ 91.252778, 22.699286 ], [ 91.248383, 22.698228 ], [ 91.244802, 22.698391 ], [ 91.243419, 22.702216 ], [ 91.243907, 22.717434 ], [ 91.243419, 22.720201 ], [ 91.231212, 22.724311 ], [ 91.216075, 22.72606 ], [ 91.181895, 22.726467 ], [ 91.181895, 22.720201 ], [ 91.194591, 22.709662 ], [ 91.199229, 22.698798 ], [ 91.192149, 22.691636 ], [ 91.168956, 22.692288 ], [ 91.168956, 22.684882 ], [ 91.226899, 22.671088 ], [ 91.253429, 22.660712 ], [ 91.264496, 22.640815 ], [ 91.261078, 22.627875 ], [ 91.253103, 22.613837 ], [ 91.241569, 22.575396 ], [ 91.221365, 22.557193 ], [ 91.202743, 22.54322 ], [ 91.176566, 22.536419 ], [ 91.127343, 22.527026 ], [ 91.089201, 22.54443 ], [ 91.06958, 22.571557 ], [ 91.058604, 22.614325 ], [ 91.048676, 22.626166 ], [ 91.037934, 22.643866 ], [ 91.026703, 22.674262 ], [ 91.018321, 22.683092 ], [ 91.003754, 22.678656 ], [ 91.018728, 22.664455 ], [ 91.032237, 22.636868 ], [ 91.040212, 22.607733 ], [ 91.037934, 22.588609 ], [ 91.017589, 22.579291 ], [ 90.985118, 22.574368 ], [ 90.954926, 22.575832 ], [ 90.941742, 22.585883 ], [ 90.935557, 22.599677 ], [ 90.908214, 22.617865 ], [ 90.902029, 22.627102 ], [ 90.898774, 22.636176 ], [ 90.884125, 22.654486 ], [ 90.876475, 22.682807 ], [ 90.865489, 22.687161 ], [ 90.835948, 22.684882 ], [ 90.831309, 22.690579 ], [ 90.819509, 22.726467 ], [ 90.811778, 22.732367 ], [ 90.802582, 22.736396 ], [ 90.794932, 22.74136 ], [ 90.788341, 22.759223 ], [ 90.774181, 22.778062 ], [ 90.771007, 22.784817 ], [ 90.769542, 22.795356 ], [ 90.757335, 22.822659 ], [ 90.750011, 22.856757 ], [ 90.741954, 22.874213 ], [ 90.732921, 22.889065 ], [ 90.725597, 22.905707 ], [ 90.722667, 22.928453 ], [ 90.717459, 22.940619 ], [ 90.640147, 23.038031 ], [ 90.629405, 23.064399 ], [ 90.627126, 23.075873 ], [ 90.627208, 23.086656 ], [ 90.638682, 23.147895 ], [ 90.640147, 23.18887 ], [ 90.645844, 23.210924 ], [ 90.657074, 23.230373 ], [ 90.665212, 23.248765 ], [ 90.661143, 23.267646 ], [ 90.667328, 23.267646 ], [ 90.65089, 23.300238 ], [ 90.650157, 23.313544 ], [ 90.661143, 23.322252 ], [ 90.657725, 23.323228 ], [ 90.654796, 23.32331 ], [ 90.653168, 23.324652 ], [ 90.653656, 23.329739 ], [ 90.628429, 23.321519 ], [ 90.611339, 23.342475 ], [ 90.601736, 23.372463 ], [ 90.599132, 23.391181 ], [ 90.600271, 23.449937 ], [ 90.608735, 23.472724 ], [ 90.633311, 23.486762 ], [ 90.69158, 23.486477 ], [ 90.715017, 23.498358 ], [ 90.715831, 23.535142 ], [ 90.711192, 23.548814 ], [ 90.705577, 23.554511 ], [ 90.695811, 23.555487 ], [ 90.678233, 23.55508 ], [ 90.675466, 23.55093 ], [ 90.684337, 23.541734 ], [ 90.702159, 23.528388 ], [ 90.695323, 23.50788 ], [ 90.677745, 23.517279 ], [ 90.666759, 23.518215 ], [ 90.647472, 23.50788 ], [ 90.622081, 23.500067 ], [ 90.607758, 23.491116 ], [ 90.603363, 23.494696 ], [ 90.588145, 23.534166 ], [ 90.592052, 23.562486 ], [ 90.608165, 23.585761 ], [ 90.633311, 23.596625 ], [ 90.627126, 23.603461 ], [ 90.625336, 23.599351 ], [ 90.625255, 23.598334 ], [ 90.624034, 23.59809 ], [ 90.61964, 23.596625 ], [ 90.61199, 23.606106 ], [ 90.59547, 23.604397 ], [ 90.558767, 23.590399 ], [ 90.564464, 23.576402 ], [ 90.559418, 23.567939 ], [ 90.547211, 23.563788 ], [ 90.531505, 23.562486 ], [ 90.514659, 23.563788 ], [ 90.50172, 23.567939 ], [ 90.476329, 23.582953 ], [ 90.484386, 23.56745 ], [ 90.498383, 23.557278 ], [ 90.514985, 23.551418 ], [ 90.531505, 23.548814 ], [ 90.568696, 23.547512 ], [ 90.576834, 23.539496 ], [ 90.578949, 23.449856 ], [ 90.575938, 23.438951 ], [ 90.568126, 23.432929 ], [ 90.559906, 23.418402 ], [ 90.553722, 23.400702 ], [ 90.551931, 23.384955 ], [ 90.518321, 23.398261 ], [ 90.322439, 23.433295 ], [ 90.284434, 23.446194 ], [ 90.250336, 23.466946 ], [ 90.24936, 23.45539 ], [ 90.2588, 23.444566 ], [ 90.38852, 23.372382 ], [ 90.404145, 23.360419 ], [ 90.413422, 23.347968 ], [ 90.419688, 23.335598 ], [ 90.428477, 23.326117 ], [ 90.460216, 23.319729 ], [ 90.487966, 23.30683 ], [ 90.503591, 23.301744 ], [ 90.569102, 23.294989 ], [ 90.577322, 23.288398 ], [ 90.606619, 23.247219 ], [ 90.61085, 23.23078 ], [ 90.614513, 23.195461 ], [ 90.610362, 23.201158 ], [ 90.602712, 23.211005 ], [ 90.593516, 23.219875 ], [ 90.598399, 23.200426 ], [ 90.602875, 23.141303 ], [ 90.599132, 23.117499 ], [ 90.571951, 23.081732 ], [ 90.565603, 23.075873 ], [ 90.553722, 23.078559 ], [ 90.55128, 23.0869 ], [ 90.555919, 23.096829 ], [ 90.565603, 23.103827 ], [ 90.565603, 23.110663 ], [ 90.558767, 23.110663 ], [ 90.547618, 23.096747 ], [ 90.536632, 23.086819 ], [ 90.522797, 23.080146 ], [ 90.503591, 23.075873 ], [ 90.466075, 23.07685 ], [ 90.453624, 23.072333 ], [ 90.448904, 23.055732 ], [ 90.450125, 23.049343 ], [ 90.454356, 23.027533 ], [ 90.468272, 22.99608 ], [ 90.48699, 22.966132 ], [ 90.507009, 22.942084 ], [ 90.509288, 22.936998 ], [ 90.507579, 22.92536 ], [ 90.510427, 22.918199 ], [ 90.51295, 22.91706 ], [ 90.516856, 22.916815 ], [ 90.521007, 22.915676 ], [ 90.524099, 22.912014 ], [ 90.535981, 22.903388 ], [ 90.54005, 22.896552 ], [ 90.534923, 22.887152 ], [ 90.52003, 22.880194 ], [ 90.505138, 22.881659 ], [ 90.490489, 22.885199 ], [ 90.476329, 22.884101 ], [ 90.457205, 22.861762 ], [ 90.44809, 22.828437 ], [ 90.436046, 22.800605 ], [ 90.40797, 22.794664 ], [ 90.424001, 22.781684 ], [ 90.419932, 22.768256 ], [ 90.406423, 22.763088 ], [ 90.394298, 22.774848 ], [ 90.372569, 22.76142 ], [ 90.387218, 22.751288 ], [ 90.415782, 22.742499 ], [ 90.435232, 22.733303 ], [ 90.444591, 22.751654 ], [ 90.461681, 22.748847 ], [ 90.479015, 22.735012 ], [ 90.489919, 22.720201 ], [ 90.492931, 22.709906 ], [ 90.496755, 22.678656 ], [ 90.508962, 22.64643 ], [ 90.512706, 22.611477 ], [ 90.51002, 22.604234 ], [ 90.500173, 22.592353 ], [ 90.491384, 22.587836 ], [ 90.468598, 22.584703 ], [ 90.459239, 22.579291 ], [ 90.453461, 22.564195 ], [ 90.442149, 22.508734 ], [ 90.442068, 22.493638 ], [ 90.444998, 22.504136 ], [ 90.451182, 22.510159 ], [ 90.458018, 22.514635 ], [ 90.462657, 22.520982 ], [ 90.463552, 22.53144 ], [ 90.46046, 22.551174 ], [ 90.462657, 22.561957 ], [ 90.472504, 22.575588 ], [ 90.487315, 22.583726 ], [ 90.505138, 22.586249 ], [ 90.524099, 22.583075 ], [ 90.559744, 22.562323 ], [ 90.57781, 22.533677 ], [ 90.589692, 22.500434 ], [ 90.606619, 22.465766 ], [ 90.591319, 22.470526 ], [ 90.586192, 22.473212 ], [ 90.586436, 22.450588 ], [ 90.593598, 22.432318 ], [ 90.613455, 22.396877 ], [ 90.618419, 22.376654 ], [ 90.619314, 22.355902 ], [ 90.613455, 22.314887 ], [ 90.581554, 22.238227 ], [ 90.557953, 22.203355 ], [ 90.538341, 22.198879 ], [ 90.511729, 22.185289 ], [ 90.50115, 22.176703 ], [ 90.496755, 22.167792 ], [ 90.494395, 22.154242 ], [ 90.488292, 22.138617 ], [ 90.459646, 22.091946 ], [ 90.450043, 22.080797 ], [ 90.43865, 22.075995 ], [ 90.425466, 22.078843 ], [ 90.408458, 22.085924 ], [ 90.393809, 22.094713 ], [ 90.387462, 22.102607 ], [ 90.39324, 22.127387 ], [ 90.417491, 22.175035 ], [ 90.421641, 22.198879 ], [ 90.410004, 22.227281 ], [ 90.40797, 22.240424 ], [ 90.414073, 22.271796 ], [ 90.410899, 22.284247 ], [ 90.394298, 22.288235 ], [ 90.398692, 22.267483 ], [ 90.388682, 22.223212 ], [ 90.39088, 22.208808 ], [ 90.399099, 22.202216 ], [ 90.405528, 22.19953 ], [ 90.410492, 22.195705 ], [ 90.414236, 22.185777 ], [ 90.412852, 22.178046 ], [ 90.408214, 22.17121 ], [ 90.400564, 22.164049 ], [ 90.399181, 22.16234 ], [ 90.397146, 22.160631 ], [ 90.395193, 22.157213 ], [ 90.392589, 22.143012 ], [ 90.388682, 22.143459 ], [ 90.3838, 22.145738 ], [ 90.380056, 22.143622 ], [ 90.377126, 22.133612 ], [ 90.37379, 22.102607 ], [ 90.369884, 22.08983 ], [ 90.365733, 22.081204 ], [ 90.347423, 22.055325 ], [ 90.334727, 22.041815 ], [ 90.332205, 22.038072 ], [ 90.327891, 22.020494 ], [ 90.308604, 21.984036 ], [ 90.304373, 21.965766 ], [ 90.299978, 21.92768 ], [ 90.290701, 21.890326 ], [ 90.282888, 21.870795 ], [ 90.272716, 21.857408 ], [ 90.217621, 21.813463 ], [ 90.203787, 21.804592 ], [ 90.184825, 21.800971 ], [ 90.164399, 21.804267 ], [ 90.126801, 21.818793 ], [ 90.10906, 21.822089 ], [ 90.092947, 21.830268 ], [ 90.088552, 21.846747 ], [ 90.095388, 21.859442 ], [ 90.112478, 21.856269 ], [ 90.104991, 21.870266 ], [ 90.11085, 21.880113 ], [ 90.12086, 21.889309 ], [ 90.126231, 21.90119 ], [ 90.124522, 21.909735 ], [ 90.121837, 21.915351 ], [ 90.121349, 21.921576 ], [ 90.126231, 21.931952 ], [ 90.116222, 21.919338 ], [ 90.098481, 21.878607 ], [ 90.088878, 21.869859 ], [ 90.079356, 21.866929 ], [ 90.066905, 21.85342 ], [ 90.057872, 21.849351 ], [ 90.049327, 21.85102 ], [ 90.036306, 21.861151 ], [ 90.024425, 21.862454 ], [ 90.031261, 21.889228 ], [ 90.033946, 21.943549 ], [ 90.044932, 21.966132 ], [ 90.05421, 21.973375 ], [ 90.065766, 21.979885 ], [ 90.077159, 21.987982 ], [ 90.085785, 22.00023 ], [ 90.090587, 22.015448 ], [ 90.09254, 22.027981 ], [ 90.095958, 22.040107 ], [ 90.105642, 22.054267 ], [ 90.146739, 22.089016 ], [ 90.151622, 22.094875 ], [ 90.158865, 22.10692 ], [ 90.164073, 22.113227 ], [ 90.172862, 22.117011 ], [ 90.181814, 22.114814 ], [ 90.189708, 22.110826 ], [ 90.195079, 22.109524 ], [ 90.216156, 22.123236 ], [ 90.2317, 22.145657 ], [ 90.239106, 22.172268 ], [ 90.236095, 22.198879 ], [ 90.218272, 22.155707 ], [ 90.205821, 22.132961 ], [ 90.191661, 22.123114 ], [ 90.164806, 22.119818 ], [ 90.148285, 22.110785 ], [ 90.088878, 22.051174 ], [ 90.081798, 22.041002 ], [ 90.073741, 22.019232 ], [ 90.061046, 22.0008 ], [ 90.057953, 21.99372 ], [ 90.052419, 21.989 ], [ 90.038097, 21.986558 ], [ 90.028168, 21.988105 ], [ 89.996349, 22.00023 ], [ 90.002126, 22.014106 ], [ 90.003184, 22.029364 ], [ 90.010753, 22.041205 ], [ 90.020193, 22.048814 ], [ 90.028982, 22.052965 ], [ 90.035411, 22.059801 ], [ 90.038097, 22.075344 ], [ 90.034679, 22.10517 ], [ 90.039073, 22.116278 ], [ 90.042735, 22.131252 ], [ 90.052094, 22.141099 ], [ 90.063243, 22.145738 ], [ 90.072602, 22.152045 ], [ 90.07838, 22.164049 ], [ 90.052582, 22.155463 ], [ 90.04005, 22.138088 ], [ 90.024425, 22.089016 ], [ 90.015391, 22.077867 ], [ 89.988536, 22.053046 ], [ 89.982758, 22.044623 ], [ 89.985199, 21.999416 ], [ 89.982758, 21.986558 ], [ 89.967784, 21.974555 ], [ 89.949718, 21.980902 ], [ 89.934418, 21.997707 ], [ 89.928233, 22.017279 ], [ 89.92628, 22.027167 ], [ 89.917491, 22.049872 ], [ 89.914561, 22.061672 ], [ 89.912364, 22.135565 ], [ 89.903087, 22.176907 ], [ 89.90089, 22.201972 ], [ 89.898285, 22.211656 ], [ 89.885509, 22.230618 ], [ 89.880382, 22.240424 ], [ 89.876638, 22.253485 ], [ 89.875336, 22.263983 ], [ 89.876801, 22.274726 ], [ 89.880382, 22.288235 ], [ 89.900157, 22.33393 ], [ 89.982758, 22.445258 ], [ 89.988292, 22.45775 ], [ 89.991954, 22.469875 ], [ 89.997895, 22.480862 ], [ 90.010102, 22.49022 ], [ 89.982758, 22.473212 ], [ 89.979503, 22.470079 ], [ 89.947439, 22.439683 ], [ 89.933604, 22.423529 ], [ 89.928233, 22.407701 ], [ 89.920421, 22.391832 ], [ 89.903087, 22.39643 ], [ 89.872895, 22.418606 ], [ 89.874848, 22.39765 ], [ 89.880544, 22.380601 ], [ 89.884125, 22.363511 ], [ 89.880382, 22.342231 ], [ 89.838715, 22.267768 ], [ 89.850841, 22.246527 ], [ 89.861339, 22.211005 ], [ 89.872895, 22.143622 ], [ 89.874278, 22.108832 ], [ 89.871349, 22.091864 ], [ 89.862966, 22.079047 ], [ 89.846202, 22.070624 ], [ 89.831554, 22.071967 ], [ 89.816173, 22.075995 ], [ 89.797211, 22.075995 ], [ 89.797211, 22.068508 ], [ 89.81837, 22.060045 ], [ 89.835948, 22.049465 ], [ 89.847911, 22.033881 ], [ 89.852387, 22.010443 ], [ 89.851085, 22.000881 ], [ 89.845958, 21.982896 ], [ 89.846202, 21.972317 ], [ 89.850271, 21.963121 ], [ 89.86378, 21.943305 ], [ 89.871837, 21.924262 ], [ 89.881602, 21.912991 ], [ 89.887218, 21.900092 ], [ 89.880382, 21.884182 ], [ 89.87322, 21.881578 ], [ 89.850922, 21.877509 ], [ 89.825206, 21.856269 ], [ 89.819591, 21.849555 ], [ 89.817638, 21.844916 ], [ 89.81422, 21.840806 ], [ 89.804698, 21.835761 ], [ 89.786388, 21.828925 ], [ 89.775727, 21.827582 ], [ 89.771169, 21.832343 ], [ 89.76588, 21.846747 ], [ 89.753429, 21.843899 ], [ 89.738455, 21.834418 ], [ 89.725841, 21.828925 ], [ 89.709158, 21.830064 ], [ 89.69044, 21.833726 ], [ 89.67335, 21.840074 ], [ 89.661306, 21.849351 ], [ 89.656912, 21.857123 ], [ 89.653168, 21.867743 ], [ 89.652599, 21.878852 ], [ 89.663341, 21.896308 ], [ 89.661306, 21.905829 ], [ 89.646983, 21.925116 ], [ 89.618988, 21.869859 ], [ 89.630382, 21.851467 ], [ 89.64975, 21.826361 ], [ 89.672048, 21.804267 ], [ 89.692068, 21.794827 ], [ 89.700694, 21.784857 ], [ 89.689952, 21.765204 ], [ 89.668224, 21.750881 ], [ 89.643565, 21.756903 ], [ 89.631521, 21.764065 ], [ 89.620372, 21.76435 ], [ 89.59547, 21.759996 ], [ 89.592784, 21.754381 ], [ 89.60377, 21.727688 ], [ 89.605968, 21.719062 ], [ 89.586925, 21.700832 ], [ 89.565684, 21.713365 ], [ 89.53712, 21.753811 ], [ 89.53891, 21.77147 ], [ 89.527354, 21.812812 ], [ 89.530284, 21.835761 ], [ 89.538341, 21.848619 ], [ 89.556895, 21.868801 ], [ 89.564464, 21.884182 ], [ 89.567638, 21.900702 ], [ 89.563487, 21.973131 ], [ 89.5713, 22.031236 ], [ 89.576671, 22.051703 ], [ 89.600597, 22.091254 ], [ 89.605968, 22.113227 ], [ 89.60255, 22.134508 ], [ 89.593761, 22.155422 ], [ 89.581391, 22.174058 ], [ 89.567882, 22.18891 ], [ 89.567231, 22.202826 ], [ 89.597911, 22.240302 ], [ 89.605968, 22.256903 ], [ 89.607107, 22.278266 ], [ 89.610606, 22.298896 ], [ 89.616954, 22.318427 ], [ 89.626475, 22.336005 ], [ 89.615489, 22.328274 ], [ 89.606212, 22.315619 ], [ 89.592459, 22.288235 ], [ 89.580821, 22.277248 ], [ 89.577159, 22.2685 ], [ 89.586192, 22.245429 ], [ 89.580333, 22.236762 ], [ 89.561046, 22.22309 ], [ 89.549164, 22.205268 ], [ 89.550304, 22.192125 ], [ 89.5713, 22.157904 ], [ 89.576345, 22.145494 ], [ 89.578787, 22.135891 ], [ 89.579356, 22.113227 ], [ 89.576996, 22.101264 ], [ 89.566742, 22.082099 ], [ 89.564464, 22.072211 ], [ 89.556488, 22.00845 ], [ 89.551443, 21.994045 ], [ 89.532888, 21.984687 ], [ 89.52475, 22.000149 ], [ 89.523448, 22.044623 ], [ 89.526134, 22.055121 ], [ 89.536469, 22.075832 ], [ 89.53712, 22.089016 ], [ 89.492035, 22.188381 ], [ 89.489431, 22.208808 ], [ 89.494151, 22.253567 ], [ 89.493012, 22.273505 ], [ 89.483165, 22.295071 ], [ 89.475759, 22.295071 ], [ 89.467459, 22.22899 ], [ 89.475759, 22.102607 ], [ 89.483165, 22.102607 ], [ 89.48406, 22.116685 ], [ 89.48878, 22.129584 ], [ 89.494151, 22.136868 ], [ 89.496837, 22.133979 ], [ 89.49822, 22.125312 ], [ 89.50172, 22.113105 ], [ 89.506847, 22.10102 ], [ 89.51295, 22.092434 ], [ 89.518321, 22.081 ], [ 89.517426, 22.066474 ], [ 89.509125, 22.041205 ], [ 89.504161, 22.036689 ], [ 89.491873, 22.034573 ], [ 89.489431, 22.031236 ], [ 89.490408, 22.023993 ], [ 89.492686, 22.019192 ], [ 89.496837, 22.013861 ], [ 89.500499, 22.00259 ], [ 89.512706, 21.978095 ], [ 89.52003, 21.969184 ], [ 89.521821, 21.962307 ], [ 89.512543, 21.909125 ], [ 89.502289, 21.897528 ], [ 89.489106, 21.888373 ], [ 89.475759, 21.876695 ], [ 89.46461, 21.859198 ], [ 89.463634, 21.845038 ], [ 89.467052, 21.828599 ], [ 89.469493, 21.804389 ], [ 89.465831, 21.781317 ], [ 89.456228, 21.762397 ], [ 89.442719, 21.746649 ], [ 89.406423, 21.717353 ], [ 89.395193, 21.716376 ], [ 89.36964, 21.743313 ], [ 89.364268, 21.758205 ], [ 89.362804, 21.78384 ], [ 89.365896, 21.828925 ], [ 89.371267, 21.847154 ], [ 89.384288, 21.877834 ], [ 89.386974, 21.90119 ], [ 89.38266, 21.921332 ], [ 89.364024, 21.955064 ], [ 89.35963, 21.972317 ], [ 89.352224, 21.972317 ], [ 89.345958, 21.957017 ], [ 89.348806, 21.944159 ], [ 89.355235, 21.931627 ], [ 89.35963, 21.91767 ], [ 89.35963, 21.901679 ], [ 89.355968, 21.892524 ], [ 89.339122, 21.876695 ], [ 89.328868, 21.864651 ], [ 89.322602, 21.854641 ], [ 89.306163, 21.817613 ], [ 89.30128, 21.809394 ], [ 89.296235, 21.809068 ], [ 89.290701, 21.822089 ], [ 89.283946, 21.822089 ], [ 89.284434, 21.79682 ], [ 89.294688, 21.757799 ], [ 89.290701, 21.733344 ], [ 89.273692, 21.698798 ], [ 89.276622, 21.687567 ], [ 89.297537, 21.678127 ], [ 89.285899, 21.665595 ], [ 89.268728, 21.653998 ], [ 89.248709, 21.645901 ], [ 89.229259, 21.643948 ], [ 89.21046, 21.65412 ], [ 89.204438, 21.672675 ], [ 89.208263, 21.690619 ], [ 89.218598, 21.698554 ], [ 89.220714, 21.709418 ], [ 89.189708, 21.791246 ], [ 89.188243, 21.799709 ], [ 89.187673, 21.81151 ], [ 89.18336, 21.815619 ], [ 89.174083, 21.810045 ], [ 89.164561, 21.800198 ], [ 89.160411, 21.791327 ], [ 89.154552, 21.786851 ], [ 89.141287, 21.790229 ], [ 89.119395, 21.800971 ], [ 89.10906, 21.809516 ], [ 89.104666, 21.815863 ], [ 89.079926, 21.897406 ], [ 89.07781, 21.914252 ], [ 89.080414, 21.934882 ], [ 89.091075, 21.976793 ], [ 89.091482, 22.00023 ], [ 89.084239, 22.021186 ], [ 89.062022, 22.049506 ], [ 89.057384, 22.06509 ], [ 89.063487, 22.111029 ], [ 89.060395, 22.129869 ], [ 89.060693, 22.130485 ], [ 89.078159, 22.150845 ], [ 89.076196, 22.17503 ], [ 89.070718, 22.194822 ], [ 89.062295, 22.211565 ], [ 89.018628, 22.264689 ], [ 89.00912, 22.285618 ], [ 89.023537, 22.294816 ], [ 89.006949, 22.321429 ], [ 89.001523, 22.333677 ], [ 88.989586, 22.386903 ], [ 88.989482, 22.39667 ], [ 88.99217, 22.406954 ], [ 89.000748, 22.420131 ], [ 89.002505, 22.427986 ], [ 88.998371, 22.451241 ], [ 88.979974, 22.490928 ], [ 88.970982, 22.527928 ], [ 88.959045, 22.536817 ], [ 88.927988, 22.548134 ], [ 88.950312, 22.561983 ], [ 88.95641, 22.584979 ], [ 88.952017, 22.611903 ], [ 88.942354, 22.637482 ], [ 88.930003, 22.658618 ], [ 88.92592, 22.680839 ], [ 88.92251, 22.693706 ], [ 88.910573, 22.722593 ], [ 88.908144, 22.740784 ], [ 88.914965, 22.7544 ], [ 88.926231, 22.767035 ], [ 88.936876, 22.782331 ], [ 88.941217, 22.795664 ], [ 88.945144, 22.815094 ], [ 88.946798, 22.834525 ], [ 88.944524, 22.848012 ], [ 88.933103, 22.858115 ], [ 88.905147, 22.866435 ], [ 88.893468, 22.879638 ], [ 88.872177, 22.926767 ], [ 88.861738, 22.942399 ], [ 88.842773, 22.964568 ], [ 88.838794, 22.975808 ], [ 88.839414, 22.995368 ], [ 88.848716, 23.023841 ], [ 88.8513, 23.07513 ], [ 88.864787, 23.100271 ], [ 88.919099, 23.153859 ], [ 88.945868, 23.174349 ], [ 88.954704, 23.183806 ], [ 88.95982, 23.194451 ], [ 88.959975, 23.202693 ], [ 88.954239, 23.207422 ], [ 88.926954, 23.206517 ], [ 88.918066, 23.208584 ], [ 88.909642, 23.212434 ], [ 88.839621, 23.23481 ], [ 88.822671, 23.237963 ], [ 88.809545, 23.236051 ], [ 88.800967, 23.230754 ], [ 88.794197, 23.224966 ], [ 88.786187, 23.221529 ], [ 88.775697, 23.221633 ], [ 88.710016, 23.241218 ], [ 88.69658, 23.252354 ], [ 88.686607, 23.271604 ], [ 88.685935, 23.293308 ], [ 88.69503, 23.312609 ], [ 88.719266, 23.348292 ], [ 88.767894, 23.467277 ], [ 88.770168, 23.488826 ], [ 88.756835, 23.498799 ], [ 88.743709, 23.489317 ], [ 88.731927, 23.472625 ], [ 88.719421, 23.468104 ], [ 88.704642, 23.495182 ], [ 88.69379, 23.499807 ], [ 88.664489, 23.518307 ], [ 88.647643, 23.535076 ], [ 88.624233, 23.573859 ], [ 88.609247, 23.588794 ], [ 88.601289, 23.590344 ], [ 88.581549, 23.588329 ], [ 88.57142, 23.592334 ], [ 88.561705, 23.602023 ], [ 88.561085, 23.608612 ], [ 88.564392, 23.616208 ], [ 88.566356, 23.62874 ], [ 88.56124, 23.632486 ], [ 88.550956, 23.634424 ], [ 88.541551, 23.638765 ], [ 88.540104, 23.649953 ], [ 88.561188, 23.741007 ], [ 88.559741, 23.750283 ], [ 88.552507, 23.765424 ], [ 88.552713, 23.774984 ], [ 88.557674, 23.785681 ], [ 88.57235, 23.806894 ], [ 88.577518, 23.818521 ], [ 88.577621, 23.827616 ], [ 88.575451, 23.836556 ], [ 88.574366, 23.845626 ], [ 88.577621, 23.85516 ], [ 88.593589, 23.866916 ], [ 88.613175, 23.867847 ], [ 88.633949, 23.866141 ], [ 88.653121, 23.869784 ], [ 88.666505, 23.8795 ], [ 88.704435, 23.913709 ], [ 88.71415, 23.925156 ], [ 88.717148, 23.943139 ], [ 88.714357, 23.964404 ], [ 88.708363, 23.98355 ], [ 88.701593, 23.995281 ], [ 88.71384, 24.014685 ], [ 88.725468, 24.028896 ], [ 88.725002, 24.038379 ], [ 88.700921, 24.04365 ], [ 88.697821, 24.056259 ], [ 88.67901, 24.071219 ], [ 88.674101, 24.08264 ], [ 88.675393, 24.091838 ], [ 88.681801, 24.112664 ], [ 88.68299, 24.124291 ], [ 88.678287, 24.144651 ], [ 88.67808, 24.154289 ], [ 88.683765, 24.166536 ], [ 88.69379, 24.175321 ], [ 88.715907, 24.182918 ], [ 88.731456, 24.189771 ], [ 88.731617, 24.189842 ], [ 88.734821, 24.198421 ], [ 88.746397, 24.214079 ], [ 88.749807, 24.223251 ], [ 88.747482, 24.226972 ], [ 88.74495, 24.243379 ], [ 88.743038, 24.247539 ], [ 88.737508, 24.287097 ], [ 88.714564, 24.315416 ], [ 88.681801, 24.33389 ], [ 88.660149, 24.338257 ], [ 88.649503, 24.315364 ], [ 88.634517, 24.294125 ], [ 88.612451, 24.292885 ], [ 88.5631, 24.308207 ], [ 88.49835, 24.310972 ], [ 88.475405, 24.315468 ], [ 88.401301, 24.369418 ], [ 88.138785, 24.49525 ], [ 88.10995, 24.500986 ], [ 88.107934, 24.507963 ], [ 88.098787, 24.522484 ], [ 88.090002, 24.533 ], [ 88.086023, 24.53672 ], [ 88.08499, 24.541733 ], [ 88.08499, 24.593875 ], [ 88.081838, 24.599869 ], [ 88.067265, 24.613667 ], [ 88.05724, 24.634105 ], [ 88.04091, 24.640435 ], [ 88.02179, 24.645603 ], [ 88.027164, 24.67573 ], [ 88.035432, 24.693817 ], [ 88.048455, 24.711206 ], [ 88.053209, 24.754976 ], [ 88.064268, 24.759162 ], [ 88.07698, 24.761177 ], [ 88.084008, 24.770453 ], [ 88.085352, 24.784018 ], [ 88.088245, 24.796136 ], [ 88.094808, 24.803112 ], [ 88.107779, 24.801097 ], [ 88.117391, 24.819261 ], [ 88.13124, 24.831767 ], [ 88.140955, 24.844583 ], [ 88.138062, 24.863496 ], [ 88.124936, 24.898145 ], [ 88.120337, 24.906775 ], [ 88.114911, 24.912021 ], [ 88.114911, 24.916413 ], [ 88.16452, 24.941114 ], [ 88.18302, 24.94698 ], [ 88.20245, 24.9453 ], [ 88.21878, 24.935146 ], [ 88.232836, 24.918273 ], [ 88.24188, 24.898766 ], [ 88.242758, 24.880601 ], [ 88.25485, 24.879955 ], [ 88.296812, 24.869698 ], [ 88.313606, 24.868302 ], [ 88.322753, 24.874684 ], [ 88.340892, 24.90414 ], [ 88.37567, 24.94561 ], [ 88.387865, 24.968761 ], [ 88.391018, 24.99509 ], [ 88.414117, 25.021523 ], [ 88.425796, 25.051056 ], [ 88.434168, 25.116659 ], [ 88.43148, 25.173038 ], [ 88.441299, 25.18973 ], [ 88.475405, 25.195104 ], [ 88.491838, 25.191125 ], [ 88.523154, 25.179808 ], [ 88.550026, 25.173142 ], [ 88.554677, 25.171126 ], [ 88.55938, 25.170764 ], [ 88.570697, 25.173245 ], [ 88.577725, 25.177482 ], [ 88.590127, 25.190143 ], [ 88.599119, 25.19314 ], [ 88.634259, 25.192262 ], [ 88.664593, 25.186888 ], [ 88.724537, 25.166475 ], [ 88.784224, 25.160946 ], [ 88.792337, 25.166579 ], [ 88.802517, 25.188128 ], [ 88.809132, 25.195259 ], [ 88.81709, 25.196809 ], [ 88.823601, 25.194846 ], [ 88.830216, 25.191332 ], [ 88.898635, 25.169318 ], [ 88.924163, 25.167871 ], [ 88.909642, 25.189161 ], [ 88.927884, 25.192727 ], [ 88.930778, 25.202649 ], [ 88.927988, 25.21593 ], [ 88.929073, 25.229417 ], [ 88.937754, 25.240166 ], [ 88.975323, 25.265229 ], [ 88.982351, 25.274892 ], [ 88.984935, 25.284969 ], [ 88.982713, 25.294478 ], [ 88.975323, 25.302643 ], [ 88.926489, 25.300472 ], [ 88.902873, 25.303418 ], [ 88.88613, 25.319076 ], [ 88.880187, 25.323468 ], [ 88.859258, 25.324709 ], [ 88.849026, 25.327189 ], [ 88.841998, 25.332822 ], [ 88.81833, 25.359642 ], [ 88.814041, 25.370391 ], [ 88.813266, 25.380054 ], [ 88.810372, 25.388426 ], [ 88.799623, 25.395609 ], [ 88.799313, 25.401706 ], [ 88.816315, 25.437208 ], [ 88.814919, 25.458602 ], [ 88.805824, 25.471676 ], [ 88.793112, 25.48196 ], [ 88.780968, 25.495189 ], [ 88.772338, 25.501959 ], [ 88.741952, 25.512759 ], [ 88.742572, 25.495189 ], [ 88.732651, 25.491003 ], [ 88.723142, 25.491417 ], [ 88.71415, 25.492812 ], [ 88.706192, 25.491675 ], [ 88.69565, 25.483614 ], [ 88.687072, 25.473898 ], [ 88.67808, 25.465889 ], [ 88.66635, 25.462891 ], [ 88.645421, 25.467336 ], [ 88.613175, 25.486404 ], [ 88.593589, 25.495086 ], [ 88.550956, 25.496481 ], [ 88.530286, 25.500202 ], [ 88.520467, 25.509297 ], [ 88.512767, 25.523714 ], [ 88.485586, 25.542628 ], [ 88.475405, 25.562575 ], [ 88.437785, 25.579835 ], [ 88.423781, 25.592237 ], [ 88.41944, 25.653784 ], [ 88.392981, 25.680759 ], [ 88.320273, 25.725253 ], [ 88.259915, 25.789021 ], [ 88.227462, 25.804266 ], [ 88.18271, 25.792432 ], [ 88.166225, 25.783647 ], [ 88.146433, 25.77574 ], [ 88.127726, 25.774914 ], [ 88.114911, 25.787264 ], [ 88.108038, 25.806281 ], [ 88.103335, 25.814808 ], [ 88.087574, 25.830983 ], [ 88.087574, 25.839974 ], [ 88.088969, 25.848656 ], [ 88.082044, 25.863849 ], [ 88.074396, 25.908135 ], [ 88.077393, 25.912786 ], [ 88.082664, 25.915939 ], [ 88.088039, 25.923225 ], [ 88.106539, 25.979966 ], [ 88.125866, 26.0134 ], [ 88.151032, 26.031332 ], [ 88.157905, 26.050452 ], [ 88.156407, 26.061408 ], [ 88.150981, 26.066989 ], [ 88.14478, 26.070503 ], [ 88.141162, 26.075464 ], [ 88.139922, 26.085334 ], [ 88.141369, 26.090502 ], [ 88.144469, 26.095876 ], [ 88.155632, 26.128484 ], [ 88.163796, 26.140473 ], [ 88.196921, 26.159645 ], [ 88.205654, 26.166414 ], [ 88.211959, 26.173752 ], [ 88.218884, 26.18016 ], [ 88.229787, 26.184036 ], [ 88.250303, 26.188015 ], [ 88.308697, 26.206102 ], [ 88.326267, 26.21592 ], [ 88.334535, 26.230803 ], [ 88.332933, 26.267235 ], [ 88.336602, 26.281808 ], [ 88.351692, 26.30098 ], [ 88.366781, 26.313434 ], [ 88.413807, 26.340202 ], [ 88.421197, 26.348729 ], [ 88.426003, 26.357927 ], [ 88.431687, 26.362216 ], [ 88.442022, 26.356118 ], [ 88.448637, 26.353431 ], [ 88.45799, 26.353018 ], [ 88.467912, 26.354051 ], [ 88.475405, 26.355808 ], [ 88.497626, 26.352708 ], [ 88.495456, 26.378081 ], [ 88.475405, 26.432031 ], [ 88.461143, 26.45389 ], [ 88.434581, 26.465156 ], [ 88.37691, 26.475336 ], [ 88.353552, 26.484586 ], [ 88.346524, 26.484018 ], [ 88.34301, 26.477196 ], [ 88.34022, 26.454149 ], [ 88.335621, 26.448206 ], [ 88.322546, 26.451772 ], [ 88.315105, 26.465052 ], [ 88.313865, 26.481537 ], [ 88.319342, 26.494921 ], [ 88.332365, 26.514662 ], [ 88.352829, 26.578689 ], [ 88.36027, 26.593107 ], [ 88.372518, 26.611607 ], [ 88.385282, 26.623544 ], [ 88.394377, 26.618015 ], [ 88.395927, 26.599566 ], [ 88.394997, 26.578379 ], [ 88.397891, 26.55869 ], [ 88.411016, 26.545099 ], [ 88.446467, 26.535539 ], [ 88.462383, 26.528821 ], [ 88.475405, 26.514972 ], [ 88.487911, 26.505773 ], [ 88.49866, 26.49487 ], [ 88.506825, 26.487635 ], [ 88.526823, 26.475388 ], [ 88.549768, 26.466654 ], [ 88.557984, 26.465724 ], [ 88.579172, 26.466034 ], [ 88.591161, 26.461228 ], [ 88.597878, 26.451461 ], [ 88.603563, 26.440196 ], [ 88.611521, 26.430843 ], [ 88.622373, 26.424538 ], [ 88.633018, 26.420094 ], [ 88.656273, 26.415133 ], [ 88.651932, 26.407071 ], [ 88.649865, 26.39839 ], [ 88.652242, 26.391517 ], [ 88.661079, 26.388881 ], [ 88.66852, 26.385729 ], [ 88.667435, 26.368159 ], [ 88.673378, 26.360718 ], [ 88.69627, 26.350279 ], [ 88.709706, 26.340616 ], [ 88.712238, 26.328265 ], [ 88.702988, 26.309661 ], [ 88.690121, 26.299843 ], [ 88.653276, 26.2831 ], [ 88.645834, 26.27602 ], [ 88.663404, 26.264444 ], [ 88.747947, 26.292505 ], [ 88.784017, 26.279947 ], [ 88.792027, 26.2646 ], [ 88.798486, 26.24765 ], [ 88.807995, 26.233439 ], [ 88.824841, 26.226566 ], [ 88.840654, 26.232043 ], [ 88.855641, 26.265116 ], [ 88.875794, 26.277364 ], [ 88.902718, 26.272919 ], [ 88.946849, 26.232922 ], [ 88.975323, 26.224344 ], [ 89.019455, 26.234472 ], [ 89.039712, 26.247185 ], [ 89.034338, 26.265788 ], [ 89.023537, 26.268837 ], [ 89.0116, 26.269199 ], [ 89.004365, 26.27571 ], [ 89.007983, 26.297156 ], [ 88.998629, 26.291523 ], [ 88.989689, 26.289404 ], [ 88.981731, 26.291833 ], [ 88.975323, 26.299946 ], [ 88.966021, 26.328472 ], [ 88.941217, 26.340099 ], [ 88.912433, 26.348935 ], [ 88.891866, 26.368779 ], [ 88.891246, 26.385781 ], [ 88.899462, 26.404488 ], [ 88.911968, 26.421231 ], [ 88.924577, 26.432135 ], [ 88.94101, 26.439421 ], [ 88.950157, 26.43694 ], [ 88.959303, 26.428569 ], [ 88.975323, 26.417872 ], [ 88.986537, 26.412704 ], [ 89.001781, 26.39715 ], [ 89.010877, 26.390173 ], [ 89.02178, 26.386246 ], [ 89.043743, 26.381078 ], [ 89.052631, 26.374619 ], [ 89.057282, 26.36263 ], [ 89.054078, 26.353948 ], [ 89.055215, 26.347023 ], [ 89.071855, 26.340616 ], [ 89.095729, 26.334518 ], [ 89.102912, 26.327335 ], [ 89.103532, 26.313692 ], [ 89.094799, 26.309506 ], [ 89.08033, 26.315604 ], [ 89.068857, 26.314261 ], [ 89.069426, 26.287389 ], [ 89.075885, 26.271059 ], [ 89.095884, 26.241035 ], [ 89.103377, 26.22517 ], [ 89.111697, 26.164502 ], [ 89.11919, 26.146622 ], [ 89.131593, 26.133755 ], [ 89.197842, 26.10771 ], [ 89.212621, 26.098977 ], [ 89.22306, 26.086574 ], [ 89.229261, 26.067196 ], [ 89.237633, 26.0581 ], [ 89.272979, 26.043476 ], [ 89.296906, 26.018155 ], [ 89.315147, 26.006786 ], [ 89.335301, 25.998569 ], [ 89.351476, 25.996864 ], [ 89.367754, 26.005442 ], [ 89.379743, 26.015312 ], [ 89.391422, 26.015467 ], [ 89.406615, 25.995055 ], [ 89.411266, 25.993195 ], [ 89.416123, 25.992626 ], [ 89.421187, 25.993195 ], [ 89.426355, 25.994952 ], [ 89.426407, 25.995055 ], [ 89.480615, 25.999241 ], [ 89.485628, 25.998724 ], [ 89.490641, 25.997329 ], [ 89.495343, 25.995055 ], [ 89.509451, 25.972628 ], [ 89.518184, 25.962086 ], [ 89.528416, 25.957125 ], [ 89.541697, 25.959709 ], [ 89.549087, 25.968855 ], [ 89.551825, 25.981516 ], [ 89.550689, 25.995055 ], [ 89.559163, 26.022237 ], [ 89.602882, 26.055258 ], [ 89.611357, 26.072208 ], [ 89.603864, 26.084662 ], [ 89.590789, 26.085024 ], [ 89.57694, 26.082647 ], [ 89.567018, 26.087091 ], [ 89.566915, 26.098977 ], [ 89.57787, 26.107245 ], [ 89.592546, 26.113963 ], [ 89.604225, 26.120732 ], [ 89.585777, 26.122903 ], [ 89.569395, 26.130086 ], [ 89.562781, 26.142591 ], [ 89.573426, 26.16073 ], [ 89.579937, 26.166104 ], [ 89.586759, 26.169205 ], [ 89.593993, 26.169722 ], [ 89.614406, 26.164192 ], [ 89.615284, 26.169101 ], [ 89.608463, 26.180677 ], [ 89.606396, 26.211011 ], [ 89.61332, 26.219383 ], [ 89.634921, 26.225842 ], [ 89.653008, 26.22269 ], [ 89.658382, 26.207859 ], [ 89.657829, 26.187174 ], [ 89.657245, 26.165381 ], [ 89.655798, 26.161298 ], [ 89.658175, 26.159231 ], [ 89.670371, 26.154115 ], [ 89.677709, 26.153133 ], [ 89.697656, 26.154787 ], [ 89.706545, 26.154167 ], [ 89.718482, 26.145537 ], [ 89.724321, 26.130654 ], [ 89.728766, 26.114169 ], [ 89.736724, 26.100579 ], [ 89.749849, 26.083887 ], [ 89.751141, 26.071536 ], [ 89.748713, 26.059031 ], [ 89.750211, 26.041564 ], [ 89.755844, 26.032417 ], [ 89.776411, 26.008233 ], [ 89.783956, 25.995107 ], [ 89.789434, 25.987976 ], [ 89.795531, 25.98596 ], [ 89.802043, 25.988647 ], [ 89.808864, 25.995107 ], [ 89.809174, 25.995107 ], [ 89.809329, 25.99521 ], [ 89.811034, 25.996037 ], [ 89.812688, 25.996347 ], [ 89.814135, 25.99614 ], [ 89.815272, 25.995107 ], [ 89.828656, 25.979397 ], [ 89.825607, 25.965703 ], [ 89.811551, 25.955213 ], [ 89.792017, 25.949115 ], [ 89.810724, 25.93878 ], [ 89.826434, 25.937488 ], [ 89.834392, 25.931752 ], [ 89.830051, 25.90798 ], [ 89.786953, 25.839147 ], [ 89.783129, 25.814446 ], [ 89.801526, 25.724684 ], [ 89.824212, 25.674093 ], [ 89.834392, 25.634767 ], [ 89.82509, 25.564487 ], [ 89.82323, 25.489143 ], [ 89.808568, 25.439507 ], [ 89.800699, 25.412869 ], [ 89.799234, 25.402893 ], [ 89.795015, 25.374163 ], [ 89.798529, 25.340056 ], [ 89.807365, 25.304503 ], [ 89.819044, 25.284969 ], [ 89.834599, 25.282437 ], [ 89.870204, 25.295563 ], [ 89.908134, 25.296907 ], [ 90.130085, 25.211589 ], [ 90.286923, 25.180066 ], [ 90.364644, 25.149991 ], [ 90.399784, 25.149009 ], [ 90.50138, 25.168801 ], [ 90.583339, 25.162031 ], [ 90.62344, 25.171436 ], [ 90.637599, 25.171075 ], [ 90.648968, 25.167819 ], [ 90.670568, 25.158776 ], [ 90.707672, 25.152988 ], [ 90.716354, 25.153556 ], [ 90.722038, 25.156605 ], [ 90.732684, 25.166889 ], [ 90.737955, 25.169421 ], [ 90.753974, 25.167561 ], [ 90.766893, 25.160533 ], [ 90.779399, 25.151954 ], [ 90.793972, 25.145391 ], [ 90.82198, 25.142291 ], [ 90.934821, 25.15636 ], [ 90.94342, 25.157432 ], [ 90.975149, 25.167819 ], [ 91.135346, 25.191228 ], [ 91.190847, 25.189471 ], [ 91.203146, 25.191332 ], [ 91.224953, 25.201615 ], [ 91.235702, 25.201925 ], [ 91.283968, 25.178981 ], [ 91.431866, 25.13795 ], [ 91.471036, 25.133919 ], [ 91.480752, 25.135263 ], [ 91.500905, 25.141154 ], [ 91.511654, 25.142497 ], [ 91.523436, 25.145185 ], [ 91.540179, 25.157639 ], [ 91.548758, 25.161101 ], [ 91.566121, 25.159964 ], [ 91.573459, 25.152264 ], [ 91.580177, 25.140895 ], [ 91.596197, 25.128907 ], [ 91.613147, 25.125134 ], [ 91.638675, 25.124049 ], [ 91.662033, 25.127201 ], [ 91.672264, 25.136503 ], [ 91.677432, 25.152626 ], [ 91.688904, 25.152988 ], [ 91.701823, 25.147148 ], [ 91.710712, 25.144668 ], [ 91.71774, 25.149836 ], [ 91.723734, 25.161928 ], [ 91.730142, 25.167457 ], [ 91.745335, 25.169369 ], [ 91.793704, 25.165338 ], [ 91.900571, 25.177586 ], [ 91.956278, 25.169783 ], [ 91.975088, 25.175364 ], [ 92.0, 25.182460626739175 ], [ 92.0, 24.371466132402134 ], [ 91.949974, 24.375387 ], [ 91.948837, 24.363527 ], [ 91.971368, 24.329679 ], [ 91.972194, 24.316062 ], [ 91.953074, 24.322987 ], [ 91.930957, 24.336965 ], [ 91.921862, 24.34451 ], [ 91.899847, 24.33805 ], [ 91.896437, 24.320119 ], [ 91.906875, 24.280354 ], [ 91.905945, 24.260639 ], [ 91.884345, 24.175554 ], [ 91.87711, 24.158036 ], [ 91.864501, 24.150594 ], [ 91.844244, 24.155323 ], [ 91.813755, 24.183124 ], [ 91.811377, 24.192039 ], [ 91.809724, 24.214544 ], [ 91.807037, 24.221133 ], [ 91.796598, 24.221598 ], [ 91.732933, 24.234284 ], [ 91.723011, 24.220977 ], [ 91.725801, 24.202064 ], [ 91.732002, 24.181678 ], [ 91.732623, 24.164314 ], [ 91.72115, 24.148992 ], [ 91.703684, 24.142946 ], [ 91.68415, 24.145478 ], [ 91.666167, 24.155917 ], [ 91.657175, 24.171368 ], [ 91.639502, 24.211702 ], [ 91.629063, 24.215319 ], [ 91.624515, 24.203459 ], [ 91.613767, 24.140104 ], [ 91.606015, 24.118865 ], [ 91.596507, 24.10499 ], [ 91.581831, 24.096101 ], [ 91.55868, 24.089668 ], [ 91.517545, 24.085198 ], [ 91.480442, 24.088014 ], [ 91.404581, 24.103129 ], [ 91.363033, 24.099848 ], [ 91.350837, 24.074242 ], [ 91.349287, 24.036053 ], [ 91.339055, 23.995229 ], [ 91.327066, 23.987865 ], [ 91.316214, 23.989467 ], [ 91.308433, 23.992501 ], [ 91.304948, 23.99386 ], [ 91.291616, 23.994816 ], [ 91.274149, 23.988227 ], [ 91.26092, 23.977271 ], [ 91.250378, 23.964042 ], [ 91.216272, 23.908387 ], [ 91.211931, 23.89446 ], [ 91.212758, 23.88074 ], [ 91.224023, 23.857485 ], [ 91.228157, 23.84498 ], [ 91.225263, 23.826144 ], [ 91.205213, 23.771573 ], [ 91.194981, 23.755166 ], [ 91.176584, 23.746536 ], [ 91.157567, 23.744986 ], [ 91.141754, 23.739896 ], [ 91.132349, 23.720646 ], [ 91.136587, 23.69889 ], [ 91.1524, 23.69101 ], [ 91.168936, 23.685377 ], [ 91.175241, 23.670313 ], [ 91.166456, 23.654087 ], [ 91.152296, 23.655095 ], [ 91.139687, 23.65357 ], [ 91.136276, 23.629515 ], [ 91.140824, 23.6121 ], [ 91.169866, 23.561974 ], [ 91.177514, 23.544275 ], [ 91.185886, 23.511563 ], [ 91.195084, 23.495182 ], [ 91.203352, 23.487921 ], [ 91.220819, 23.477896 ], [ 91.22733, 23.468775 ], [ 91.229707, 23.461179 ], [ 91.234462, 23.436271 ], [ 91.247898, 23.393767 ], [ 91.25813, 23.373639 ], [ 91.270945, 23.364596 ], [ 91.283968, 23.361443 ], [ 91.287275, 23.355552 ], [ 91.282934, 23.347646 ], [ 91.272909, 23.338499 ], [ 91.265778, 23.329352 ], [ 91.267535, 23.321549 ], [ 91.272909, 23.313488 ], [ 91.27725, 23.303256 ], [ 91.300504, 23.142309 ], [ 91.313527, 23.101046 ], [ 91.337401, 23.071074 ], [ 91.370887, 23.062779 ], [ 91.374608, 23.095723 ], [ 91.355901, 23.179646 ], [ 91.355695, 23.224139 ], [ 91.360966, 23.247523 ], [ 91.372128, 23.261889 ], [ 91.394349, 23.262664 ], [ 91.413572, 23.248634 ], [ 91.428145, 23.229513 ], [ 91.436517, 23.214863 ], [ 91.436207, 23.215716 ], [ 91.439617, 23.22264 ], [ 91.439927, 23.223519 ], [ 91.446438, 23.215535 ], [ 91.446748, 23.208791 ], [ 91.445405, 23.203029 ], [ 91.446438, 23.197887 ], [ 91.461218, 23.184426 ], [ 91.463595, 23.184116 ], [ 91.470416, 23.153291 ], [ 91.475067, 23.143085 ], [ 91.498115, 23.069962 ], [ 91.503283, 23.044408 ], [ 91.506073, 23.041179 ], [ 91.515582, 23.038802 ], [ 91.518165, 23.035081 ], [ 91.519406, 23.005625 ], [ 91.523643, 22.995213 ], [ 91.536562, 22.981854 ], [ 91.549791, 22.977229 ], [ 91.563124, 22.974981 ], [ 91.576766, 22.968806 ], [ 91.583071, 22.957799 ], [ 91.582968, 22.947903 ], [ 91.586068, 22.944466 ], [ 91.602398, 22.952967 ], [ 91.608289, 22.960331 ], [ 91.61201, 22.969839 ], [ 91.616661, 22.978056 ], [ 91.625756, 22.981544 ], [ 91.632784, 22.980304 ], [ 91.639915, 22.978004 ], [ 91.646943, 22.976583 ], [ 91.654074, 22.978056 ], [ 91.667614, 22.982629 ], [ 91.694692, 22.988133 ], [ 91.706991, 22.995368 ], [ 91.714432, 23.003119 ], [ 91.731279, 23.01733 ], [ 91.738307, 23.024668 ], [ 91.75505, 23.048233 ], [ 91.75629, 23.05216 ], [ 91.755567, 23.056837 ], [ 91.75598, 23.061539 ], [ 91.760941, 23.065492 ], [ 91.764248, 23.065647 ], [ 91.773757, 23.064898 ], [ 91.776237, 23.06526 ], [ 91.791327, 23.080375 ], [ 91.795564, 23.089496 ], [ 91.791947, 23.101149 ], [ 91.779028, 23.131767 ], [ 91.763938, 23.200626 ], [ 91.749159, 23.232407 ], [ 91.743681, 23.272327 ], [ 91.762595, 23.321549 ], [ 91.791637, 23.368342 ], [ 91.817682, 23.400924 ], [ 91.833805, 23.413895 ], [ 91.889099, 23.435935 ], [ 91.905118, 23.446632 ], [ 91.918141, 23.459939 ], [ 91.940775, 23.495182 ], [ 91.942325, 23.53443 ], [ 91.915971, 23.65016 ], [ 91.91442, 23.688323 ], [ 91.916487, 23.709872 ], [ 91.922688, 23.722972 ], [ 91.936641, 23.72354 ], [ 91.949147, 23.709768 ], [ 91.961652, 23.691139 ], [ 92.0, 23.651086970184917 ], [ 92.0, 21.649821378368753 ], [ 91.983897, 21.650133 ] ] ], [ [ [ 91.938731, 21.71483 ], [ 91.974864, 21.648749 ], [ 91.983897, 21.609198 ], [ 91.9817, 21.58808 ], [ 91.972423, 21.546088 ], [ 91.970225, 21.523586 ], [ 91.961111, 21.506171 ], [ 91.93922, 21.505357 ], [ 91.914073, 21.509467 ], [ 91.894542, 21.506781 ], [ 91.894542, 21.50141 ], [ 91.899181, 21.493842 ], [ 91.899669, 21.486029 ], [ 91.887706, 21.480129 ], [ 91.877126, 21.481024 ], [ 91.868419, 21.486762 ], [ 91.862559, 21.49494 ], [ 91.858246, 21.512641 ], [ 91.855235, 21.519477 ], [ 91.855479, 21.526679 ], [ 91.871104, 21.547675 ], [ 91.873709, 21.55801 ], [ 91.874034, 21.581855 ], [ 91.868907, 21.622219 ], [ 91.847911, 21.688788 ], [ 91.853526, 21.725816 ], [ 91.862966, 21.745592 ], [ 91.872325, 21.754828 ], [ 91.883311, 21.753892 ], [ 91.89796, 21.743313 ], [ 91.902843, 21.730292 ], [ 91.898204, 21.71483 ], [ 91.89088, 21.698961 ], [ 91.887706, 21.684963 ], [ 91.903331, 21.702867 ], [ 91.909516, 21.726793 ], [ 91.908376, 21.752183 ], [ 91.901215, 21.774319 ], [ 91.919119, 21.776842 ], [ 91.935557, 21.781155 ], [ 91.935883, 21.765123 ], [ 91.935557, 21.759996 ], [ 91.938731, 21.71483 ] ] ], [ [ [ 89.139008, 21.766832 ], [ 89.144705, 21.739325 ], [ 89.132498, 21.721625 ], [ 89.102306, 21.736762 ], [ 89.051524, 21.793199 ], [ 89.051443, 21.797105 ], [ 89.057791, 21.80329 ], [ 89.06422, 21.822089 ], [ 89.063813, 21.841457 ], [ 89.053722, 21.874742 ], [ 89.051117, 21.890326 ], [ 89.044688, 21.907782 ], [ 89.045665, 21.91706 ], [ 89.057384, 21.91767 ], [ 89.061534, 21.914944 ], [ 89.064952, 21.910224 ], [ 89.067638, 21.904364 ], [ 89.071544, 21.890326 ], [ 89.081309, 21.822943 ], [ 89.092784, 21.793402 ], [ 89.115733, 21.781155 ], [ 89.139008, 21.766832 ] ] ], [ [ [ 91.884451, 21.850287 ], [ 91.870372, 21.824612 ], [ 91.862804, 21.789984 ], [ 91.841075, 21.735419 ], [ 91.83253, 21.725816 ], [ 91.823985, 21.742621 ], [ 91.839854, 21.825507 ], [ 91.83253, 21.876695 ], [ 91.836192, 21.89411 ], [ 91.843435, 21.906968 ], [ 91.867198, 21.931952 ], [ 91.871104, 21.92886 ], [ 91.872732, 21.925605 ], [ 91.874034, 21.91767 ], [ 91.886078, 21.880276 ], [ 91.887706, 21.866156 ], [ 91.884451, 21.850287 ] ] ], [ [ [ 90.593516, 21.966132 ], [ 90.597341, 21.96133 ], [ 90.600841, 21.954576 ], [ 90.606619, 21.938788 ], [ 90.590831, 21.935126 ], [ 90.580821, 21.912502 ], [ 90.57252, 21.91767 ], [ 90.565603, 21.91767 ], [ 90.55714, 21.897528 ], [ 90.540782, 21.875922 ], [ 90.521251, 21.861477 ], [ 90.503591, 21.862454 ], [ 90.503591, 21.869859 ], [ 90.510753, 21.871405 ], [ 90.523448, 21.875678 ], [ 90.531505, 21.876695 ], [ 90.52296, 21.888088 ], [ 90.517914, 21.893256 ], [ 90.510427, 21.897854 ], [ 90.516938, 21.904486 ], [ 90.516856, 21.912177 ], [ 90.515391, 21.921291 ], [ 90.517833, 21.931952 ], [ 90.521983, 21.938788 ], [ 90.526378, 21.94359 ], [ 90.593516, 21.986558 ], [ 90.593516, 21.966132 ] ] ], [ [ [ 90.354015, 21.976752 ], [ 90.37143, 21.994778 ], [ 90.394298, 22.00023 ], [ 90.390636, 21.978258 ], [ 90.365489, 21.938707 ], [ 90.341563, 21.860297 ], [ 90.332205, 21.849514 ], [ 90.322927, 21.843899 ], [ 90.318614, 21.846259 ], [ 90.318614, 21.892808 ], [ 90.32252, 21.916693 ], [ 90.332205, 21.938788 ], [ 90.354015, 21.976752 ] ] ], [ [ [ 90.381114, 22.023098 ], [ 90.352794, 21.992987 ], [ 90.345958, 21.972317 ], [ 90.33961, 21.972317 ], [ 90.345876, 21.993598 ], [ 90.358653, 22.022691 ], [ 90.373871, 22.045559 ], [ 90.387462, 22.048041 ], [ 90.381114, 22.023098 ] ] ], [ [ [ 90.473318, 22.003648 ], [ 90.486176, 21.976793 ], [ 90.476329, 21.945014 ], [ 90.454845, 21.933051 ], [ 90.431895, 21.907782 ], [ 90.415538, 21.900539 ], [ 90.402354, 21.906887 ], [ 90.394542, 21.921454 ], [ 90.394298, 21.938788 ], [ 90.39975, 21.952948 ], [ 90.406423, 21.963365 ], [ 90.411876, 21.97602 ], [ 90.414236, 21.997138 ], [ 90.411876, 22.028713 ], [ 90.415538, 22.038316 ], [ 90.428477, 22.048041 ], [ 90.435232, 22.041205 ], [ 90.473318, 22.003648 ] ] ], [ [ [ 90.538341, 22.068508 ], [ 90.495372, 22.044989 ], [ 90.489919, 22.03498 ], [ 90.483653, 22.03498 ], [ 90.485606, 22.058336 ], [ 90.49171, 22.080146 ], [ 90.503103, 22.09634 ], [ 90.520844, 22.102607 ], [ 90.533458, 22.110053 ], [ 90.560069, 22.137681 ], [ 90.57252, 22.137397 ], [ 90.581065, 22.148871 ], [ 90.592784, 22.15941 ], [ 90.604503, 22.165595 ], [ 90.613455, 22.164049 ], [ 90.593516, 22.102607 ], [ 90.593435, 22.112535 ], [ 90.591807, 22.119086 ], [ 90.586192, 22.130561 ], [ 90.574555, 22.096137 ], [ 90.568696, 22.058092 ], [ 90.559744, 22.023749 ], [ 90.538341, 22.00023 ], [ 90.519542, 21.994696 ], [ 90.509044, 21.999416 ], [ 90.504649, 22.010484 ], [ 90.503591, 22.024115 ], [ 90.508962, 22.033149 ], [ 90.544444, 22.061672 ], [ 90.538341, 22.068508 ] ] ], [ [ [ 90.947113, 22.211615 ], [ 90.951182, 22.21247 ], [ 90.954112, 22.208075 ], [ 90.956716, 22.198879 ], [ 90.956716, 22.144843 ], [ 90.948985, 22.121649 ], [ 90.929373, 22.116889 ], [ 90.9192, 22.132148 ], [ 90.920258, 22.160061 ], [ 90.927501, 22.190253 ], [ 90.935557, 22.21247 ], [ 90.941742, 22.205024 ], [ 90.947113, 22.211615 ] ] ], [ [ [ 90.977061, 22.239203 ], [ 90.982921, 22.259182 ], [ 90.996918, 22.253485 ], [ 90.997813, 22.235093 ], [ 90.994802, 22.213813 ], [ 90.987804, 22.19538 ], [ 90.97641, 22.185777 ], [ 90.977061, 22.239203 ] ] ], [ [ [ 90.937185, 22.232733 ], [ 90.940196, 22.246812 ], [ 90.950531, 22.263617 ], [ 90.956716, 22.277655 ], [ 90.960216, 22.322984 ], [ 90.966156, 22.347398 ], [ 90.97641, 22.363349 ], [ 90.983897, 22.355902 ], [ 90.989513, 22.340766 ], [ 90.9935, 22.322333 ], [ 90.994395, 22.302069 ], [ 90.990082, 22.281399 ], [ 90.952891, 22.226752 ], [ 90.937185, 22.232733 ] ] ], [ [ [ 91.15645, 22.332079 ], [ 91.171397, 22.319648 ], [ 91.181407, 22.283596 ], [ 91.181895, 22.260321 ], [ 91.186785, 22.227757 ], [ 91.170576, 22.197171 ], [ 91.160899, 22.182074 ], [ 91.154307, 22.169664 ], [ 91.141468, 22.146201 ], [ 91.120712, 22.130301 ], [ 91.106374, 22.121658 ], [ 91.093689, 22.118859 ], [ 91.082408, 22.101383 ], [ 91.063294, 22.089848 ], [ 91.038585, 22.091132 ], [ 91.022472, 22.094875 ], [ 91.011257, 22.102091 ], [ 91.005111, 22.116822 ], [ 91.033955, 22.14878 ], [ 91.052257, 22.175442 ], [ 91.059093, 22.192043 ], [ 91.068274, 22.240733 ], [ 91.06912, 22.31103 ], [ 91.074801, 22.38859 ], [ 91.092257, 22.391338 ], [ 91.126899, 22.374865 ], [ 91.148847, 22.357057 ], [ 91.15645, 22.332079 ] ] ], [ [ [ 90.613617, 22.428616 ], [ 90.606944, 22.427436 ], [ 90.60141, 22.429185 ], [ 90.599132, 22.442125 ], [ 90.601573, 22.44831 ], [ 90.607595, 22.450344 ], [ 90.614431, 22.449042 ], [ 90.61964, 22.445258 ], [ 90.633149, 22.431627 ], [ 90.647716, 22.407213 ], [ 90.658702, 22.379543 ], [ 90.661143, 22.355902 ], [ 90.650157, 22.376166 ], [ 90.647472, 22.383775 ], [ 90.640391, 22.366034 ], [ 90.646739, 22.326077 ], [ 90.640147, 22.308743 ], [ 90.63502, 22.317613 ], [ 90.634044, 22.328355 ], [ 90.634288, 22.339545 ], [ 90.633311, 22.349677 ], [ 90.640147, 22.349677 ], [ 90.6338, 22.367621 ], [ 90.62615, 22.406968 ], [ 90.61964, 22.42475 ], [ 90.613617, 22.428616 ] ] ], [ [ [ 90.653494, 22.483466 ], [ 90.656016, 22.480699 ], [ 90.661143, 22.480048 ], [ 90.665294, 22.469143 ], [ 90.667003, 22.458441 ], [ 90.667328, 22.439032 ], [ 90.657074, 22.433661 ], [ 90.653656, 22.431057 ], [ 90.647472, 22.42475 ], [ 90.653494, 22.483466 ] ] ], [ [ [ 91.199988, 22.514694 ], [ 91.21083, 22.495521 ], [ 91.201017, 22.472196 ], [ 91.180244, 22.459239 ], [ 91.159533, 22.450674 ], [ 91.134163, 22.44948 ], [ 91.11371, 22.461415 ], [ 91.123562, 22.489146 ], [ 91.158619, 22.503423 ], [ 91.199988, 22.514694 ] ] ], [ [ [ 91.556361, 22.47821 ], [ 91.563633, 22.435621 ], [ 91.555179, 22.402031 ], [ 91.507519, 22.396797 ], [ 91.476052, 22.413317 ], [ 91.446517, 22.453242 ], [ 91.429658, 22.493003 ], [ 91.423786, 22.525302 ], [ 91.446765, 22.576304 ], [ 91.467557, 22.58631 ], [ 91.556361, 22.47821 ] ] ], [ [ [ 90.834637, 22.458296 ], [ 90.855024, 22.434665 ], [ 90.835022, 22.339616 ], [ 90.836192, 22.178168 ], [ 90.827891, 22.152411 ], [ 90.77475, 22.075914 ], [ 90.757335, 22.061672 ], [ 90.75587, 22.065985 ], [ 90.750011, 22.075995 ], [ 90.727061, 22.053697 ], [ 90.717784, 22.048407 ], [ 90.691661, 22.007025 ], [ 90.682872, 22.003974 ], [ 90.670421, 21.997707 ], [ 90.657725, 21.992865 ], [ 90.647472, 21.994045 ], [ 90.639415, 22.016099 ], [ 90.651215, 22.044623 ], [ 90.669932, 22.074937 ], [ 90.681814, 22.102607 ], [ 90.625987, 22.027167 ], [ 90.610037, 22.024115 ], [ 90.603526, 22.044013 ], [ 90.607758, 22.072333 ], [ 90.618988, 22.101304 ], [ 90.633311, 22.123114 ], [ 90.622244, 22.145087 ], [ 90.631847, 22.182115 ], [ 90.673513, 22.266425 ], [ 90.678477, 22.282782 ], [ 90.681814, 22.301907 ], [ 90.681895, 22.360419 ], [ 90.687999, 22.377631 ], [ 90.679942, 22.407172 ], [ 90.677745, 22.426703 ], [ 90.681814, 22.439032 ], [ 90.681814, 22.445258 ], [ 90.670584, 22.463853 ], [ 90.658946, 22.5244 ], [ 90.647472, 22.548285 ], [ 90.631358, 22.561591 ], [ 90.574962, 22.598863 ], [ 90.558767, 22.602932 ], [ 90.553966, 22.639797 ], [ 90.556326, 22.674709 ], [ 90.578624, 22.757025 ], [ 90.58546, 22.768052 ], [ 90.596202, 22.775377 ], [ 90.613455, 22.781684 ], [ 90.631033, 22.785631 ], [ 90.650564, 22.787421 ], [ 90.660619, 22.757805 ], [ 90.671546, 22.72241 ], [ 90.684095, 22.694373 ], [ 90.701369, 22.661898 ], [ 90.715507, 22.638284 ], [ 90.731272, 22.620527 ], [ 90.746979, 22.596907 ], [ 90.754507, 22.548434 ], [ 90.76694, 22.517531 ], [ 90.790553, 22.495333 ], [ 90.834637, 22.458296 ] ] ], [ [ [ 90.66363, 22.828918 ], [ 90.678233, 22.808336 ], [ 90.662364, 22.805487 ], [ 90.628052, 22.812082 ], [ 90.590956, 22.813919 ], [ 90.561778, 22.788804 ], [ 90.54656, 22.783677 ], [ 90.531559, 22.769237 ], [ 90.529677, 22.744363 ], [ 90.534612, 22.728775 ], [ 90.520993, 22.711765 ], [ 90.510961, 22.722724 ], [ 90.49822, 22.733832 ], [ 90.496755, 22.74315 ], [ 90.492849, 22.753241 ], [ 90.482921, 22.759752 ], [ 90.45574, 22.767401 ], [ 90.464203, 22.778876 ], [ 90.465668, 22.788072 ], [ 90.462657, 22.815823 ], [ 90.463145, 22.834052 ], [ 90.466075, 22.851752 ], [ 90.473399, 22.865139 ], [ 90.486827, 22.870429 ], [ 90.521169, 22.864651 ], [ 90.537608, 22.866767 ], [ 90.544444, 22.880683 ], [ 90.552745, 22.881741 ], [ 90.592296, 22.881903 ], [ 90.606619, 22.877265 ], [ 90.62676, 22.857216 ], [ 90.645254, 22.849289 ], [ 90.66363, 22.828918 ] ] ], [ [ [ 90.641612, 22.952297 ], [ 90.633311, 22.95303 ], [ 90.644705, 22.94599 ], [ 90.654633, 22.937323 ], [ 90.662364, 22.927802 ], [ 90.667328, 22.918199 ], [ 90.636241, 22.921332 ], [ 90.627126, 22.925035 ], [ 90.61964, 22.932522 ], [ 90.607677, 22.952582 ], [ 90.599132, 22.959174 ], [ 90.588715, 22.962063 ], [ 90.584727, 22.960395 ], [ 90.581228, 22.956529 ], [ 90.57252, 22.95303 ], [ 90.561697, 22.951565 ], [ 90.534516, 22.951239 ], [ 90.524099, 22.95303 ], [ 90.508067, 22.975775 ], [ 90.528005, 23.007636 ], [ 90.56129, 23.03262 ], [ 90.586192, 23.034898 ], [ 90.60727, 23.018134 ], [ 90.645356, 22.97484 ], [ 90.667328, 22.959174 ], [ 90.667328, 22.95303 ], [ 90.641612, 22.952297 ] ] ], [ [ [ 90.5171, 23.059312 ], [ 90.515636, 23.051947 ], [ 90.500173, 23.038031 ], [ 90.477794, 23.012397 ], [ 90.469493, 23.007636 ], [ 90.460948, 23.048489 ], [ 90.45574, 23.062812 ], [ 90.494395, 23.062934 ], [ 90.502452, 23.064887 ], [ 90.510427, 23.069037 ], [ 90.5171, 23.059312 ] ] ], [ [ [ 90.506114, 23.314195 ], [ 90.487071, 23.319037 ], [ 90.468761, 23.33161 ], [ 90.437266, 23.361802 ], [ 90.426606, 23.375963 ], [ 90.429698, 23.385159 ], [ 90.45574, 23.384955 ], [ 90.491873, 23.373033 ], [ 90.539399, 23.350002 ], [ 90.577647, 23.323635 ], [ 90.586192, 23.301744 ], [ 90.549571, 23.326239 ], [ 90.529552, 23.333564 ], [ 90.524099, 23.322252 ], [ 90.506114, 23.314195 ] ] ] ] } },
{ "type": "Feature", "properties": { "ADMIN": "Bhutan", "SOVEREIGNT": "Bhutan", "TYPE": "Sovereign country", "NAME": "Bhutan", "ISO_A3": "BTN" }, "geometry": { "type": "Polygon", "coordinates": [ [ [ 90.492595, 28.074412 ], [ 90.510061, 28.074101 ], [ 90.575277, 28.065833 ], [ 90.597395, 28.070587 ], [ 90.621889, 28.072965 ], [ 90.651035, 28.086995 ], [ 90.667468, 28.090328 ], [ 90.683901, 28.087072 ], [ 90.726896, 28.061699 ], [ 90.755278, 28.055173 ], [ 90.788701, 28.047488 ], [ 90.850919, 28.044026 ], [ 90.90952, 28.032657 ], [ 90.960577, 27.994726 ], [ 90.975149, 27.982092 ], [ 91.008842, 27.96677 ], [ 91.051941, 27.96279 ], [ 91.092558, 27.971679 ], [ 91.11943, 27.994726 ], [ 91.119637, 27.994881 ], [ 91.133796, 28.014105 ], [ 91.175861, 28.057487 ], [ 91.194671, 28.070587 ], [ 91.220612, 28.074877 ], [ 91.246141, 28.071466 ], [ 91.269705, 28.072861 ], [ 91.290169, 28.091413 ], [ 91.309599, 28.056402 ], [ 91.341432, 28.030564 ], [ 91.418843, 27.994726 ], [ 91.436483, 27.989375 ], [ 91.446438, 27.986355 ], [ 91.460908, 27.984365 ], [ 91.497495, 27.984081 ], [ 91.537492, 27.969353 ], [ 91.578627, 27.964702 ], [ 91.600641, 27.959276 ], [ 91.621725, 27.950724 ], [ 91.637951, 27.939743 ], [ 91.652834, 27.916747 ], [ 91.648907, 27.897213 ], [ 91.637124, 27.87724 ], [ 91.628339, 27.852694 ], [ 91.564355, 27.851372 ], [ 91.566023, 27.821074 ], [ 91.605336, 27.810658 ], [ 91.63577, 27.782525 ], [ 91.634957, 27.746571 ], [ 91.626686, 27.716423 ], [ 91.579867, 27.657977 ], [ 91.573252, 27.619711 ], [ 91.59506, 27.546382 ], [ 91.604465, 27.532145 ], [ 91.632887, 27.511655 ], [ 91.641672, 27.494964 ], [ 91.657382, 27.479151 ], [ 91.680223, 27.472846 ], [ 91.704924, 27.468764 ], [ 91.727041, 27.460005 ], [ 91.727092, 27.459942 ], [ 91.779555, 27.456475 ], [ 91.816232, 27.461357 ], [ 91.856578, 27.466239 ], [ 91.900591, 27.45973 ], [ 91.963306, 27.468919 ], [ 91.975088, 27.472433 ], [ 92.0, 27.45925906604824 ], [ 92.0, 27.166488282389228 ], [ 91.995862, 27.158033 ], [ 91.990798, 27.140773 ], [ 91.987904, 27.122273 ], [ 91.987697, 27.104031 ], [ 91.999893, 27.071527 ], [ 92.0, 27.071430988678337 ], [ 92.0, 26.84999935884947 ], [ 91.975088, 26.846631 ], [ 91.957415, 26.854279 ], [ 91.925686, 26.878671 ], [ 91.908219, 26.885182 ], [ 91.89313, 26.881358 ], [ 91.895507, 26.868284 ], [ 91.895507, 26.853504 ], [ 91.874009, 26.844306 ], [ 91.885895, 26.83087 ], [ 91.886928, 26.814437 ], [ 91.87866, 26.803016 ], [ 91.863054, 26.804773 ], [ 91.852408, 26.818519 ], [ 91.849515, 26.834746 ], [ 91.843934, 26.84937 ], [ 91.825123, 26.858465 ], [ 91.795254, 26.853504 ], [ 91.731589, 26.816194 ], [ 91.702133, 26.803481 ], [ 91.653764, 26.797952 ], [ 91.637951, 26.798985 ], [ 91.593716, 26.810768 ], [ 91.57563, 26.810148 ], [ 91.539353, 26.79883 ], [ 91.520646, 26.79759 ], [ 91.507417, 26.808029 ], [ 91.484472, 26.852729 ], [ 91.475067, 26.865545 ], [ 91.460598, 26.869369 ], [ 91.420187, 26.871539 ], [ 91.406338, 26.869524 ], [ 91.388457, 26.858465 ], [ 91.378122, 26.842807 ], [ 91.370061, 26.824669 ], [ 91.358382, 26.806169 ], [ 91.345566, 26.794696 ], [ 91.330063, 26.785498 ], [ 91.313217, 26.778677 ], [ 91.296577, 26.774594 ], [ 91.27601, 26.774077 ], [ 91.261954, 26.779038 ], [ 91.232498, 26.795161 ], [ 91.198185, 26.802344 ], [ 91.127078, 26.800898 ], [ 91.091938, 26.804773 ], [ 91.062069, 26.804567 ], [ 91.012781, 26.784348 ], [ 91.007395, 26.782139 ], [ 90.944493, 26.77887 ], [ 90.717077, 26.767049 ], [ 90.587783, 26.780072 ], [ 90.475232, 26.83242 ], [ 90.382627, 26.891796 ], [ 90.348831, 26.896654 ], [ 90.328574, 26.890659 ], [ 90.314208, 26.880376 ], [ 90.300875, 26.868284 ], [ 90.284442, 26.85707 ], [ 90.265994, 26.851592 ], [ 90.229148, 26.852884 ], [ 90.210907, 26.851489 ], [ 90.17742, 26.832058 ], [ 90.152202, 26.771752 ], [ 90.127191, 26.751392 ], [ 90.089157, 26.741728 ], [ 89.975262, 26.731858 ], [ 89.912113, 26.716717 ], [ 89.890409, 26.714856 ], [ 89.880281, 26.716252 ], [ 89.85992, 26.721884 ], [ 89.858701, 26.722057 ], [ 89.850774, 26.723176 ], [ 89.847001, 26.72483 ], [ 89.839043, 26.731238 ], [ 89.834961, 26.731548 ], [ 89.829741, 26.72762 ], [ 89.827674, 26.722453 ], [ 89.827261, 26.717905 ], [ 89.826744, 26.715683 ], [ 89.826796, 26.713513 ], [ 89.825245, 26.707673 ], [ 89.822093, 26.701007 ], [ 89.817287, 26.696201 ], [ 89.81367, 26.696149 ], [ 89.804058, 26.699767 ], [ 89.800079, 26.70049 ], [ 89.760288, 26.70018 ], [ 89.75467, 26.700989 ], [ 89.738739, 26.703281 ], [ 89.685151, 26.724571 ], [ 89.66324, 26.725502 ], [ 89.628307, 26.712531 ], [ 89.609806, 26.712221 ], [ 89.597507, 26.720954 ], [ 89.613475, 26.748549 ], [ 89.611357, 26.765964 ], [ 89.586087, 26.784051 ], [ 89.546503, 26.797539 ], [ 89.50542, 26.803688 ], [ 89.442891, 26.797022 ], [ 89.407338, 26.813403 ], [ 89.368895, 26.837359 ], [ 89.341657, 26.854331 ], [ 89.300161, 26.844409 ], [ 89.286364, 26.844978 ], [ 89.273599, 26.843892 ], [ 89.262954, 26.836348 ], [ 89.252619, 26.826787 ], [ 89.240837, 26.819759 ], [ 89.212828, 26.813041 ], [ 89.184613, 26.810561 ], [ 89.128079, 26.813455 ], [ 89.096504, 26.821413 ], [ 89.082448, 26.836037 ], [ 89.074335, 26.856398 ], [ 89.060693, 26.881461 ], [ 89.04488, 26.897119 ], [ 89.021574, 26.912674 ], [ 88.996614, 26.922751 ], [ 88.975323, 26.921717 ], [ 88.965815, 26.915464 ], [ 88.954549, 26.912622 ], [ 88.942767, 26.913707 ], [ 88.932328, 26.919237 ], [ 88.9253, 26.929365 ], [ 88.925404, 26.939029 ], [ 88.926954, 26.949416 ], [ 88.924474, 26.961663 ], [ 88.906645, 26.981093 ], [ 88.88644, 26.978975 ], [ 88.867113, 26.964247 ], [ 88.851713, 26.945437 ], [ 88.845615, 26.994839 ], [ 88.845615, 26.994943 ], [ 88.845615, 27.049565 ], [ 88.840809, 27.075248 ], [ 88.827632, 27.097882 ], [ 88.805256, 27.113023 ], [ 88.742572, 27.142737 ], [ 88.733082, 27.148972 ], [ 88.730067, 27.150954 ], [ 88.738438, 27.179789 ], [ 88.754355, 27.212604 ], [ 88.775852, 27.240871 ], [ 88.801174, 27.256425 ], [ 88.861428, 27.270378 ], [ 88.876116, 27.280486 ], [ 88.884631, 27.286346 ], [ 88.892331, 27.315543 ], [ 88.91516, 27.330869 ], [ 88.950808, 27.328229 ], [ 88.971933, 27.312385 ], [ 88.997019, 27.330869 ], [ 88.981175, 27.354635 ], [ 88.964011, 27.392924 ], [ 88.95106, 27.433144 ], [ 88.957549, 27.456939 ], [ 88.966202, 27.47803 ], [ 88.982966, 27.492632 ], [ 88.980046, 27.49798 ], [ 88.97521, 27.506839 ], [ 88.972955, 27.517659 ], [ 88.978366, 27.530283 ], [ 88.992793, 27.537497 ], [ 89.004966, 27.54967 ], [ 89.002712, 27.560491 ], [ 89.016238, 27.57582 ], [ 89.03337, 27.578976 ], [ 89.039682, 27.594305 ], [ 89.050954, 27.608282 ], [ 89.064029, 27.615946 ], [ 89.091531, 27.625865 ], [ 89.102351, 27.623611 ], [ 89.105865, 27.622952 ], [ 89.109565, 27.622258 ], [ 89.119484, 27.618201 ], [ 89.124655, 27.614852 ], [ 89.127359, 27.62729 ], [ 89.156021, 27.665686 ], [ 89.198203, 27.730582 ], [ 89.21659, 27.771142 ], [ 89.22492, 27.807813 ], [ 89.258717, 27.827553 ], [ 89.299489, 27.844245 ], [ 89.336025, 27.869075 ], [ 89.370131, 27.909357 ], [ 89.417364, 27.988654 ], [ 89.420981, 27.994726 ], [ 89.421187, 27.994726 ], [ 89.444545, 28.031184 ], [ 89.458808, 28.047798 ], [ 89.475344, 28.061337 ], [ 89.495343, 28.068004 ], [ 89.515032, 28.081905 ], [ 89.561489, 28.13464 ], [ 89.579421, 28.14464 ], [ 89.597817, 28.149807 ], [ 89.71781, 28.169083 ], [ 89.755844, 28.184379 ], [ 89.773621, 28.212775 ], [ 89.780855, 28.228769 ], [ 89.796048, 28.24019 ], [ 89.829741, 28.259155 ], [ 89.83863, 28.267914 ], [ 89.854029, 28.287267 ], [ 89.862918, 28.295793 ], [ 89.873615, 28.300599 ], [ 89.881314, 28.297525 ], [ 89.91613, 28.315601 ], [ 89.952524, 28.308247 ], [ 89.971593, 28.31804 ], [ 89.990455, 28.320624 ], [ 90.07086, 28.34523 ], [ 90.123535, 28.335354 ], [ 90.153164, 28.322185 ], [ 90.176209, 28.325478 ], [ 90.199254, 28.348523 ], [ 90.225591, 28.358399 ], [ 90.261804, 28.335354 ], [ 90.261804, 28.299141 ], [ 90.29147, 28.261351 ], [ 90.329504, 28.255796 ], [ 90.353984, 28.299141 ], [ 90.386905, 28.299141 ], [ 90.416535, 28.28268 ], [ 90.45604, 28.28268 ], [ 90.505422, 28.249758 ], [ 90.54822, 28.246466 ], [ 90.587726, 28.233298 ], [ 90.597602, 28.200376 ], [ 90.567973, 28.1905 ], [ 90.54822, 28.157579 ], [ 90.515299, 28.154287 ], [ 90.485669, 28.124657 ], [ 90.475232, 28.072344 ], [ 90.492595, 28.074412 ] ] ] } },
{ "type": "Feature", "properties": { "ADMIN": "Nepal", "SOVEREIGNT": "Nepal", "TYPE": "Sovereign country", "NAME": "Nepal", "ISO_A3": "NPL" }, "geometry": { "type": "Polygon", "coordinates": [ [ [ 88.143023, 27.855717 ], [ 88.156407, 27.851273 ], [ 88.164623, 27.845356 ], [ 88.166587, 27.833599 ], [ 88.154598, 27.815151 ], [ 88.159662, 27.77412 ], [ 88.149327, 27.748772 ], [ 88.134858, 27.723167 ], [ 88.11088, 27.639503 ], [ 88.048765, 27.545348 ], [ 88.02334, 27.494912 ], [ 88.0221, 27.484241 ], [ 88.02334, 27.474655 ], [ 88.028094, 27.455121 ], [ 88.030781, 27.450729 ], [ 88.039773, 27.442357 ], [ 88.041633, 27.438068 ], [ 88.039308, 27.42949 ], [ 88.034812, 27.423805 ], [ 88.029593, 27.418741 ], [ 88.02582, 27.412075 ], [ 88.017242, 27.389234 ], [ 88.014762, 27.378072 ], [ 88.015795, 27.364222 ], [ 88.020136, 27.35337 ], [ 88.032538, 27.333888 ], [ 88.035122, 27.322571 ], [ 88.029024, 27.298076 ], [ 88.004663, 27.249163 ], [ 87.989337, 27.218391 ], [ 87.985461, 27.14837 ], [ 87.970837, 27.119224 ], [ 87.969183, 27.110801 ], [ 87.970733, 27.10274 ], [ 87.975488, 27.095143 ], [ 87.9913, 27.081501 ], [ 88.009491, 27.045637 ], [ 88.027371, 27.035353 ], [ 88.042822, 27.028946 ], [ 88.055948, 27.018042 ], [ 88.076877, 26.99179 ], [ 88.096824, 26.959337 ], [ 88.11181, 26.924301 ], [ 88.12044, 26.90885 ], [ 88.142816, 26.878412 ], [ 88.151394, 26.862806 ], [ 88.155321, 26.845598 ], [ 88.159042, 26.802551 ], [ 88.167827, 26.762915 ], [ 88.169067, 26.744002 ], [ 88.167517, 26.725037 ], [ 88.163383, 26.705141 ], [ 88.14664, 26.661216 ], [ 88.101681, 26.581944 ], [ 88.087136, 26.5391 ], [ 88.079822, 26.517556 ], [ 88.07915, 26.507375 ], [ 88.082251, 26.49487 ], [ 88.074189, 26.453942 ], [ 88.044321, 26.405676 ], [ 88.006648, 26.369864 ], [ 87.975488, 26.366557 ], [ 87.961225, 26.378959 ], [ 87.928979, 26.396426 ], [ 87.914768, 26.40826 ], [ 87.908515, 26.41782 ], [ 87.902004, 26.435287 ], [ 87.897301, 26.443452 ], [ 87.894769, 26.442935 ], [ 87.870688, 26.460712 ], [ 87.869809, 26.464639 ], [ 87.852084, 26.46066 ], [ 87.821595, 26.437509 ], [ 87.804439, 26.437354 ], [ 87.785938, 26.445984 ], [ 87.768988, 26.451461 ], [ 87.756173, 26.446914 ], [ 87.749455, 26.425727 ], [ 87.74222, 26.410482 ], [ 87.727544, 26.403764 ], [ 87.710904, 26.405676 ], [ 87.697572, 26.41627 ], [ 87.68119, 26.424228 ], [ 87.659641, 26.41751 ], [ 87.648745, 26.409993 ], [ 87.623984, 26.392912 ], [ 87.586984, 26.378029 ], [ 87.552051, 26.386711 ], [ 87.480324, 26.423401 ], [ 87.449628, 26.428621 ], [ 87.416452, 26.426967 ], [ 87.384206, 26.418647 ], [ 87.356404, 26.403712 ], [ 87.344932, 26.389346 ], [ 87.326225, 26.353328 ], [ 87.314029, 26.343768 ], [ 87.30049, 26.34599 ], [ 87.258425, 26.36294 ], [ 87.2453, 26.370226 ], [ 87.236308, 26.3833 ], [ 87.229435, 26.398752 ], [ 87.2191, 26.408105 ], [ 87.188455, 26.399578 ], [ 87.135022, 26.394204 ], [ 87.10629, 26.404746 ], [ 87.083294, 26.432083 ], [ 87.066706, 26.465621 ], [ 87.056681, 26.49487 ], [ 87.056474, 26.494921 ], [ 87.045002, 26.544272 ], [ 87.044433, 26.561171 ], [ 87.041333, 26.580187 ], [ 87.029912, 26.579774 ], [ 87.015443, 26.568974 ], [ 86.985212, 26.540655 ], [ 86.972448, 26.531973 ], [ 86.935153, 26.520289 ], [ 86.907129, 26.51151 ], [ 86.875968, 26.494921 ], [ 86.865684, 26.472442 ], [ 86.846357, 26.45265 ], [ 86.821863, 26.438129 ], [ 86.796438, 26.431514 ], [ 86.78724, 26.433065 ], [ 86.751893, 26.445519 ], [ 86.738199, 26.44371 ], [ 86.730706, 26.433788 ], [ 86.724091, 26.421954 ], [ 86.713601, 26.414565 ], [ 86.695204, 26.418234 ], [ 86.625337, 26.456319 ], [ 86.5579, 26.484018 ], [ 86.537953, 26.49487 ], [ 86.537746, 26.49487 ], [ 86.52431, 26.509081 ], [ 86.510616, 26.520139 ], [ 86.494906, 26.527839 ], [ 86.475476, 26.531973 ], [ 86.444832, 26.543084 ], [ 86.383647, 26.572849 ], [ 86.353674, 26.582616 ], [ 86.344838, 26.582616 ], [ 86.323185, 26.580084 ], [ 86.316002, 26.580963 ], [ 86.309026, 26.587991 ], [ 86.308613, 26.60215 ], [ 86.301378, 26.609023 ], [ 86.284428, 26.61202 ], [ 86.263086, 26.609075 ], [ 86.225155, 26.597396 ], [ 86.202883, 26.58458 ], [ 86.195855, 26.582668 ], [ 86.185364, 26.584425 ], [ 86.179266, 26.588611 ], [ 86.17446, 26.593313 ], [ 86.167794, 26.596621 ], [ 86.152653, 26.600651 ], [ 86.146355, 26.601356 ], [ 86.144798, 26.60153 ], [ 86.122061, 26.60029 ], [ 86.115859, 26.602563 ], [ 86.110692, 26.606749 ], [ 86.041704, 26.645455 ], [ 86.01137, 26.654447 ], [ 85.975713, 26.64437 ], [ 85.952148, 26.642044 ], [ 85.934682, 26.632897 ], [ 85.866366, 26.579929 ], [ 85.844765, 26.568509 ], [ 85.828538, 26.566131 ], [ 85.821614, 26.571713 ], [ 85.819753, 26.579516 ], [ 85.819547, 26.588301 ], [ 85.817635, 26.596724 ], [ 85.809728, 26.603028 ], [ 85.800065, 26.600703 ], [ 85.789988, 26.597034 ], [ 85.780996, 26.599204 ], [ 85.727046, 26.6376 ], [ 85.712887, 26.653206 ], [ 85.702241, 26.68845 ], [ 85.709631, 26.76245 ], [ 85.701828, 26.796608 ], [ 85.687772, 26.811853 ], [ 85.609379, 26.851024 ], [ 85.598578, 26.854383 ], [ 85.519462, 26.826426 ], [ 85.475692, 26.805238 ], [ 85.439622, 26.78772 ], [ 85.421535, 26.782656 ], [ 85.40319, 26.787617 ], [ 85.385878, 26.788444 ], [ 85.369238, 26.775008 ], [ 85.355352, 26.759912 ], [ 85.353219, 26.757593 ], [ 85.337044, 26.746792 ], [ 85.302369, 26.737336 ], [ 85.28728, 26.736974 ], [ 85.194934, 26.758885 ], [ 85.165685, 26.786273 ], [ 85.16553, 26.820793 ], [ 85.162016, 26.851024 ], [ 85.122845, 26.8657 ], [ 85.100211, 26.863529 ], [ 85.043987, 26.843737 ], [ 85.018562, 26.845804 ], [ 85.016857, 26.85924 ], [ 85.018045, 26.874433 ], [ 85.000837, 26.882236 ], [ 84.988176, 26.883787 ], [ 84.975774, 26.886887 ], [ 84.952726, 26.897636 ], [ 84.944251, 26.915723 ], [ 84.938567, 26.9366 ], [ 84.924046, 26.955668 ], [ 84.901567, 26.967192 ], [ 84.851751, 26.982127 ], [ 84.828289, 26.994839 ], [ 84.828134, 26.994943 ], [ 84.817489, 27.0106 ], [ 84.801934, 27.013753 ], [ 84.785501, 27.008482 ], [ 84.771962, 26.99918 ], [ 84.760697, 26.999025 ], [ 84.640239, 27.028377 ], [ 84.627268, 27.03649 ], [ 84.62148, 27.057988 ], [ 84.630369, 27.080829 ], [ 84.644528, 27.103721 ], [ 84.654398, 27.125374 ], [ 84.659824, 27.165113 ], [ 84.657654, 27.203405 ], [ 84.648197, 27.240716 ], [ 84.631919, 27.277044 ], [ 84.606546, 27.310479 ], [ 84.577039, 27.329031 ], [ 84.289408, 27.376108 ], [ 84.267703, 27.388562 ], [ 84.248893, 27.412436 ], [ 84.239023, 27.431143 ], [ 84.225536, 27.440393 ], [ 84.195253, 27.436053 ], [ 84.185848, 27.438636 ], [ 84.175099, 27.462976 ], [ 84.165746, 27.472174 ], [ 84.141716, 27.480753 ], [ 84.130968, 27.486411 ], [ 84.121563, 27.494964 ], [ 84.11717, 27.513283 ], [ 84.099548, 27.516874 ], [ 84.079601, 27.509536 ], [ 84.028907, 27.453726 ], [ 84.007668, 27.440807 ], [ 83.975835, 27.439722 ], [ 83.935941, 27.446078 ], [ 83.923022, 27.449954 ], [ 83.922043, 27.449696 ], [ 83.899871, 27.443856 ], [ 83.853517, 27.440962 ], [ 83.834087, 27.434037 ], [ 83.842717, 27.418069 ], [ 83.87119, 27.38944 ], [ 83.873671, 27.380087 ], [ 83.87765, 27.369907 ], [ 83.877391, 27.361742 ], [ 83.867521, 27.358383 ], [ 83.861733, 27.354507 ], [ 83.854602, 27.34505 ], [ 83.85334, 27.346194 ], [ 83.847988, 27.351045 ], [ 83.801995, 27.365928 ], [ 83.663399, 27.43228 ], [ 83.590432, 27.45662 ], [ 83.480981, 27.469746 ], [ 83.387034, 27.470469 ], [ 83.360989, 27.462201 ], [ 83.355925, 27.452486 ], [ 83.353857, 27.44029 ], [ 83.355821, 27.428663 ], [ 83.370962, 27.410214 ], [ 83.369567, 27.398174 ], [ 83.362746, 27.385616 ], [ 83.341145, 27.356936 ], [ 83.32435, 27.341691 ], [ 83.304868, 27.331925 ], [ 83.282441, 27.330943 ], [ 83.259496, 27.338126 ], [ 83.249419, 27.348099 ], [ 83.243115, 27.362155 ], [ 83.231591, 27.381224 ], [ 83.21924, 27.393781 ], [ 83.169631, 27.431195 ], [ 83.132786, 27.444217 ], [ 83.010468, 27.443391 ], [ 82.947164, 27.457317 ], [ 82.901275, 27.480365 ], [ 82.876264, 27.487548 ], [ 82.752137, 27.494964 ], [ 82.72971, 27.518166 ], [ 82.718857, 27.556123 ], [ 82.709246, 27.630924 ], [ 82.69705, 27.669397 ], [ 82.679687, 27.694409 ], [ 82.673891, 27.696458 ], [ 82.652143, 27.70415 ], [ 82.526156, 27.675211 ], [ 82.440683, 27.666426 ], [ 82.401926, 27.677175 ], [ 82.347924, 27.726009 ], [ 82.270409, 27.760477 ], [ 82.151037, 27.848275 ], [ 82.107422, 27.863572 ], [ 82.090369, 27.872331 ], [ 82.071662, 27.89003 ], [ 82.051611, 27.905171 ], [ 82.050212, 27.905586 ], [ 82.02722, 27.912406 ], [ 81.975905, 27.916953 ], [ 81.946398, 27.905352 ], [ 81.906091, 27.863107 ], [ 81.883198, 27.849051 ], [ 81.855654, 27.850937 ], [ 81.827852, 27.865639 ], [ 81.800154, 27.884087 ], [ 81.750131, 27.909667 ], [ 81.710392, 27.94752 ], [ 81.688946, 27.963204 ], [ 81.665433, 27.9708 ], [ 81.615049, 27.981239 ], [ 81.59536, 27.994778 ], [ 81.595102, 27.994881 ], [ 81.582183, 28.013278 ], [ 81.561925, 28.025991 ], [ 81.473455, 28.066402 ], [ 81.458211, 28.07728 ], [ 81.454025, 28.086607 ], [ 81.45294, 28.097046 ], [ 81.448237, 28.111412 ], [ 81.435267, 28.129783 ], [ 81.417335, 28.147017 ], [ 81.396044, 28.160634 ], [ 81.373203, 28.167843 ], [ 81.357907, 28.165982 ], [ 81.351447, 28.15681 ], [ 81.347262, 28.144433 ], [ 81.338115, 28.132728 ], [ 81.323697, 28.126243 ], [ 81.307057, 28.123814 ], [ 81.296205, 28.12831 ], [ 81.299409, 28.142521 ], [ 81.283079, 28.146087 ], [ 81.276775, 28.153787 ], [ 81.280754, 28.161977 ], [ 81.295947, 28.167455 ], [ 81.282356, 28.191588 ], [ 81.224323, 28.250783 ], [ 81.210732, 28.278637 ], [ 81.190372, 28.338116 ], [ 81.169701, 28.361319 ], [ 81.146344, 28.372249 ], [ 81.047066, 28.389088 ], [ 81.000409, 28.397002 ], [ 80.993175, 28.407828 ], [ 80.991314, 28.420256 ], [ 80.9878, 28.430979 ], [ 80.976018, 28.436922 ], [ 80.960515, 28.432271 ], [ 80.941188, 28.432684 ], [ 80.921344, 28.436198 ], [ 80.905273, 28.440849 ], [ 80.88667, 28.452786 ], [ 80.881864, 28.466842 ], [ 80.880365, 28.48188 ], [ 80.872252, 28.496866 ], [ 80.857989, 28.502447 ], [ 80.81701, 28.502551 ], [ 80.798406, 28.505703 ], [ 80.781663, 28.514746 ], [ 80.743526, 28.549964 ], [ 80.727093, 28.559679 ], [ 80.695777, 28.567508 ], [ 80.67862, 28.574717 ], [ 80.668182, 28.586344 ], [ 80.648338, 28.619753 ], [ 80.635625, 28.627866 ], [ 80.598522, 28.633783 ], [ 80.581365, 28.638951 ], [ 80.563589, 28.647038 ], [ 80.556871, 28.655022 ], [ 80.557387, 28.66435 ], [ 80.559041, 28.673031 ], [ 80.555837, 28.678948 ], [ 80.534444, 28.679555 ], [ 80.517596, 28.680033 ], [ 80.497546, 28.670137 ], [ 80.487624, 28.656469 ], [ 80.484937, 28.639287 ], [ 80.493412, 28.575647 ], [ 80.488451, 28.562444 ], [ 80.468814, 28.571849 ], [ 80.426543, 28.616807 ], [ 80.408352, 28.626342 ], [ 80.388302, 28.627246 ], [ 80.369078, 28.622647 ], [ 80.349751, 28.620218 ], [ 80.329701, 28.627479 ], [ 80.318332, 28.640113 ], [ 80.291047, 28.689671 ], [ 80.283399, 28.695356 ], [ 80.265209, 28.699283 ], [ 80.257044, 28.702745 ], [ 80.249396, 28.710213 ], [ 80.238957, 28.726258 ], [ 80.233273, 28.732718 ], [ 80.216426, 28.741942 ], [ 80.181183, 28.74729 ], [ 80.162063, 28.753285 ], [ 80.147593, 28.76331 ], [ 80.11421, 28.802584 ], [ 80.081861, 28.819353 ], [ 80.073054, 28.820925 ], [ 80.054782, 28.824185 ], [ 80.036386, 28.837026 ], [ 80.030288, 28.87767 ], [ 80.031115, 28.897798 ], [ 80.033905, 28.915936 ], [ 80.04052, 28.932809 ], [ 80.052922, 28.949113 ], [ 80.068425, 28.959939 ], [ 80.085168, 28.967484 ], [ 80.099431, 28.977276 ], [ 80.107906, 28.994588 ], [ 80.107906, 28.994769 ], [ 80.104702, 29.027609 ], [ 80.113073, 29.072206 ], [ 80.132607, 29.110214 ], [ 80.16351, 29.123366 ], [ 80.180563, 29.121324 ], [ 80.20144, 29.121169 ], [ 80.220664, 29.126079 ], [ 80.233066, 29.139308 ], [ 80.230482, 29.154733 ], [ 80.213739, 29.196565 ], [ 80.218803, 29.211086 ], [ 80.236063, 29.213076 ], [ 80.248672, 29.204394 ], [ 80.258181, 29.202456 ], [ 80.278748, 29.268085 ], [ 80.282779, 29.291314 ], [ 80.280092, 29.31015 ], [ 80.272754, 29.315705 ], [ 80.263555, 29.315318 ], [ 80.254977, 29.316635 ], [ 80.249499, 29.326997 ], [ 80.242161, 29.367408 ], [ 80.220974, 29.400119 ], [ 80.213739, 29.416888 ], [ 80.217666, 29.434639 ], [ 80.228312, 29.441718 ], [ 80.257457, 29.450064 ], [ 80.263452, 29.459237 ], [ 80.266242, 29.47213 ], [ 80.273064, 29.478667 ], [ 80.282055, 29.4843 ], [ 80.29115, 29.494609 ], [ 80.29146, 29.494738 ], [ 80.311511, 29.508122 ], [ 80.320089, 29.515822 ], [ 80.327221, 29.52484 ], [ 80.327634, 29.52993 ], [ 80.32505, 29.535511 ], [ 80.323603, 29.54166 ], [ 80.327221, 29.548585 ], [ 80.332698, 29.552461 ], [ 80.345101, 29.558352 ], [ 80.350785, 29.562073 ], [ 80.373316, 29.58419 ], [ 80.385201, 29.604835 ], [ 80.386752, 29.626823 ], [ 80.377553, 29.652946 ], [ 80.363911, 29.679714 ], [ 80.354402, 29.70488 ], [ 80.354299, 29.730279 ], [ 80.368975, 29.757926 ], [ 80.395227, 29.776582 ], [ 80.454861, 29.790586 ], [ 80.476152, 29.80614 ], [ 80.527312, 29.862416 ], [ 80.549533, 29.89368 ], [ 80.562865, 29.929699 ], [ 80.57134, 29.946855 ], [ 80.586223, 29.954142 ], [ 80.622293, 29.958173 ], [ 80.641413, 29.963444 ], [ 80.654126, 29.970575 ], [ 80.680171, 29.992072 ], [ 80.715827, 30.013311 ], [ 80.725749, 30.022768 ], [ 80.755721, 30.064574 ], [ 80.769674, 30.077287 ], [ 80.829825, 30.117129 ], [ 80.849669, 30.143381 ], [ 80.83644, 30.170046 ], [ 80.850393, 30.181931 ], [ 80.867911, 30.200173 ], [ 80.883684, 30.21028 ], [ 80.883879, 30.210405 ], [ 80.893647, 30.198104 ], [ 80.903309, 30.180433 ], [ 80.920827, 30.17666 ], [ 80.988162, 30.196556 ], [ 80.996017, 30.196969 ], [ 81.006507, 30.188908 ], [ 81.019426, 30.172268 ], [ 81.030898, 30.152734 ], [ 81.043663, 30.12023 ], [ 81.066607, 30.087157 ], [ 81.074203, 30.071912 ], [ 81.084454, 30.027876 ], [ 81.084849, 30.026179 ], [ 81.097768, 30.016929 ], [ 81.124588, 30.022768 ], [ 81.148101, 30.023233 ], [ 81.194506, 30.004475 ], [ 81.21683, 30.008195 ], [ 81.227269, 30.022458 ], [ 81.225719, 30.050467 ], [ 81.239516, 30.058787 ], [ 81.257086, 30.063541 ], [ 81.266801, 30.069949 ], [ 81.267903, 30.072053 ], [ 81.272021, 30.079922 ], [ 81.275948, 30.095373 ], [ 81.274501, 30.102195 ], [ 81.266336, 30.117749 ], [ 81.266956, 30.125087 ], [ 81.277705, 30.131857 ], [ 81.29326, 30.132839 ], [ 81.309538, 30.132064 ], [ 81.322405, 30.133769 ], [ 81.33827, 30.143536 ], [ 81.350052, 30.15723 ], [ 81.357287, 30.17356 ], [ 81.361834, 30.204772 ], [ 81.374392, 30.223118 ], [ 81.377854, 30.232626 ], [ 81.376924, 30.241204 ], [ 81.370516, 30.257276 ], [ 81.369017, 30.266061 ], [ 81.368036, 30.301046 ], [ 81.37155, 30.31691 ], [ 81.382143, 30.331276 ], [ 81.387259, 30.345126 ], [ 81.384882, 30.360939 ], [ 81.387518, 30.373909 ], [ 81.407413, 30.37918 ], [ 81.42612, 30.372514 ], [ 81.46281, 30.341353 ], [ 81.483067, 30.331896 ], [ 81.509371, 30.328382 ], [ 81.520688, 30.331948 ], [ 81.531953, 30.370344 ], [ 81.536811, 30.37856 ], [ 81.544252, 30.382643 ], [ 81.563269, 30.385588 ], [ 81.576705, 30.390963 ], [ 81.581976, 30.399438 ], [ 81.585077, 30.408119 ], [ 81.591588, 30.414269 ], [ 81.614015, 30.416904 ], [ 81.635719, 30.410961 ], [ 81.757366, 30.362902 ], [ 81.779018, 30.358045 ], [ 81.801497, 30.3613 ], [ 81.822788, 30.368173 ], [ 81.844389, 30.371171 ], [ 81.887177, 30.354996 ], [ 81.92149, 30.357373 ], [ 81.941231, 30.353962 ], [ 81.950119, 30.348381 ], [ 81.962108, 30.333653 ], [ 81.969032, 30.328279 ], [ 81.978851, 30.326832 ], [ 81.988463, 30.329778 ], [ 81.998178, 30.334067 ], [ 82.007635, 30.336806 ], [ 82.049854, 30.339235 ], [ 82.073212, 30.337219 ], [ 82.088767, 30.330088 ], [ 82.093211, 30.31474 ], [ 82.0821, 30.257327 ], [ 82.084994, 30.230817 ], [ 82.095898, 30.213454 ], [ 82.114243, 30.202189 ], [ 82.140391, 30.194024 ], [ 82.155688, 30.181363 ], [ 82.150985, 30.162243 ], [ 82.127576, 30.124364 ], [ 82.128713, 30.110773 ], [ 82.135224, 30.089741 ], [ 82.144526, 30.069432 ], [ 82.153827, 30.058166 ], [ 82.17424, 30.055479 ], [ 82.192171, 30.061474 ], [ 82.210671, 30.064419 ], [ 82.255733, 30.039666 ], [ 82.27599, 30.036927 ], [ 82.296506, 30.036824 ], [ 82.318882, 30.031811 ], [ 82.32715, 30.025714 ], [ 82.339087, 30.009229 ], [ 82.347304, 30.003441 ], [ 82.363737, 30.001167 ], [ 82.379137, 30.003234 ], [ 82.394433, 30.003131 ], [ 82.409781, 29.994604 ], [ 82.422855, 29.97967 ], [ 82.438926, 29.965769 ], [ 82.457065, 29.95409 ], [ 82.475823, 29.945512 ], [ 82.524244, 29.932386 ], [ 82.541814, 29.923239 ], [ 82.618502, 29.839833 ], [ 82.635865, 29.829033 ], [ 82.646407, 29.829343 ], [ 82.666974, 29.835028 ], [ 82.67731, 29.834407 ], [ 82.688988, 29.827741 ], [ 82.689195, 29.819576 ], [ 82.684648, 29.809706 ], [ 82.681754, 29.797717 ], [ 82.690952, 29.780741 ], [ 82.751517, 29.739323 ], [ 82.77012, 29.714156 ], [ 82.781076, 29.705113 ], [ 82.793065, 29.699506 ], [ 82.805157, 29.695966 ], [ 82.815544, 29.690127 ], [ 82.822365, 29.677957 ], [ 82.836576, 29.659793 ], [ 82.857454, 29.666201 ], [ 82.880088, 29.681109 ], [ 82.899725, 29.688422 ], [ 82.90913, 29.684623 ], [ 82.923703, 29.669663 ], [ 82.931919, 29.664185 ], [ 82.9421, 29.662945 ], [ 82.964321, 29.665891 ], [ 82.975896, 29.66403 ], [ 83.032895, 29.620467 ], [ 83.040905, 29.610287 ], [ 83.054496, 29.586051 ], [ 83.064935, 29.57879 ], [ 83.079559, 29.579643 ], [ 83.085553, 29.590391 ], [ 83.088447, 29.604421 ], [ 83.093357, 29.615144 ], [ 83.100281, 29.617676 ], [ 83.126688, 29.623413 ], [ 83.150046, 29.625635 ], [ 83.162086, 29.62517 ], [ 83.173558, 29.621268 ], [ 83.187253, 29.612095 ], [ 83.19087, 29.606902 ], [ 83.194487, 29.593647 ], [ 83.197175, 29.589099 ], [ 83.204926, 29.584914 ], [ 83.221876, 29.579824 ], [ 83.229317, 29.575948 ], [ 83.252572, 29.5552 ], [ 83.26084, 29.542048 ], [ 83.26332, 29.527088 ], [ 83.25991, 29.518768 ], [ 83.254019, 29.51329 ], [ 83.248748, 29.506572 ], [ 83.247197, 29.494738 ], [ 83.26394, 29.473008 ], [ 83.327968, 29.485023 ], [ 83.355201, 29.460735 ], [ 83.357785, 29.442752 ], [ 83.355201, 29.427972 ], [ 83.35701, 29.415363 ], [ 83.38724, 29.393504 ], [ 83.389411, 29.382445 ], [ 83.388274, 29.370224 ], [ 83.393132, 29.356245 ], [ 83.405017, 29.346479 ], [ 83.417781, 29.340898 ], [ 83.428168, 29.333456 ], [ 83.437212, 29.305241 ], [ 83.448219, 29.296766 ], [ 83.475814, 29.286921 ], [ 83.493384, 29.276147 ], [ 83.502996, 29.261032 ], [ 83.512504, 29.223489 ], [ 83.514571, 29.20181 ], [ 83.517052, 29.191708 ], [ 83.523718, 29.183594 ], [ 83.535965, 29.179228 ], [ 83.56139, 29.176231 ], [ 83.572035, 29.168402 ], [ 83.583818, 29.162149 ], [ 83.624435, 29.155457 ], [ 83.639266, 29.154759 ], [ 83.654992, 29.160414 ], [ 83.65601, 29.160779 ], [ 83.663399, 29.174809 ], [ 83.66774, 29.192328 ], [ 83.675078, 29.208761 ], [ 83.69549, 29.226176 ], [ 83.719727, 29.233591 ], [ 83.745358, 29.23447 ], [ 83.770628, 29.232248 ], [ 83.79321, 29.234754 ], [ 83.837859, 29.254004 ], [ 83.86163, 29.260205 ], [ 83.868865, 29.263435 ], [ 83.877391, 29.276767 ], [ 83.883438, 29.282012 ], [ 83.914392, 29.289402 ], [ 83.93315, 29.291779 ], [ 83.945553, 29.291831 ], [ 83.957955, 29.28904 ], [ 83.967257, 29.284699 ], [ 83.973251, 29.277025 ], [ 83.975835, 29.263745 ], [ 83.988237, 29.269532 ], [ 84.000898, 29.27253 ], [ 84.012525, 29.270204 ], [ 84.021517, 29.259766 ], [ 84.035211, 29.247622 ], [ 84.05304, 29.25036 ], [ 84.072057, 29.256975 ], [ 84.08973, 29.256613 ], [ 84.099135, 29.247001 ], [ 84.105336, 29.219923 ], [ 84.112364, 29.209097 ], [ 84.126007, 29.206255 ], [ 84.141975, 29.20827 ], [ 84.155462, 29.206642 ], [ 84.161663, 29.192534 ], [ 84.155204, 29.175946 ], [ 84.141716, 29.160263 ], [ 84.13226, 29.143804 ], [ 84.137996, 29.124657 ], [ 84.160113, 29.105486 ], [ 84.166211, 29.098458 ], [ 84.169725, 29.088923 ], [ 84.175461, 29.057401 ], [ 84.198199, 29.045308 ], [ 84.220575, 29.0389 ], [ 84.231427, 29.025981 ], [ 84.206725, 28.940664 ], [ 84.225291, 28.914115 ], [ 84.235147, 28.90002 ], [ 84.285997, 28.873743 ], [ 84.354003, 28.861289 ], [ 84.366302, 28.856741 ], [ 84.376586, 28.848835 ], [ 84.393071, 28.82434 ], [ 84.41431, 28.808269 ], [ 84.422733, 28.799173 ], [ 84.437822, 28.753336 ], [ 84.450845, 28.73388 ], [ 84.475753, 28.727292 ], [ 84.498594, 28.72786 ], [ 84.515647, 28.7214 ], [ 84.531977, 28.712693 ], [ 84.551821, 28.706388 ], [ 84.607218, 28.698198 ], [ 84.616209, 28.69365 ], [ 84.625821, 28.67608 ], [ 84.632642, 28.668794 ], [ 84.65228, 28.662386 ], [ 84.671141, 28.658949 ], [ 84.682975, 28.650759 ], [ 84.677756, 28.604405 ], [ 84.69083, 28.596137 ], [ 84.736615, 28.594173 ], [ 84.755632, 28.585414 ], [ 84.781781, 28.558904 ], [ 84.799144, 28.546631 ], [ 84.81196, 28.54198 ], [ 84.823949, 28.540533 ], [ 84.879294, 28.543634 ], [ 84.891438, 28.541773 ], [ 84.907871, 28.537019 ], [ 84.918723, 28.535675 ], [ 84.92849, 28.538466 ], [ 84.936448, 28.54477 ], [ 84.948954, 28.568283 ], [ 84.954948, 28.574303 ], [ 84.984766, 28.588592 ], [ 84.994067, 28.590814 ], [ 85.002491, 28.594431 ], [ 85.009157, 28.602545 ], [ 85.018769, 28.619856 ], [ 85.02528, 28.628409 ], [ 85.032101, 28.634067 ], [ 85.054942, 28.638692 ], [ 85.075044, 28.631664 ], [ 85.11189, 28.608823 ], [ 85.160982, 28.595 ], [ 85.16801, 28.583192 ], [ 85.156952, 28.533143 ], [ 85.153748, 28.524901 ], [ 85.14765, 28.515832 ], [ 85.140363, 28.510922 ], [ 85.123155, 28.504592 ], [ 85.117212, 28.497331 ], [ 85.115662, 28.491492 ], [ 85.115559, 28.472733 ], [ 85.109461, 28.459298 ], [ 85.083674, 28.445526 ], [ 85.077577, 28.435681 ], [ 85.08569, 28.381008 ], [ 85.08569, 28.361526 ], [ 85.081867, 28.331702 ], [ 85.080212, 28.318789 ], [ 85.087395, 28.304113 ], [ 85.109409, 28.292254 ], [ 85.134162, 28.291969 ], [ 85.154574, 28.300858 ], [ 85.173591, 28.30432 ], [ 85.205734, 28.278275 ], [ 85.223924, 28.271686 ], [ 85.243406, 28.267914 ], [ 85.259581, 28.266932 ], [ 85.27312, 28.269826 ], [ 85.301025, 28.281066 ], [ 85.312601, 28.282771 ], [ 85.325727, 28.277397 ], [ 85.334822, 28.268689 ], [ 85.345364, 28.261248 ], [ 85.362572, 28.259672 ], [ 85.377817, 28.265976 ], [ 85.401381, 28.288791 ], [ 85.41523, 28.296439 ], [ 85.43156, 28.297059 ], [ 85.44665, 28.29215 ], [ 85.475692, 28.279102 ], [ 85.497551, 28.282616 ], [ 85.52065, 28.282926 ], [ 85.543698, 28.280394 ], [ 85.565299, 28.275381 ], [ 85.585504, 28.263186 ], [ 85.59894, 28.250835 ], [ 85.611807, 28.251145 ], [ 85.639093, 28.287887 ], [ 85.646947, 28.2937 ], [ 85.668135, 28.300548 ], [ 85.675059, 28.306387 ], [ 85.676196, 28.31512 ], [ 85.67599, 28.324732 ], [ 85.679142, 28.332897 ], [ 85.692939, 28.335222 ], [ 85.698004, 28.313441 ], [ 85.699761, 28.269102 ], [ 85.715574, 28.243368 ], [ 85.734487, 28.221534 ], [ 85.756605, 28.203241 ], [ 85.782753, 28.1881 ], [ 85.826885, 28.170478 ], [ 85.848279, 28.158928 ], [ 85.863368, 28.143348 ], [ 85.867037, 28.132935 ], [ 85.87174, 28.110921 ], [ 85.889103, 28.090276 ], [ 85.891067, 28.080897 ], [ 85.889827, 28.071259 ], [ 85.890447, 28.059193 ], [ 85.898302, 28.036016 ], [ 85.908947, 28.022425 ], [ 85.943984, 27.994726 ], [ 85.956593, 27.976226 ], [ 85.956283, 27.956873 ], [ 85.951838, 27.936797 ], [ 85.951218, 27.91623 ], [ 85.96269, 27.891374 ], [ 85.98026, 27.885172 ], [ 86.026459, 27.889927 ], [ 86.051419, 27.88755 ], [ 86.0546, 27.888013 ], [ 86.061703, 27.889048 ], [ 86.075655, 27.894784 ], [ 86.107178, 27.922845 ], [ 86.112862, 27.926798 ], [ 86.112242, 27.937262 ], [ 86.107178, 27.944239 ], [ 86.100563, 27.950233 ], [ 86.095602, 27.957855 ], [ 86.095085, 27.968888 ], [ 86.098031, 27.977518 ], [ 86.098134, 27.985631 ], [ 86.089401, 27.994726 ], [ 86.089401, 27.994881 ], [ 86.089298, 27.994881 ], [ 86.079169, 28.001134 ], [ 86.077619, 28.006948 ], [ 86.079531, 28.01333 ], [ 86.079531, 28.02165 ], [ 86.083923, 28.038548 ], [ 86.084699, 28.043871 ], [ 86.081546, 28.0517 ], [ 86.070177, 28.066712 ], [ 86.068731, 28.076763 ], [ 86.15596, 28.156525 ], [ 86.176011, 28.153011 ], [ 86.186036, 28.133529 ], [ 86.187173, 28.108699 ], [ 86.180765, 28.088752 ], [ 86.172238, 28.071828 ], [ 86.17446, 28.062448 ], [ 86.18185, 28.054878 ], [ 86.189137, 28.043612 ], [ 86.19601, 28.01457 ], [ 86.203038, 28.002581 ], [ 86.217765, 27.994985 ], [ 86.21792, 27.994933 ], [ 86.218385, 27.994726 ], [ 86.238539, 27.989559 ], [ 86.259003, 27.987647 ], [ 86.278072, 27.983694 ], [ 86.29466, 27.972376 ], [ 86.318224, 27.945789 ], [ 86.327733, 27.939691 ], [ 86.337551, 27.938037 ], [ 86.345613, 27.940931 ], [ 86.353674, 27.944807 ], [ 86.362976, 27.946099 ], [ 86.371968, 27.941965 ], [ 86.405713, 27.917005 ], [ 86.425298, 27.909925 ], [ 86.438837, 27.910856 ], [ 86.475476, 27.927599 ], [ 86.496921, 27.937882 ], [ 86.510461, 27.952429 ], [ 86.516764, 27.971432 ], [ 86.516455, 27.994726 ], [ 86.516197, 28.012245 ], [ 86.522295, 28.023717 ], [ 86.530925, 28.03369 ], [ 86.538366, 28.047178 ], [ 86.540743, 28.062164 ], [ 86.54126, 28.07821 ], [ 86.544154, 28.093015 ], [ 86.553559, 28.104151 ], [ 86.569527, 28.106606 ], [ 86.583118, 28.098028 ], [ 86.596864, 28.086504 ], [ 86.612315, 28.080277 ], [ 86.627146, 28.083481 ], [ 86.64947, 28.10118 ], [ 86.661976, 28.106838 ], [ 86.680063, 28.105727 ], [ 86.699648, 28.098751 ], [ 86.717683, 28.088261 ], [ 86.731739, 28.076918 ], [ 86.735977, 28.064851 ], [ 86.732204, 28.034957 ], [ 86.739801, 28.021495 ], [ 86.76998, 28.01209 ], [ 86.840466, 28.014777 ], [ 86.868165, 27.994881 ], [ 86.868165, 27.994726 ], [ 86.876898, 27.970645 ], [ 86.893073, 27.954186 ], [ 86.914725, 27.945117 ], [ 86.940357, 27.943102 ], [ 86.970226, 27.947443 ], [ 86.982093, 27.950674 ], [ 86.988726, 27.952481 ], [ 87.005676, 27.951499 ], [ 87.030532, 27.938089 ], [ 87.062003, 27.908427 ], [ 87.116522, 27.844581 ], [ 87.155796, 27.825796 ], [ 87.181996, 27.824504 ], [ 87.232897, 27.829724 ], [ 87.290516, 27.816081 ], [ 87.313926, 27.828587 ], [ 87.335837, 27.846363 ], [ 87.363845, 27.855252 ], [ 87.385343, 27.849412 ], [ 87.380692, 27.835821 ], [ 87.369116, 27.819078 ], [ 87.369116, 27.803937 ], [ 87.38679, 27.804402 ], [ 87.47557, 27.826701 ], [ 87.514534, 27.835201 ], [ 87.531587, 27.836803 ], [ 87.551327, 27.831894 ], [ 87.555978, 27.827088 ], [ 87.559802, 27.819078 ], [ 87.565073, 27.810862 ], [ 87.573342, 27.805022 ], [ 87.589981, 27.804609 ], [ 87.621091, 27.819543 ], [ 87.636077, 27.823652 ], [ 87.659951, 27.819879 ], [ 87.678529, 27.813351 ], [ 87.700466, 27.805642 ], [ 87.726821, 27.807761 ], [ 87.756379, 27.82037 ], [ 87.779841, 27.839439 ], [ 87.798651, 27.863468 ], [ 87.814154, 27.89096 ], [ 87.825884, 27.906566 ], [ 87.836685, 27.908323 ], [ 87.856115, 27.898608 ], [ 87.93456, 27.895301 ], [ 87.945205, 27.892304 ], [ 87.966392, 27.882744 ], [ 87.978433, 27.880522 ], [ 87.991817, 27.88264 ], [ 88.018121, 27.892149 ], [ 88.029954, 27.893337 ], [ 88.052795, 27.886516 ], [ 88.095739, 27.865329 ], [ 88.118218, 27.860885 ], [ 88.143023, 27.855717 ] ] ] } },
{ "type": "Feature", "properties": { "ADMIN": "Pakistan", "SOVEREIGNT": "Pakistan", "TYPE": "Sovereign country", "NAME": "Pakistan", "ISO_A3": "PAK" }, "geometry": { "type": "MultiPolygon", "coordinates": [ [ [ [ 75.987434, 36.421189 ], [ 75.968623, 36.341814 ], [ 75.96883, 36.301971 ], [ 75.976582, 36.286985 ], [ 76.001696, 36.261457 ], [ 76.011928, 36.248124 ], [ 76.014409, 36.230399 ], [ 76.001593, 36.222131 ], [ 75.983403, 36.215413 ], [ 75.97007, 36.202339 ], [ 75.96914, 36.191694 ], [ 75.977408, 36.173762 ], [ 75.976582, 36.162755 ], [ 75.971517, 36.155004 ], [ 75.964179, 36.149836 ], [ 75.91457, 36.123894 ], [ 75.901444, 36.113611 ], [ 75.894313, 36.097384 ], [ 75.899997, 36.063485 ], [ 75.922321, 36.031652 ], [ 75.953017, 36.007261 ], [ 75.984333, 35.995633 ], [ 76.061434, 35.991603 ], [ 76.08996, 35.978115 ], [ 76.114661, 35.941787 ], [ 76.123756, 35.903494 ], [ 76.127787, 35.862102 ], [ 76.138122, 35.826652 ], [ 76.166027, 35.806239 ], [ 76.189799, 35.804999 ], [ 76.237134, 35.815489 ], [ 76.260389, 35.817815 ], [ 76.280542, 35.814249 ], [ 76.296562, 35.809495 ], [ 76.311962, 35.80965 ], [ 76.348859, 35.830992 ], [ 76.366429, 35.830889 ], [ 76.384102, 35.828202 ], [ 76.403119, 35.830992 ], [ 76.410354, 35.836832 ], [ 76.422446, 35.854298 ], [ 76.432058, 35.8605 ], [ 76.44291, 35.86329 ], [ 76.453969, 35.864789 ], [ 76.476499, 35.865254 ], [ 76.500167, 35.871507 ], [ 76.537168, 35.902513 ], [ 76.555461, 35.897862 ], [ 76.56528, 35.865461 ], [ 76.55112, 35.784018 ], [ 76.570757, 35.751256 ], [ 76.604244, 35.735701 ], [ 76.676694, 35.71379 ], [ 76.709043, 35.69405 ], [ 76.732918, 35.66661 ], [ 76.745424, 35.655034 ], [ 76.763407, 35.647076 ], [ 76.777351, 35.646112 ], [ 76.913161, 35.378277 ], [ 77.048971, 35.110442 ], [ 77.042426, 35.107014 ], [ 77.023133, 35.086335 ], [ 77.02706, 35.062099 ], [ 77.035225, 35.034503 ], [ 77.02861, 35.003394 ], [ 77.013108, 34.986393 ], [ 76.952956, 34.94655 ], [ 76.933836, 34.928877 ], [ 76.921123, 34.920712 ], [ 76.905931, 34.923141 ], [ 76.879576, 34.937093 ], [ 76.852601, 34.943346 ], [ 76.817047, 34.940762 ], [ 76.782011, 34.930892 ], [ 76.757619, 34.915131 ], [ 76.749558, 34.892083 ], [ 76.753278, 34.83834 ], [ 76.743873, 34.819271 ], [ 76.652613, 34.746976 ], [ 76.63959, 34.741136 ], [ 76.553187, 34.72584 ], [ 76.535824, 34.726202 ], [ 76.519908, 34.731111 ], [ 76.476499, 34.757776 ], [ 76.438156, 34.762892 ], [ 76.399915, 34.750748 ], [ 76.262042, 34.684654 ], [ 76.154969, 34.661658 ], [ 76.121792, 34.660883 ], [ 76.058334, 34.683414 ], [ 76.023401, 34.677161 ], [ 76.007484, 34.66512 ], [ 75.98671, 34.636027 ], [ 75.973378, 34.622332 ], [ 75.966246, 34.619077 ], [ 75.939271, 34.612049 ], [ 75.873952, 34.571379 ], [ 75.816178, 34.521667 ], [ 75.795818, 34.507921 ], [ 75.777111, 34.503812 ], [ 75.734839, 34.508618 ], [ 75.713652, 34.508515 ], [ 75.655568, 34.496965 ], [ 75.611643, 34.49836 ], [ 75.348093, 34.55722 ], [ 75.306958, 34.574015 ], [ 75.267478, 34.598303 ], [ 75.251355, 34.613082 ], [ 75.236885, 34.631892 ], [ 75.224544, 34.638622 ], [ 75.212907, 34.644967 ], [ 75.17632, 34.64538 ], [ 75.111001, 34.633649 ], [ 75.017777, 34.629722 ], [ 74.66493, 34.688323 ], [ 74.412129, 34.764494 ], [ 74.348877, 34.773434 ], [ 74.285832, 34.768887 ], [ 74.221753, 34.747751 ], [ 74.146823, 34.701862 ], [ 74.120881, 34.690855 ], [ 73.962234, 34.668169 ], [ 73.948592, 34.662743 ], [ 73.919343, 34.642538 ], [ 73.917483, 34.619283 ], [ 73.925441, 34.593393 ], [ 73.925957, 34.564971 ], [ 73.910971, 34.544973 ], [ 73.863119, 34.517067 ], [ 73.846996, 34.49433 ], [ 73.846996, 34.494175 ], [ 73.845549, 34.456477 ], [ 73.840381, 34.44441 ], [ 73.831596, 34.4364 ], [ 73.806792, 34.425161 ], [ 73.79625, 34.418546 ], [ 73.779817, 34.396067 ], [ 73.774856, 34.370952 ], [ 73.78271, 34.346819 ], [ 73.804208, 34.327492 ], [ 73.829116, 34.315348 ], [ 73.8533, 34.307416 ], [ 73.879035, 34.30429 ], [ 73.907457, 34.306796 ], [ 73.93774, 34.304212 ], [ 73.95438, 34.287185 ], [ 73.976704, 34.23755 ], [ 73.990553, 34.218507 ], [ 73.998304, 34.196803 ], [ 73.995411, 34.176442 ], [ 73.976704, 34.161559 ], [ 73.916862, 34.135256 ], [ 73.893298, 34.11474 ], [ 73.88441, 34.0842 ], [ 73.893711, 34.054305 ], [ 73.916242, 34.02795 ], [ 73.945801, 34.009786 ], [ 73.976704, 34.004592 ], [ 74.04502, 34.019423 ], [ 74.065277, 34.018338 ], [ 74.118401, 34.002525 ], [ 74.154264, 34.004101 ], [ 74.192091, 34.011853 ], [ 74.228368, 34.012886 ], [ 74.259684, 33.994386 ], [ 74.272293, 33.96214 ], [ 74.262474, 33.929946 ], [ 74.23953, 33.901007 ], [ 74.212555, 33.878424 ], [ 74.177518, 33.857547 ], [ 74.142275, 33.84424 ], [ 74.034581, 33.828608 ], [ 74.011327, 33.81047 ], [ 73.976704, 33.758922 ], [ 73.970709, 33.747063 ], [ 73.966162, 33.734531 ], [ 73.963061, 33.72156 ], [ 73.960787, 33.692286 ], [ 73.963061, 33.676757 ], [ 73.968332, 33.662081 ], [ 73.976704, 33.648387 ], [ 74.024246, 33.614254 ], [ 74.088118, 33.58529 ], [ 74.141552, 33.549374 ], [ 74.157778, 33.494236 ], [ 74.136281, 33.418013 ], [ 74.105481, 33.345201 ], [ 74.095973, 33.328484 ], [ 74.085121, 33.314324 ], [ 74.071995, 33.302284 ], [ 74.055355, 33.292026 ], [ 74.017838, 33.279494 ], [ 74.001715, 33.270167 ], [ 73.991793, 33.252571 ], [ 73.988486, 33.20862 ], [ 74.002335, 33.177692 ], [ 74.029414, 33.154153 ], [ 74.065794, 33.132604 ], [ 74.098453, 33.104828 ], [ 74.153851, 33.040181 ], [ 74.190851, 33.022094 ], [ 74.283972, 33.008813 ], [ 74.311257, 32.994292 ], [ 74.322006, 32.972045 ], [ 74.324486, 32.921402 ], [ 74.336682, 32.870139 ], [ 74.333788, 32.849262 ], [ 74.322936, 32.830529 ], [ 74.316989, 32.823067 ], [ 74.315939, 32.82175 ], [ 74.306503, 32.809911 ], [ 74.316321, 32.791075 ], [ 74.329344, 32.776424 ], [ 74.34619, 32.76689 ], [ 74.367688, 32.763531 ], [ 74.386394, 32.767768 ], [ 74.418951, 32.784615 ], [ 74.438691, 32.785984 ], [ 74.455331, 32.778595 ], [ 74.484476, 32.753532 ], [ 74.500909, 32.746013 ], [ 74.52096, 32.745289 ], [ 74.573773, 32.75255 ], [ 74.59341, 32.757872 ], [ 74.614081, 32.770404 ], [ 74.622039, 32.785416 ], [ 74.626276, 32.80265 ], [ 74.635888, 32.82208 ], [ 74.653562, 32.837428 ], [ 74.671752, 32.840581 ], [ 74.685291, 32.831227 ], [ 74.689115, 32.808825 ], [ 74.682294, 32.787328 ], [ 74.656972, 32.745341 ], [ 74.649738, 32.723146 ], [ 74.650151, 32.701235 ], [ 74.657282, 32.660592 ], [ 74.656042, 32.64067 ], [ 74.647981, 32.623617 ], [ 74.636922, 32.606254 ], [ 74.629584, 32.588089 ], [ 74.632581, 32.568168 ], [ 74.662553, 32.498379 ], [ 74.689322, 32.471352 ], [ 74.724978, 32.46081 ], [ 74.763529, 32.462671 ], [ 74.799393, 32.47267 ], [ 74.83815, 32.474866 ], [ 74.906983, 32.445178 ], [ 74.948427, 32.44877 ], [ 74.990699, 32.463368 ], [ 75.023668, 32.466262 ], [ 75.054881, 32.455539 ], [ 75.092191, 32.429339 ], [ 75.125988, 32.411744 ], [ 75.196164, 32.3973 ], [ 75.230167, 32.380195 ], [ 75.298403, 32.332427 ], [ 75.326906, 32.312473 ], [ 75.35295, 32.284387 ], [ 75.359048, 32.261675 ], [ 75.34861, 32.242012 ], [ 75.31657, 32.210748 ], [ 75.308405, 32.193902 ], [ 75.29807, 32.159795 ], [ 75.294659, 32.148892 ], [ 75.263344, 32.150907 ], [ 75.249908, 32.148892 ], [ 75.226447, 32.14207 ], [ 75.195751, 32.128634 ], [ 75.173116, 32.109721 ], [ 75.17415, 32.086828 ], [ 75.161334, 32.087965 ], [ 75.13839, 32.093494 ], [ 75.129812, 32.090239 ], [ 75.11896, 32.08104 ], [ 75.110278, 32.07763 ], [ 75.102113, 32.078095 ], [ 75.040825, 32.09799 ], [ 75.022635, 32.094683 ], [ 75.030179, 32.066416 ], [ 75.020154, 32.065847 ], [ 74.995556, 32.067398 ], [ 74.986151, 32.063212 ], [ 74.978503, 32.053393 ], [ 74.974059, 32.04497 ], [ 74.967858, 32.037891 ], [ 74.955662, 32.032206 ], [ 74.931374, 32.029829 ], [ 74.908843, 32.031896 ], [ 74.889103, 32.028899 ], [ 74.873186, 32.011691 ], [ 74.828641, 32.025437 ], [ 74.811278, 32.003732 ], [ 74.802493, 31.968851 ], [ 74.783683, 31.942858 ], [ 74.763012, 31.938982 ], [ 74.698417, 31.950247 ], [ 74.669995, 31.904152 ], [ 74.657179, 31.895677 ], [ 74.641056, 31.890561 ], [ 74.565608, 31.840538 ], [ 74.550415, 31.826999 ], [ 74.540804, 31.810876 ], [ 74.537393, 31.788913 ], [ 74.53698, 31.775736 ], [ 74.535119, 31.771137 ], [ 74.530778, 31.767829 ], [ 74.523027, 31.758476 ], [ 74.521167, 31.753773 ], [ 74.518273, 31.741836 ], [ 74.516206, 31.737392 ], [ 74.513312, 31.735118 ], [ 74.505457, 31.732018 ], [ 74.503287, 31.730571 ], [ 74.492641, 31.714551 ], [ 74.489437, 31.711192 ], [ 74.499463, 31.699875 ], [ 74.555583, 31.612232 ], [ 74.584522, 31.517509 ], [ 74.614598, 31.477821 ], [ 74.617181, 31.458908 ], [ 74.61191, 31.440201 ], [ 74.600025, 31.42413 ], [ 74.583695, 31.40656 ], [ 74.571603, 31.389248 ], [ 74.532225, 31.303207 ], [ 74.525301, 31.280211 ], [ 74.525094, 31.235407 ], [ 74.509074, 31.195668 ], [ 74.506387, 31.175411 ], [ 74.509591, 31.156084 ], [ 74.514862, 31.141821 ], [ 74.523544, 31.129315 ], [ 74.536773, 31.115156 ], [ 74.553103, 31.108955 ], [ 74.596924, 31.115776 ], [ 74.616975, 31.11526 ], [ 74.631961, 31.107508 ], [ 74.650254, 31.093142 ], [ 74.658833, 31.083789 ], [ 74.600955, 31.056607 ], [ 74.579458, 31.042706 ], [ 74.564265, 31.025032 ], [ 74.564058, 31.004362 ], [ 74.548762, 30.992166 ], [ 74.534809, 30.97625 ], [ 74.519306, 30.962452 ], [ 74.499463, 30.95651 ], [ 74.477242, 30.956096 ], [ 74.458535, 30.953409 ], [ 74.441585, 30.946174 ], [ 74.424325, 30.932325 ], [ 74.41337, 30.915065 ], [ 74.409132, 30.901009 ], [ 74.401277, 30.893103 ], [ 74.379677, 30.894498 ], [ 74.353632, 30.901112 ], [ 74.34247, 30.901939 ], [ 74.329757, 30.899614 ], [ 74.319215, 30.893413 ], [ 74.31074, 30.884473 ], [ 74.304022, 30.874034 ], [ 74.31136, 30.855947 ], [ 74.300198, 30.83817 ], [ 74.279941, 30.824683 ], [ 74.260201, 30.819412 ], [ 74.256687, 30.815278 ], [ 74.265782, 30.795434 ], [ 74.266712, 30.788354 ], [ 74.259167, 30.781016 ], [ 74.244078, 30.771249 ], [ 74.235706, 30.764118 ], [ 74.215139, 30.737453 ], [ 74.198809, 30.724999 ], [ 74.191161, 30.717041 ], [ 74.18465, 30.696835 ], [ 74.170077, 30.687172 ], [ 74.16677, 30.67911 ], [ 74.163669, 30.664899 ], [ 74.155711, 30.659577 ], [ 74.132663, 30.655494 ], [ 74.111476, 30.646244 ], [ 74.09587, 30.637149 ], [ 74.082227, 30.625884 ], [ 74.067448, 30.610536 ], [ 74.057112, 30.591571 ], [ 74.058249, 30.574466 ], [ 74.061453, 30.555604 ], [ 74.057526, 30.531367 ], [ 74.04409, 30.518655 ], [ 74.004402, 30.50894 ], [ 73.996031, 30.500982 ], [ 73.98983, 30.487804 ], [ 73.939083, 30.426051 ], [ 73.929265, 30.419075 ], [ 73.916656, 30.417163 ], [ 73.899913, 30.422124 ], [ 73.902083, 30.415612 ], [ 73.904253, 30.401453 ], [ 73.906114, 30.394838 ], [ 73.887614, 30.396544 ], [ 73.867666, 30.387449 ], [ 73.85175, 30.372669 ], [ 73.845239, 30.35696 ], [ 73.842345, 30.35298 ], [ 73.891644, 30.329778 ], [ 73.911901, 30.303784 ], [ 73.934639, 30.261048 ], [ 73.948902, 30.217278 ], [ 73.946831, 30.204077 ], [ 73.944354, 30.188288 ], [ 73.778266, 30.067313 ], [ 73.739716, 30.048451 ], [ 73.557815, 30.012536 ], [ 73.385215, 29.942308 ], [ 73.370332, 29.927322 ], [ 73.327441, 29.80521 ], [ 73.284756, 29.683745 ], [ 73.232873, 29.536596 ], [ 73.177993, 29.443449 ], [ 73.1289, 29.360302 ], [ 73.050869, 29.228217 ], [ 72.98865, 29.15463 ], [ 72.962915, 29.116829 ], [ 72.930359, 29.047685 ], [ 72.918164, 29.032854 ], [ 72.901524, 29.022622 ], [ 72.77254, 28.96335 ], [ 72.658541, 28.911001 ], [ 72.52563, 28.84992 ], [ 72.382176, 28.784006 ], [ 72.354581, 28.767186 ], [ 72.28027, 28.687165 ], [ 72.256499, 28.645591 ], [ 72.197794, 28.44488 ], [ 72.17764, 28.397053 ], [ 72.149942, 28.353774 ], [ 72.110978, 28.317627 ], [ 71.988195, 28.228097 ], [ 71.908303, 28.135571 ], [ 71.896934, 28.115546 ], [ 71.89156, 28.097097 ], [ 71.879984, 27.974909 ], [ 71.874403, 27.95969 ], [ 71.860864, 27.950207 ], [ 71.70139, 27.906773 ], [ 71.560727, 27.868533 ], [ 71.477115, 27.862435 ], [ 71.397791, 27.868378 ], [ 71.31144, 27.861711 ], [ 71.226329, 27.845356 ], [ 71.150675, 27.822411 ], [ 71.027581, 27.768048 ], [ 70.91379, 27.717818 ], [ 70.831573, 27.701463 ], [ 70.761758, 27.709783 ], [ 70.710391, 27.74115 ], [ 70.671738, 27.791095 ], [ 70.640732, 27.854787 ], [ 70.637631, 27.874217 ], [ 70.64161, 27.911269 ], [ 70.633187, 27.93163 ], [ 70.621198, 27.944135 ], [ 70.592879, 27.964496 ], [ 70.559806, 27.998447 ], [ 70.534898, 28.015965 ], [ 70.506786, 28.028962 ], [ 70.477227, 28.037256 ], [ 70.456247, 28.039788 ], [ 70.43692, 28.035344 ], [ 70.398266, 28.02165 ], [ 70.359509, 28.016327 ], [ 70.341939, 28.01147 ], [ 70.323852, 28.000437 ], [ 70.267731, 27.945272 ], [ 70.199002, 27.90096 ], [ 70.189028, 27.89179 ], [ 70.101953, 27.81174 ], [ 70.090688, 27.79355 ], [ 70.016894, 27.60059 ], [ 69.993536, 27.571083 ], [ 69.908063, 27.497289 ], [ 69.848015, 27.410369 ], [ 69.730606, 27.310324 ], [ 69.666114, 27.270016 ], [ 69.575577, 27.188419 ], [ 69.534443, 27.125581 ], [ 69.507571, 27.050081 ], [ 69.48597, 26.926833 ], [ 69.465093, 26.80777 ], [ 69.472844, 26.766584 ], [ 69.50416, 26.735165 ], [ 69.659396, 26.677701 ], [ 69.700221, 26.653 ], [ 69.772258, 26.59507 ], [ 69.815562, 26.580291 ], [ 70.056064, 26.589076 ], [ 70.093685, 26.580394 ], [ 70.1296, 26.562514 ], [ 70.158074, 26.530113 ], [ 70.162931, 26.493319 ], [ 70.156989, 26.410947 ], [ 70.160503, 26.371311 ], [ 70.157144, 26.354 ], [ 70.147945, 26.333226 ], [ 70.142467, 26.313692 ], [ 70.144018, 26.294313 ], [ 70.151614, 26.254058 ], [ 70.146912, 26.217419 ], [ 70.132029, 26.18047 ], [ 70.078285, 26.099648 ], [ 70.073893, 26.083112 ], [ 70.072911, 26.047455 ], [ 70.064281, 25.99552 ], [ 70.064643, 25.980327 ], [ 70.083246, 25.929943 ], [ 70.114976, 25.881729 ], [ 70.15425, 25.839406 ], [ 70.195591, 25.806953 ], [ 70.213988, 25.786334 ], [ 70.234452, 25.730989 ], [ 70.249231, 25.707683 ], [ 70.264579, 25.697296 ], [ 70.303698, 25.684583 ], [ 70.360129, 25.673473 ], [ 70.477227, 25.676315 ], [ 70.516657, 25.68386 ], [ 70.554432, 25.698794 ], [ 70.592259, 25.708819 ], [ 70.632308, 25.701378 ], [ 70.653857, 25.674455 ], [ 70.657475, 25.63363 ], [ 70.652824, 25.545884 ], [ 70.646623, 25.431369 ], [ 70.654478, 25.39659 ], [ 70.670394, 25.375558 ], [ 70.710495, 25.335871 ], [ 70.718556, 25.310808 ], [ 70.723104, 25.287295 ], [ 70.734886, 25.267348 ], [ 70.768372, 25.233086 ], [ 70.831418, 25.183322 ], [ 70.848574, 25.163323 ], [ 70.859891, 25.139449 ], [ 70.893326, 25.001886 ], [ 70.915237, 24.946618 ], [ 70.943039, 24.894063 ], [ 71.00319, 24.808203 ], [ 71.036935, 24.72074 ], [ 71.056632, 24.69282 ], [ 71.063858, 24.682577 ], [ 71.043343, 24.669064 ], [ 70.977145, 24.639686 ], [ 70.962779, 24.615785 ], [ 70.954821, 24.584521 ], [ 70.957767, 24.556022 ], [ 70.977145, 24.54039 ], [ 70.980866, 24.534731 ], [ 70.981899, 24.52853 ], [ 70.980504, 24.521889 ], [ 70.977145, 24.515068 ], [ 70.974768, 24.494966 ], [ 70.973218, 24.48724 ], [ 70.973114, 24.479644 ], [ 70.974355, 24.472202 ], [ 70.977145, 24.464942 ], [ 71.00009, 24.452901 ], [ 71.040087, 24.446778 ], [ 71.07502, 24.436417 ], [ 71.082772, 24.411508 ], [ 71.073057, 24.402103 ], [ 71.025101, 24.38629 ], [ 71.014352, 24.375206 ], [ 71.007118, 24.363966 ], [ 70.996679, 24.356602 ], [ 70.977145, 24.357248 ], [ 70.955338, 24.365904 ], [ 70.936321, 24.367196 ], [ 70.917717, 24.361718 ], [ 70.856532, 24.323814 ], [ 70.840926, 24.30583 ], [ 70.844543, 24.288286 ], [ 70.857566, 24.271672 ], [ 70.851468, 24.264877 ], [ 70.834105, 24.261285 ], [ 70.813589, 24.254464 ], [ 70.776021, 24.236687 ], [ 70.755453, 24.231442 ], [ 70.621508, 24.241157 ], [ 70.584714, 24.2579 ], [ 70.567661, 24.272809 ], [ 70.56022, 24.287253 ], [ 70.555362, 24.327018 ], [ 70.545647, 24.362183 ], [ 70.546474, 24.373139 ], [ 70.551952, 24.379366 ], [ 70.569211, 24.389882 ], [ 70.575206, 24.400036 ], [ 70.562907, 24.424092 ], [ 70.520946, 24.424919 ], [ 70.416353, 24.401948 ], [ 70.370774, 24.372364 ], [ 70.353204, 24.366266 ], [ 70.29853, 24.363424 ], [ 70.2791, 24.355078 ], [ 70.242565, 24.330609 ], [ 70.222773, 24.326707 ], [ 70.202205, 24.325571 ], [ 70.144586, 24.307897 ], [ 70.109705, 24.3049 ], [ 70.097871, 24.298828 ], [ 70.087174, 24.28255 ], [ 70.062989, 24.220306 ], [ 70.052137, 24.202064 ], [ 70.015964, 24.174055 ], [ 69.972039, 24.165219 ], [ 69.769054, 24.162557 ], [ 69.714587, 24.168578 ], [ 69.670558, 24.188706 ], [ 69.59232, 24.264618 ], [ 69.563071, 24.276762 ], [ 69.280815, 24.283739 ], [ 69.206246, 24.258572 ], [ 69.166713, 24.253172 ], [ 69.148213, 24.25666 ], [ 69.091886, 24.281904 ], [ 69.067701, 24.288441 ], [ 69.048477, 24.285237 ], [ 69.007808, 24.264567 ], [ 68.980781, 24.255394 ], [ 68.962643, 24.257228 ], [ 68.94869, 24.270277 ], [ 68.929415, 24.302368 ], [ 68.921974, 24.310507 ], [ 68.913189, 24.317251 ], [ 68.904197, 24.320584 ], [ 68.890296, 24.319473 ], [ 68.885077, 24.313556 ], [ 68.883268, 24.305365 ], [ 68.880116, 24.297355 ], [ 68.848903, 24.244025 ], [ 68.838774, 24.236455 ], [ 68.819654, 24.250304 ], [ 68.813815, 24.30844 ], [ 68.79919, 24.329085 ], [ 68.747307, 24.331177 ], [ 68.725913, 24.289216 ], [ 68.725551, 24.208911 ], [ 68.725086, 24.10406 ], [ 68.724466, 23.965179 ], [ 68.646435, 23.965696 ], [ 68.547836, 23.966316 ], [ 68.431564, 23.967143 ], [ 68.385469, 23.960425 ], [ 68.353636, 23.939289 ], [ 68.353843, 23.94717 ], [ 68.352396, 23.956549 ], [ 68.348882, 23.964611 ], [ 68.342629, 23.968564 ], [ 68.330433, 23.966574 ], [ 68.329865, 23.958151 ], [ 68.333689, 23.948048 ], [ 68.335033, 23.940995 ], [ 68.325989, 23.927791 ], [ 68.314052, 23.915906 ], [ 68.300409, 23.910505 ], [ 68.286198, 23.916371 ], [ 68.280049, 23.925724 ], [ 68.277672, 23.933501 ], [ 68.274003, 23.937687 ], [ 68.263926, 23.93593 ], [ 68.254934, 23.929109 ], [ 68.25266, 23.920091 ], [ 68.253074, 23.911229 ], [ 68.251937, 23.904821 ], [ 68.253746, 23.90278 ], [ 68.257931, 23.899473 ], [ 68.26036, 23.895545 ], [ 68.256794, 23.891928 ], [ 68.252867, 23.891695 ], [ 68.243049, 23.893426 ], [ 68.239948, 23.893116 ], [ 68.23292, 23.889111 ], [ 68.21504, 23.881748 ], [ 68.207288, 23.877019 ], [ 68.183517, 23.8433 ], [ 68.183035, 23.842108 ], [ 68.183116, 23.843451 ], [ 68.157481, 23.905097 ], [ 68.156423, 23.87401 ], [ 68.157481, 23.864163 ], [ 68.160167, 23.857856 ], [ 68.168712, 23.844794 ], [ 68.170584, 23.839911 ], [ 68.166759, 23.820014 ], [ 68.148692, 23.780911 ], [ 68.143321, 23.761135 ], [ 68.144216, 23.74315 ], [ 68.154796, 23.714301 ], [ 68.157481, 23.696234 ], [ 68.149099, 23.694525 ], [ 68.130382, 23.708197 ], [ 68.102224, 23.733832 ], [ 68.098888, 23.709296 ], [ 68.081716, 23.708686 ], [ 68.062755, 23.723131 ], [ 68.053884, 23.74372 ], [ 68.056977, 23.750963 ], [ 68.071056, 23.760647 ], [ 68.074392, 23.764838 ], [ 68.073253, 23.783433 ], [ 68.074392, 23.788398 ], [ 68.081716, 23.80565 ], [ 68.088227, 23.809516 ], [ 68.102224, 23.809516 ], [ 68.102224, 23.815741 ], [ 68.08839, 23.826077 ], [ 68.07252, 23.841864 ], [ 68.059418, 23.861884 ], [ 68.053884, 23.88467 ], [ 68.061697, 23.911282 ], [ 68.063731, 23.923163 ], [ 68.047699, 23.92121 ], [ 68.024181, 23.935248 ], [ 68.01352, 23.939276 ], [ 68.041515, 23.85224 ], [ 68.053884, 23.829413 ], [ 68.035655, 23.792426 ], [ 68.024425, 23.774604 ], [ 68.01352, 23.768541 ], [ 68.007986, 23.774237 ], [ 68.003429, 23.785305 ], [ 68.000336, 23.797309 ], [ 67.999278, 23.805813 ], [ 67.994151, 23.811184 ], [ 67.983165, 23.809638 ], [ 67.973399, 23.805243 ], [ 67.971934, 23.802069 ], [ 67.961925, 23.804674 ], [ 67.950857, 23.808905 ], [ 67.941661, 23.815863 ], [ 67.937755, 23.826321 ], [ 67.934255, 23.832994 ], [ 67.926036, 23.834052 ], [ 67.916759, 23.833645 ], [ 67.909923, 23.836249 ], [ 67.904633, 23.846259 ], [ 67.905935, 23.85928 ], [ 67.899913, 23.86758 ], [ 67.891938, 23.869574 ], [ 67.883474, 23.864814 ], [ 67.868907, 23.850491 ], [ 67.864513, 23.86579 ], [ 67.863292, 23.902818 ], [ 67.855235, 23.911933 ], [ 67.849132, 23.889472 ], [ 67.839041, 23.823391 ], [ 67.831716, 23.809516 ], [ 67.802582, 23.812812 ], [ 67.773204, 23.821112 ], [ 67.718598, 23.843695 ], [ 67.730724, 23.835598 ], [ 67.741059, 23.823065 ], [ 67.743663, 23.808783 ], [ 67.73227, 23.795233 ], [ 67.715668, 23.791693 ], [ 67.693614, 23.793443 ], [ 67.656586, 23.802069 ], [ 67.646495, 23.802883 ], [ 67.637706, 23.801744 ], [ 67.631602, 23.803453 ], [ 67.629242, 23.812649 ], [ 67.630707, 23.824774 ], [ 67.634288, 23.833075 ], [ 67.638845, 23.840644 ], [ 67.642914, 23.850491 ], [ 67.651052, 23.90705 ], [ 67.656586, 23.919379 ], [ 67.656586, 23.925605 ], [ 67.652029, 23.925279 ], [ 67.651052, 23.926907 ], [ 67.651215, 23.929755 ], [ 67.650401, 23.933051 ], [ 67.638031, 23.91592 ], [ 67.63738, 23.874254 ], [ 67.629242, 23.856676 ], [ 67.614513, 23.850084 ], [ 67.59962, 23.854234 ], [ 67.589366, 23.866523 ], [ 67.58839, 23.88467 ], [ 67.574555, 23.871772 ], [ 67.566091, 23.876451 ], [ 67.558116, 23.888658 ], [ 67.546641, 23.898261 ], [ 67.532563, 23.899156 ], [ 67.530121, 23.891262 ], [ 67.535899, 23.880032 ], [ 67.546641, 23.870998 ], [ 67.491059, 23.883124 ], [ 67.478526, 23.891506 ], [ 67.488048, 23.893052 ], [ 67.495291, 23.892279 ], [ 67.502615, 23.89289 ], [ 67.512543, 23.898261 ], [ 67.520518, 23.90705 ], [ 67.532237, 23.929145 ], [ 67.540538, 23.939276 ], [ 67.530528, 23.935492 ], [ 67.519867, 23.92829 ], [ 67.509044, 23.923245 ], [ 67.498871, 23.925605 ], [ 67.496918, 23.935614 ], [ 67.499766, 23.951646 ], [ 67.506358, 23.974026 ], [ 67.463634, 23.982001 ], [ 67.451182, 23.987698 ], [ 67.46811, 24.021959 ], [ 67.478201, 24.032416 ], [ 67.492198, 24.028022 ], [ 67.519867, 24.045071 ], [ 67.529796, 24.054918 ], [ 67.533051, 24.070258 ], [ 67.509776, 24.052069 ], [ 67.489106, 24.054104 ], [ 67.467296, 24.064154 ], [ 67.440684, 24.070258 ], [ 67.383556, 24.066799 ], [ 67.354015, 24.070868 ], [ 67.341319, 24.086371 ], [ 67.337087, 24.118964 ], [ 67.326427, 24.143785 ], [ 67.300304, 24.186265 ], [ 67.295584, 24.199205 ], [ 67.293305, 24.212226 ], [ 67.292328, 24.261868 ], [ 67.288422, 24.269965 ], [ 67.279145, 24.281236 ], [ 67.283865, 24.287909 ], [ 67.289317, 24.298651 ], [ 67.292817, 24.302965 ], [ 67.285981, 24.329576 ], [ 67.305919, 24.342841 ], [ 67.336436, 24.346422 ], [ 67.362478, 24.34394 ], [ 67.34254, 24.353827 ], [ 67.325369, 24.357611 ], [ 67.28297, 24.357611 ], [ 67.271658, 24.369086 ], [ 67.273611, 24.395087 ], [ 67.286632, 24.439521 ], [ 67.280528, 24.432318 ], [ 67.273611, 24.426947 ], [ 67.2588, 24.419094 ], [ 67.256847, 24.444973 ], [ 67.246837, 24.467963 ], [ 67.230724, 24.488837 ], [ 67.210948, 24.50845 ], [ 67.230805, 24.525092 ], [ 67.226736, 24.532375 ], [ 67.204112, 24.535102 ], [ 67.194591, 24.547268 ], [ 67.18865, 24.561347 ], [ 67.185232, 24.576117 ], [ 67.183604, 24.590318 ], [ 67.199474, 24.584784 ], [ 67.21811, 24.582424 ], [ 67.236664, 24.58397 ], [ 67.252615, 24.590318 ], [ 67.223888, 24.607164 ], [ 67.208995, 24.613756 ], [ 67.19044, 24.617662 ], [ 67.172699, 24.615871 ], [ 67.159923, 24.61225 ], [ 67.15211, 24.615709 ], [ 67.149587, 24.635077 ], [ 67.156993, 24.662909 ], [ 67.175548, 24.688707 ], [ 67.199962, 24.710639 ], [ 67.22462, 24.726955 ], [ 67.25294, 24.740383 ], [ 67.255544, 24.747992 ], [ 67.245128, 24.761664 ], [ 67.232677, 24.770738 ], [ 67.223806, 24.769721 ], [ 67.212657, 24.764716 ], [ 67.176036, 24.757717 ], [ 67.167328, 24.760159 ], [ 67.161632, 24.781399 ], [ 67.156016, 24.791571 ], [ 67.148204, 24.799791 ], [ 67.139659, 24.80329 ], [ 67.121837, 24.801215 ], [ 67.111095, 24.797756 ], [ 67.099946, 24.797065 ], [ 67.081228, 24.80329 ], [ 67.073741, 24.795803 ], [ 67.08253, 24.774156 ], [ 67.063731, 24.781684 ], [ 67.02296, 24.810045 ], [ 67.005056, 24.813544 ], [ 66.987315, 24.822211 ], [ 66.972992, 24.833157 ], [ 66.965099, 24.843573 ], [ 66.957693, 24.843573 ], [ 66.957856, 24.825426 ], [ 66.960216, 24.817816 ], [ 66.965099, 24.810045 ], [ 66.941173, 24.812567 ], [ 66.921886, 24.824286 ], [ 66.903331, 24.839179 ], [ 66.882091, 24.85102 ], [ 66.85377, 24.85224 ], [ 66.827322, 24.844143 ], [ 66.802501, 24.839545 ], [ 66.779633, 24.85102 ], [ 66.769298, 24.847235 ], [ 66.716319, 24.841539 ], [ 66.691417, 24.832587 ], [ 66.679698, 24.830552 ], [ 66.654145, 24.839179 ], [ 66.656749, 24.85871 ], [ 66.677013, 24.879543 ], [ 66.704438, 24.892035 ], [ 66.704438, 24.898871 ], [ 66.681326, 24.910549 ], [ 66.681326, 24.948879 ], [ 66.697032, 25.025458 ], [ 66.699555, 25.085273 ], [ 66.704438, 25.104315 ], [ 66.713552, 25.120754 ], [ 66.73227, 25.143256 ], [ 66.737966, 25.159491 ], [ 66.737153, 25.181098 ], [ 66.721446, 25.212592 ], [ 66.71754, 25.231187 ], [ 66.710216, 25.239244 ], [ 66.674083, 25.269029 ], [ 66.659516, 25.27558 ], [ 66.648285, 25.283189 ], [ 66.595225, 25.330227 ], [ 66.56072, 25.349677 ], [ 66.547862, 25.365627 ], [ 66.553722, 25.385443 ], [ 66.579275, 25.379381 ], [ 66.591156, 25.399604 ], [ 66.587087, 25.426215 ], [ 66.56422, 25.439439 ], [ 66.550548, 25.457099 ], [ 66.541677, 25.492174 ], [ 66.531016, 25.518134 ], [ 66.512706, 25.508368 ], [ 66.51059, 25.512926 ], [ 66.507335, 25.517564 ], [ 66.50587, 25.52204 ], [ 66.492849, 25.518052 ], [ 66.486583, 25.525621 ], [ 66.482921, 25.538235 ], [ 66.477875, 25.549302 ], [ 66.444102, 25.582506 ], [ 66.437022, 25.597724 ], [ 66.41212, 25.590562 ], [ 66.387706, 25.592434 ], [ 66.372569, 25.603909 ], [ 66.375499, 25.625678 ], [ 66.358653, 25.614488 ], [ 66.338552, 25.6081 ], [ 66.303233, 25.60456 ], [ 66.29127, 25.605943 ], [ 66.270518, 25.61164 ], [ 66.258149, 25.612006 ], [ 66.254242, 25.609605 ], [ 66.248383, 25.604682 ], [ 66.239757, 25.599921 ], [ 66.203949, 25.593207 ], [ 66.183442, 25.58161 ], [ 66.167166, 25.566067 ], [ 66.155772, 25.549302 ], [ 66.13738, 25.513821 ], [ 66.131602, 25.508368 ], [ 66.12086, 25.504584 ], [ 66.10963, 25.495429 ], [ 66.099946, 25.484361 ], [ 66.094412, 25.47484 ], [ 66.121104, 25.475165 ], [ 66.20045, 25.48786 ], [ 66.213064, 25.49136 ], [ 66.223643, 25.499498 ], [ 66.238455, 25.515815 ], [ 66.241547, 25.518459 ], [ 66.245128, 25.520413 ], [ 66.249685, 25.521633 ], [ 66.255138, 25.52204 ], [ 66.2588, 25.524848 ], [ 66.258311, 25.531399 ], [ 66.256847, 25.538479 ], [ 66.258149, 25.543118 ], [ 66.279145, 25.549994 ], [ 66.309337, 25.554023 ], [ 66.336436, 25.553371 ], [ 66.348318, 25.54621 ], [ 66.352712, 25.535549 ], [ 66.363536, 25.530341 ], [ 66.376964, 25.527045 ], [ 66.38852, 25.52204 ], [ 66.397146, 25.512885 ], [ 66.411957, 25.491116 ], [ 66.423188, 25.481024 ], [ 66.437266, 25.491278 ], [ 66.456228, 25.496039 ], [ 66.475841, 25.493313 ], [ 66.492198, 25.481024 ], [ 66.45753, 25.453762 ], [ 66.497895, 25.430487 ], [ 66.511567, 25.414211 ], [ 66.498383, 25.398505 ], [ 66.483897, 25.400539 ], [ 66.465505, 25.411607 ], [ 66.437022, 25.433254 ], [ 66.359548, 25.465237 ], [ 66.31186, 25.474921 ], [ 66.278656, 25.467353 ], [ 66.251801, 25.472886 ], [ 66.219493, 25.464911 ], [ 66.187022, 25.452948 ], [ 66.15919, 25.446926 ], [ 66.069021, 25.446234 ], [ 66.004649, 25.429633 ], [ 65.92449, 25.418606 ], [ 65.881521, 25.419623 ], [ 65.858409, 25.417548 ], [ 65.823985, 25.402248 ], [ 65.800304, 25.395819 ], [ 65.765391, 25.377997 ], [ 65.724376, 25.371161 ], [ 65.671641, 25.347398 ], [ 65.65211, 25.344468 ], [ 65.629731, 25.34691 ], [ 65.488129, 25.383124 ], [ 65.467784, 25.385443 ], [ 65.446056, 25.381008 ], [ 65.422862, 25.372382 ], [ 65.400727, 25.366685 ], [ 65.382335, 25.371161 ], [ 65.386974, 25.37641 ], [ 65.395356, 25.392279 ], [ 65.362804, 25.39057 ], [ 65.336192, 25.385321 ], [ 65.313243, 25.376858 ], [ 65.292328, 25.364976 ], [ 65.259776, 25.380439 ], [ 65.23227, 25.370673 ], [ 65.211111, 25.347846 ], [ 65.187999, 25.311021 ], [ 65.180186, 25.303656 ], [ 65.170177, 25.299465 ], [ 65.155284, 25.296088 ], [ 65.143403, 25.295885 ], [ 65.118012, 25.301947 ], [ 65.08961, 25.305569 ], [ 65.058849, 25.314521 ], [ 65.042003, 25.316596 ], [ 64.980642, 25.316596 ], [ 64.920665, 25.327053 ], [ 64.889659, 25.328355 ], [ 64.861095, 25.316596 ], [ 64.839122, 25.325344 ], [ 64.807302, 25.328518 ], [ 64.744395, 25.324042 ], [ 64.718516, 25.314399 ], [ 64.695974, 25.297593 ], [ 64.678559, 25.276801 ], [ 64.66863, 25.255113 ], [ 64.662771, 25.229071 ], [ 64.663341, 25.217027 ], [ 64.66863, 25.206732 ], [ 64.679861, 25.201483 ], [ 64.6963, 25.197089 ], [ 64.709158, 25.19066 ], [ 64.710216, 25.179389 ], [ 64.702322, 25.178778 ], [ 64.65504, 25.165717 ], [ 64.640636, 25.166571 ], [ 64.615245, 25.173163 ], [ 64.600352, 25.173163 ], [ 64.626964, 25.211615 ], [ 64.627696, 25.228461 ], [ 64.610606, 25.251695 ], [ 64.593028, 25.261298 ], [ 64.56544, 25.27025 ], [ 64.53712, 25.275865 ], [ 64.518403, 25.27558 ], [ 64.506602, 25.266913 ], [ 64.492035, 25.245673 ], [ 64.480235, 25.241441 ], [ 64.46754, 25.240383 ], [ 64.448009, 25.235745 ], [ 64.439301, 25.234605 ], [ 64.417491, 25.240912 ], [ 64.382823, 25.27147 ], [ 64.360688, 25.283026 ], [ 64.318207, 25.292304 ], [ 64.275076, 25.296088 ], [ 64.265798, 25.298651 ], [ 64.252778, 25.311591 ], [ 64.24464, 25.316596 ], [ 64.18393, 25.318671 ], [ 64.094493, 25.335883 ], [ 64.094737, 25.349921 ], [ 64.103689, 25.367865 ], [ 64.106944, 25.385443 ], [ 64.101736, 25.390855 ], [ 64.092296, 25.395982 ], [ 64.083507, 25.40351 ], [ 64.0796, 25.416205 ], [ 64.083751, 25.426744 ], [ 64.093761, 25.431789 ], [ 64.106212, 25.433254 ], [ 64.117442, 25.433254 ], [ 64.14088, 25.42886 ], [ 64.15089, 25.432115 ], [ 64.155284, 25.446926 ], [ 64.150727, 25.451402 ], [ 64.140636, 25.453355 ], [ 64.127289, 25.453762 ], [ 64.081554, 25.443752 ], [ 64.056488, 25.441718 ], [ 64.045421, 25.450344 ], [ 63.989594, 25.425442 ], [ 63.976573, 25.412787 ], [ 63.991384, 25.416653 ], [ 63.997081, 25.419623 ], [ 64.004242, 25.402045 ], [ 64.011729, 25.397284 ], [ 64.021495, 25.402737 ], [ 64.035167, 25.416205 ], [ 64.048839, 25.41649 ], [ 64.061697, 25.399156 ], [ 64.0796, 25.364976 ], [ 64.066742, 25.346259 ], [ 64.059744, 25.34455 ], [ 64.042003, 25.344468 ], [ 64.004893, 25.339016 ], [ 63.987071, 25.338324 ], [ 63.969737, 25.344468 ], [ 63.944102, 25.334906 ], [ 63.906586, 25.341213 ], [ 63.804942, 25.374986 ], [ 63.737804, 25.385321 ], [ 63.669932, 25.383612 ], [ 63.604666, 25.374416 ], [ 63.57252, 25.364976 ], [ 63.554373, 25.356187 ], [ 63.537608, 25.344468 ], [ 63.510509, 25.316596 ], [ 63.495779, 25.291409 ], [ 63.485199, 25.284329 ], [ 63.469493, 25.289252 ], [ 63.474132, 25.273139 ], [ 63.4817, 25.260159 ], [ 63.511974, 25.226711 ], [ 63.516856, 25.223578 ], [ 63.518728, 25.220852 ], [ 63.517914, 25.214179 ], [ 63.515391, 25.206855 ], [ 63.511729, 25.200263 ], [ 63.506602, 25.195502 ], [ 63.500499, 25.193671 ], [ 63.468761, 25.199042 ], [ 63.411143, 25.22248 ], [ 63.376964, 25.227769 ], [ 63.308116, 25.220364 ], [ 63.291352, 25.222805 ], [ 63.244151, 25.241441 ], [ 63.178477, 25.258043 ], [ 63.144054, 25.260932 ], [ 63.113129, 25.255113 ], [ 63.050955, 25.224189 ], [ 63.027843, 25.220364 ], [ 62.942393, 25.227769 ], [ 62.770518, 25.261908 ], [ 62.604959, 25.265997 ], [ 62.527479, 25.264188 ], [ 62.477179, 25.259064 ], [ 62.465017, 25.23725 ], [ 62.467621, 25.223538 ], [ 62.489431, 25.214179 ], [ 62.469493, 25.206732 ], [ 62.444347, 25.213935 ], [ 62.413829, 25.206529 ], [ 62.385265, 25.19245 ], [ 62.365896, 25.179389 ], [ 62.354747, 25.16942 ], [ 62.34311, 25.155463 ], [ 62.336192, 25.139838 ], [ 62.339122, 25.124742 ], [ 62.35199, 25.112829 ], [ 62.373222, 25.108394 ], [ 62.387243, 25.101575 ], [ 62.381052, 25.087572 ], [ 62.339713, 25.087399 ], [ 62.289954, 25.090016 ], [ 62.256055, 25.098627 ], [ 62.280284, 25.116604 ], [ 62.283946, 25.11994 ], [ 62.287771, 25.12226 ], [ 62.290782, 25.124742 ], [ 62.299327, 25.128811 ], [ 62.308279, 25.12816 ], [ 62.315278, 25.130194 ], [ 62.318126, 25.141832 ], [ 62.303977, 25.166923 ], [ 62.297479, 25.185133 ], [ 62.275184, 25.19989 ], [ 62.254222, 25.212032 ], [ 62.225792, 25.214054 ], [ 62.191809, 25.220081 ], [ 62.145193, 25.218411 ], [ 62.102712, 25.205146 ], [ 62.080031, 25.197152 ], [ 62.068045, 25.178142 ], [ 62.058989, 25.161636 ], [ 62.07309, 25.15058 ], [ 62.077828, 25.127713 ], [ 62.088902, 25.118422 ], [ 62.097179, 25.107123 ], [ 62.075551, 25.100749 ], [ 62.035841, 25.103044 ], [ 61.98911, 25.108074 ], [ 61.929498, 25.109563 ], [ 61.881114, 25.103013 ], [ 61.869884, 25.083889 ], [ 61.866384, 25.075426 ], [ 61.857432, 25.06684 ], [ 61.847341, 25.037909 ], [ 61.835216, 25.038398 ], [ 61.814853, 25.02618 ], [ 61.790478, 25.017763 ], [ 61.754868, 25.013467 ], [ 61.729551, 25.021783 ], [ 61.720064, 25.037436 ], [ 61.725759, 25.058905 ], [ 61.73585, 25.069525 ], [ 61.728526, 25.083075 ], [ 61.732432, 25.09162 ], [ 61.749522, 25.104315 ], [ 61.76002, 25.115383 ], [ 61.762706, 25.121975 ], [ 61.763845, 25.134996 ], [ 61.766775, 25.145657 ], [ 61.780121, 25.162543 ], [ 61.783702, 25.173163 ], [ 61.783051, 25.187974 ], [ 61.779552, 25.191067 ], [ 61.773692, 25.188422 ], [ 61.766856, 25.186225 ], [ 61.763927, 25.184272 ], [ 61.755138, 25.175605 ], [ 61.749522, 25.173163 ], [ 61.744314, 25.174954 ], [ 61.73113, 25.184068 ], [ 61.725352, 25.186225 ], [ 61.713634, 25.188056 ], [ 61.70753, 25.192206 ], [ 61.702485, 25.197008 ], [ 61.694184, 25.200507 ], [ 61.682791, 25.201646 ], [ 61.650157, 25.200507 ], [ 61.634125, 25.203925 ], [ 61.624197, 25.204413 ], [ 61.612478, 25.200507 ], [ 61.588227, 25.202094 ], [ 61.620042, 25.285486 ], [ 61.626036, 25.36977 ], [ 61.633064, 25.469299 ], [ 61.639059, 25.554927 ], [ 61.643193, 25.613321 ], [ 61.646604, 25.627687 ], [ 61.652495, 25.637299 ], [ 61.667171, 25.650477 ], [ 61.673475, 25.65828 ], [ 61.676369, 25.6928 ], [ 61.665311, 25.732384 ], [ 61.66035, 25.769178 ], [ 61.681434, 25.795481 ], [ 61.702621, 25.80008 ], [ 61.721948, 25.799667 ], [ 61.739311, 25.803284 ], [ 61.754504, 25.819975 ], [ 61.760085, 25.837597 ], [ 61.770627, 25.907412 ], [ 61.783236, 25.990611 ], [ 61.792745, 26.052829 ], [ 61.800703, 26.106625 ], [ 61.809901, 26.167448 ], [ 61.818376, 26.198454 ], [ 61.832949, 26.225377 ], [ 61.857133, 26.242379 ], [ 61.977746, 26.273178 ], [ 62.013661, 26.294624 ], [ 62.032265, 26.302892 ], [ 62.05278, 26.308576 ], [ 62.094173, 26.314829 ], [ 62.103268, 26.325113 ], [ 62.106886, 26.349711 ], [ 62.123835, 26.373999 ], [ 62.161456, 26.369503 ], [ 62.205898, 26.355343 ], [ 62.243415, 26.350641 ], [ 62.265119, 26.360976 ], [ 62.26424, 26.375187 ], [ 62.254474, 26.393584 ], [ 62.248996, 26.416528 ], [ 62.256127, 26.428931 ], [ 62.287546, 26.456629 ], [ 62.297882, 26.474044 ], [ 62.296952, 26.480245 ], [ 62.293127, 26.485878 ], [ 62.29013, 26.492441 ], [ 62.291991, 26.501226 ], [ 62.298295, 26.508771 ], [ 62.306977, 26.51368 ], [ 62.32651, 26.520656 ], [ 62.334675, 26.524842 ], [ 62.347594, 26.533317 ], [ 62.355863, 26.536624 ], [ 62.365268, 26.537503 ], [ 62.386352, 26.536624 ], [ 62.396687, 26.539053 ], [ 62.402475, 26.543807 ], [ 62.41064, 26.55683 ], [ 62.418495, 26.562307 ], [ 62.428003, 26.564788 ], [ 62.595331, 26.580704 ], [ 62.615795, 26.587112 ], [ 62.624115, 26.592952 ], [ 62.632022, 26.600393 ], [ 62.6406, 26.605147 ], [ 62.651349, 26.603183 ], [ 62.662511, 26.598274 ], [ 62.671037, 26.597706 ], [ 62.70194, 26.60401 ], [ 62.71057, 26.606904 ], [ 62.718011, 26.610522 ], [ 62.724729, 26.615121 ], [ 62.735064, 26.632226 ], [ 62.742712, 26.641321 ], [ 62.753564, 26.644163 ], [ 62.821674, 26.642613 ], [ 62.900016, 26.640907 ], [ 62.990449, 26.638892 ], [ 63.029413, 26.633518 ], [ 63.068894, 26.632536 ], [ 63.09804, 26.638375 ], [ 63.1076, 26.6376 ], [ 63.11623, 26.634034 ], [ 63.123464, 26.629435 ], [ 63.131268, 26.625818 ], [ 63.141344, 26.625404 ], [ 63.163772, 26.645093 ], [ 63.174314, 26.685039 ], [ 63.182272, 26.83025 ], [ 63.189559, 26.846011 ], [ 63.206043, 26.853711 ], [ 63.246661, 26.85955 ], [ 63.261647, 26.871746 ], [ 63.264851, 26.890039 ], [ 63.25648, 26.906162 ], [ 63.243974, 26.92244 ], [ 63.234982, 26.941147 ], [ 63.229918, 27.05406 ], [ 63.231365, 27.065843 ], [ 63.235602, 27.075868 ], [ 63.246248, 27.089459 ], [ 63.249968, 27.099536 ], [ 63.260924, 27.115607 ], [ 63.280561, 27.123203 ], [ 63.30242, 27.123358 ], [ 63.319628, 27.117312 ], [ 63.285573, 27.184647 ], [ 63.271259, 27.203405 ], [ 63.260614, 27.213792 ], [ 63.251519, 27.21896 ], [ 63.226817, 27.22697 ], [ 63.215448, 27.233223 ], [ 63.189559, 27.254462 ], [ 63.177105, 27.258441 ], [ 63.166976, 27.258699 ], [ 63.112302, 27.243196 ], [ 63.099435, 27.242834 ], [ 63.082743, 27.244385 ], [ 63.056182, 27.243196 ], [ 63.003782, 27.228778 ], [ 62.97784, 27.225161 ], [ 62.919601, 27.214877 ], [ 62.892419, 27.213482 ], [ 62.860845, 27.219632 ], [ 62.837384, 27.231259 ], [ 62.829322, 27.233636 ], [ 62.822294, 27.232499 ], [ 62.808548, 27.225368 ], [ 62.800642, 27.225161 ], [ 62.785604, 27.232499 ], [ 62.742351, 27.266812 ], [ 62.758215, 27.267691 ], [ 62.768086, 27.274357 ], [ 62.774132, 27.285519 ], [ 62.778783, 27.299833 ], [ 62.780643, 27.31606 ], [ 62.775682, 27.326912 ], [ 62.756045, 27.348099 ], [ 62.8086, 27.453364 ], [ 62.814698, 27.494964 ], [ 62.809323, 27.547054 ], [ 62.799712, 27.63927 ], [ 62.794699, 27.689474 ], [ 62.786379, 27.77027 ], [ 62.780281, 27.829724 ], [ 62.754185, 27.925842 ], [ 62.735684, 27.994985 ], [ 62.751704, 28.108725 ], [ 62.76638, 28.211483 ], [ 62.761523, 28.246442 ], [ 62.739302, 28.258328 ], [ 62.575643, 28.229027 ], [ 62.555437, 28.240319 ], [ 62.492288, 28.300703 ], [ 62.477716, 28.322303 ], [ 62.471204, 28.339692 ], [ 62.46428, 28.349821 ], [ 62.453841, 28.355686 ], [ 62.437201, 28.360441 ], [ 62.420975, 28.368554 ], [ 62.410743, 28.380698 ], [ 62.402165, 28.394108 ], [ 62.390538, 28.406123 ], [ 62.362787, 28.418887 ], [ 62.230702, 28.442451 ], [ 62.147503, 28.475266 ], [ 62.115567, 28.481363 ], [ 62.049111, 28.486324 ], [ 62.018829, 28.494696 ], [ 61.971132, 28.518984 ], [ 61.91129, 28.533737 ], [ 61.89279, 28.5426 ], [ 61.861164, 28.574769 ], [ 61.797706, 28.626574 ], [ 61.756158, 28.673961 ], [ 61.653012, 28.756334 ], [ 61.623969, 28.78765 ], [ 61.595341, 28.842685 ], [ 61.566505, 28.870978 ], [ 61.561338, 28.885938 ], [ 61.55896, 28.902733 ], [ 61.553173, 28.922138 ], [ 61.510901, 29.007378 ], [ 61.502116, 29.017713 ], [ 61.490954, 29.02549 ], [ 61.478035, 29.030658 ], [ 61.470284, 29.035903 ], [ 61.46801, 29.041743 ], [ 61.4708, 29.047866 ], [ 61.478035, 29.054326 ], [ 61.487234, 29.06293 ], [ 61.490644, 29.072025 ], [ 61.48775, 29.080655 ], [ 61.478035, 29.087476 ], [ 61.460879, 29.093884 ], [ 61.45323, 29.108379 ], [ 61.447959, 29.125407 ], [ 61.437727, 29.139618 ], [ 61.426875, 29.14463 ], [ 61.417677, 29.145664 ], [ 61.408582, 29.148558 ], [ 61.397937, 29.159074 ], [ 61.392769, 29.170469 ], [ 61.390082, 29.195428 ], [ 61.386981, 29.206642 ], [ 61.374165, 29.22385 ], [ 61.342333, 29.25452 ], [ 61.332824, 29.274907 ], [ 61.332824, 29.294492 ], [ 61.34471, 29.329529 ], [ 61.34657, 29.349062 ], [ 61.337372, 29.374384 ], [ 61.319802, 29.385391 ], [ 61.298718, 29.392651 ], [ 61.279184, 29.40663 ], [ 61.196915, 29.492284 ], [ 61.118677, 29.573984 ], [ 61.043333, 29.652429 ], [ 60.978014, 29.720616 ], [ 60.925097, 29.77498 ], [ 60.844379, 29.858179 ], [ 60.876005, 29.845518 ], [ 60.947422, 29.825519 ], [ 61.030621, 29.802161 ], [ 61.114026, 29.778726 ], [ 61.197225, 29.755343 ], [ 61.280424, 29.732011 ], [ 61.363727, 29.708627 ], [ 61.446926, 29.685321 ], [ 61.530228, 29.66186 ], [ 61.613427, 29.638502 ], [ 61.696626, 29.615196 ], [ 61.779929, 29.591787 ], [ 61.863231, 29.568351 ], [ 61.946534, 29.545045 ], [ 62.029629, 29.521636 ], [ 62.112983, 29.498226 ], [ 62.196286, 29.47492 ], [ 62.279433, 29.451485 ], [ 62.374466, 29.424872 ], [ 62.477509, 29.407819 ], [ 62.602581, 29.41807 ], [ 62.63135, 29.420428 ], [ 62.680391, 29.424458 ], [ 62.72938, 29.428489 ], [ 62.778421, 29.43252 ], [ 62.827462, 29.436602 ], [ 62.876451, 29.440581 ], [ 62.925544, 29.444638 ], [ 62.974533, 29.448643 ], [ 63.023626, 29.452674 ], [ 63.072615, 29.456756 ], [ 63.121604, 29.460787 ], [ 63.170697, 29.464766 ], [ 63.219686, 29.468797 ], [ 63.268675, 29.472879 ], [ 63.317768, 29.47691 ], [ 63.366809, 29.480941 ], [ 63.415953, 29.484971 ], [ 63.568605, 29.497477 ], [ 63.78792, 29.46058 ], [ 63.971991, 29.429574 ], [ 64.086093, 29.386605 ], [ 64.113378, 29.396295 ], [ 64.149758, 29.458461 ], [ 64.172599, 29.4843 ], [ 64.207739, 29.499983 ], [ 64.477697, 29.570367 ], [ 64.499477, 29.570203 ], [ 64.683886, 29.568816 ], [ 64.820312, 29.567886 ], [ 64.986606, 29.541557 ], [ 65.036371, 29.540162 ], [ 65.181427, 29.57711 ], [ 65.239511, 29.591838 ], [ 65.297595, 29.606644 ], [ 65.355783, 29.621423 ], [ 65.413661, 29.636177 ], [ 65.471745, 29.650956 ], [ 65.529726, 29.665736 ], [ 65.58781, 29.680567 ], [ 65.645843, 29.695346 ], [ 65.70403, 29.710151 ], [ 65.762063, 29.724905 ], [ 65.820147, 29.739736 ], [ 65.878232, 29.75449 ], [ 65.936109, 29.769295 ], [ 65.994297, 29.784023 ], [ 66.052381, 29.798854 ], [ 66.110466, 29.813634 ], [ 66.195628, 29.835338 ], [ 66.27521, 29.885154 ], [ 66.301772, 29.915694 ], [ 66.322442, 29.946545 ], [ 66.328437, 29.949543 ], [ 66.336808, 29.952023 ], [ 66.340529, 29.956571 ], [ 66.332364, 29.966079 ], [ 66.301565, 29.98675 ], [ 66.260431, 30.02313 ], [ 66.225239, 30.04442 ], [ 66.219296, 30.057856 ], [ 66.221725, 30.073721 ], [ 66.236349, 30.1116 ], [ 66.300893, 30.225598 ], [ 66.305286, 30.24477 ], [ 66.303012, 30.305283 ], [ 66.321822, 30.437368 ], [ 66.319393, 30.457832 ], [ 66.313761, 30.478296 ], [ 66.306113, 30.491112 ], [ 66.281928, 30.518138 ], [ 66.264926, 30.557826 ], [ 66.267975, 30.601389 ], [ 66.366264, 30.922868 ], [ 66.375359, 30.936717 ], [ 66.392309, 30.944624 ], [ 66.527494, 30.968343 ], [ 66.550025, 30.976973 ], [ 66.643973, 31.060172 ], [ 66.663093, 31.083117 ], [ 66.696993, 31.195823 ], [ 66.721281, 31.210292 ], [ 66.759522, 31.214788 ], [ 66.785308, 31.23179 ], [ 66.808614, 31.254734 ], [ 66.838483, 31.277007 ], [ 66.905921, 31.305532 ], [ 66.943283, 31.314731 ], [ 67.002091, 31.315867 ], [ 67.016818, 31.309149 ], [ 67.023898, 31.2953 ], [ 67.025965, 31.273028 ], [ 67.023433, 31.264863 ], [ 67.017904, 31.258713 ], [ 67.013873, 31.252667 ], [ 67.015268, 31.244657 ], [ 67.022865, 31.239386 ], [ 67.035267, 31.235924 ], [ 67.058211, 31.232358 ], [ 67.078468, 31.232048 ], [ 67.116864, 31.240316 ], [ 67.136759, 31.241092 ], [ 67.156707, 31.235924 ], [ 67.19319, 31.218509 ], [ 67.213757, 31.212256 ], [ 67.230294, 31.210603 ], [ 67.282177, 31.212773 ], [ 67.346204, 31.20776 ], [ 67.364601, 31.210706 ], [ 67.433899, 31.236079 ], [ 67.493327, 31.242952 ], [ 67.530224, 31.256646 ], [ 67.583657, 31.265225 ], [ 67.602157, 31.271116 ], [ 67.665926, 31.306256 ], [ 67.678949, 31.316591 ], [ 67.692798, 31.325221 ], [ 67.709024, 31.329303 ], [ 67.749435, 31.328011 ], [ 67.764731, 31.334058 ], [ 67.775067, 31.352764 ], [ 67.770364, 31.394674 ], [ 67.734294, 31.404751 ], [ 67.651147, 31.395294 ], [ 67.631406, 31.4001 ], [ 67.611459, 31.410797 ], [ 67.59699, 31.42568 ], [ 67.591099, 31.464799 ], [ 67.578076, 31.48211 ], [ 67.5634, 31.497252 ], [ 67.556114, 31.512186 ], [ 67.568981, 31.52986 ], [ 67.600504, 31.53048 ], [ 67.665461, 31.518129 ], [ 67.696312, 31.520816 ], [ 67.726698, 31.53141 ], [ 67.74828, 31.544392 ], [ 67.781165, 31.564173 ], [ 67.842711, 31.623497 ], [ 67.870668, 31.635176 ], [ 67.884311, 31.635641 ], [ 67.914696, 31.631352 ], [ 67.955211, 31.633212 ], [ 67.966063, 31.638225 ], [ 67.977328, 31.651868 ], [ 67.994071, 31.663443 ], [ 68.046575, 31.688403 ], [ 68.052259, 31.695431 ], [ 68.055566, 31.716566 ], [ 68.060476, 31.725558 ], [ 68.093497, 31.751551 ], [ 68.09834, 31.759124 ], [ 68.104504, 31.76876 ], [ 68.125743, 31.811496 ], [ 68.138559, 31.824674 ], [ 68.159126, 31.825914 ], [ 68.184758, 31.818214 ], [ 68.206823, 31.807879 ], [ 68.2323, 31.790154 ], [ 68.242635, 31.776925 ], [ 68.255037, 31.766383 ], [ 68.276948, 31.763592 ], [ 68.316532, 31.765194 ], [ 68.356065, 31.762507 ], [ 68.460968, 31.730467 ], [ 68.49802, 31.725248 ], [ 68.515177, 31.729951 ], [ 68.536829, 31.741009 ], [ 68.5498, 31.753515 ], [ 68.540601, 31.762507 ], [ 68.521274, 31.764781 ], [ 68.461433, 31.763592 ], [ 68.439574, 31.766589 ], [ 68.422211, 31.773152 ], [ 68.418748, 31.783022 ], [ 68.438179, 31.796045 ], [ 68.481484, 31.815682 ], [ 68.5051, 31.822658 ], [ 68.527476, 31.822968 ], [ 68.561065, 31.811806 ], [ 68.61946, 31.783487 ], [ 68.675787, 31.774702 ], [ 68.688293, 31.768605 ], [ 68.694907, 31.756357 ], [ 68.697905, 31.715946 ], [ 68.705449, 31.70127 ], [ 68.731184, 31.675535 ], [ 68.77728, 31.618588 ], [ 68.803841, 31.602568 ], [ 68.843529, 31.606496 ], [ 68.906987, 31.634298 ], [ 68.94099, 31.643651 ], [ 68.977267, 31.641481 ], [ 69.004036, 31.651092 ], [ 69.040106, 31.673107 ], [ 69.071628, 31.69786 ], [ 69.084754, 31.715791 ], [ 69.10005, 31.724008 ], [ 69.114313, 31.737754 ], [ 69.223764, 31.881931 ], [ 69.250946, 31.907046 ], [ 69.29885, 31.93769 ], [ 69.301157, 31.941282 ], [ 69.304793, 31.94694 ], [ 69.302157, 31.959911 ], [ 69.270634, 32.035978 ], [ 69.251049, 32.13065 ], [ 69.251876, 32.15225 ], [ 69.259524, 32.194522 ], [ 69.259989, 32.236819 ], [ 69.266965, 32.279581 ], [ 69.268102, 32.301337 ], [ 69.264433, 32.322369 ], [ 69.238543, 32.378283 ], [ 69.228001, 32.421304 ], [ 69.232859, 32.462671 ], [ 69.251566, 32.50055 ], [ 69.281952, 32.532796 ], [ 69.302105, 32.543777 ], [ 69.34355, 32.55605 ], [ 69.361223, 32.568478 ], [ 69.413933, 32.635477 ], [ 69.426025, 32.655088 ], [ 69.429126, 32.667361 ], [ 69.419101, 32.70046 ], [ 69.41724, 32.718004 ], [ 69.414657, 32.725575 ], [ 69.407732, 32.729941 ], [ 69.399154, 32.732964 ], [ 69.39042, 32.737899 ], [ 69.383237, 32.744462 ], [ 69.37807, 32.752317 ], [ 69.376313, 32.771877 ], [ 69.387165, 32.785338 ], [ 69.421064, 32.80681 ], [ 69.445559, 32.835671 ], [ 69.471449, 32.852234 ], [ 69.477288, 32.856833 ], [ 69.48721, 32.885875 ], [ 69.468503, 32.994292 ], [ 69.478125, 33.01135 ], [ 69.487727, 33.028373 ], [ 69.514185, 33.056691 ], [ 69.547517, 33.075011 ], [ 69.587773, 33.079532 ], [ 69.60834, 33.079067 ], [ 69.640689, 33.084235 ], [ 69.650198, 33.081858 ], [ 69.658776, 33.078421 ], [ 69.667768, 33.077 ], [ 69.68601, 33.080773 ], [ 69.732983, 33.109298 ], [ 69.771844, 33.114776 ], [ 69.838713, 33.086664 ], [ 69.880933, 33.089248 ], [ 69.955812, 33.127695 ], [ 69.965734, 33.1294 ], [ 69.994725, 33.127333 ], [ 70.006869, 33.131803 ], [ 70.014517, 33.140769 ], [ 70.048003, 33.194073 ], [ 70.059785, 33.198052 ], [ 70.08366, 33.191283 ], [ 70.105364, 33.18981 ], [ 70.124794, 33.199034 ], [ 70.294448, 33.318949 ], [ 70.301579, 33.35179 ], [ 70.285715, 33.382873 ], [ 70.233005, 33.432612 ], [ 70.227837, 33.43995 ], [ 70.220447, 33.456021 ], [ 70.213368, 33.461344 ], [ 70.185462, 33.468966 ], [ 70.177607, 33.47341 ], [ 70.163758, 33.488655 ], [ 70.154973, 33.506612 ], [ 70.151356, 33.525862 ], [ 70.153009, 33.544749 ], [ 70.173473, 33.607872 ], [ 70.174093, 33.632108 ], [ 70.170218, 33.638671 ], [ 70.162518, 33.643245 ], [ 70.145981, 33.649885 ], [ 70.136886, 33.656293 ], [ 70.132546, 33.661435 ], [ 70.126551, 33.676964 ], [ 70.118128, 33.716522 ], [ 70.108154, 33.727296 ], [ 70.065573, 33.721018 ], [ 70.011829, 33.740319 ], [ 69.996478, 33.742091 ], [ 69.972659, 33.744841 ], [ 69.957518, 33.752695 ], [ 69.947234, 33.771971 ], [ 69.940103, 33.791479 ], [ 69.931318, 33.806439 ], [ 69.907546, 33.83561 ], [ 69.898761, 33.851501 ], [ 69.885429, 33.889457 ], [ 69.876489, 33.902557 ], [ 69.847188, 33.926948 ], [ 69.841091, 33.941805 ], [ 69.854216, 33.956352 ], [ 69.871993, 33.971519 ], [ 69.873853, 33.986325 ], [ 69.870443, 34.001337 ], [ 69.872613, 34.017227 ], [ 69.889253, 34.031206 ], [ 69.916021, 34.038879 ], [ 69.969093, 34.045727 ], [ 70.002838, 34.043789 ], [ 70.218845, 33.980692 ], [ 70.275586, 33.97617 ], [ 70.309899, 33.961675 ], [ 70.328193, 33.957282 ], [ 70.408963, 33.954414 ], [ 70.49149, 33.939609 ], [ 70.521979, 33.938705 ], [ 70.656183, 33.95475 ], [ 70.791317, 33.953562 ], [ 70.862217, 33.964775 ], [ 70.879994, 33.994257 ], [ 70.884334, 34.007047 ], [ 70.894308, 34.009372 ], [ 70.921231, 34.002241 ], [ 70.939731, 34.000923 ], [ 70.953994, 34.004825 ], [ 70.965725, 34.013816 ], [ 70.977145, 34.027407 ], [ 70.997712, 34.033324 ], [ 71.046702, 34.041877 ], [ 71.062618, 34.054253 ], [ 71.067269, 34.073012 ], [ 71.063858, 34.088928 ], [ 71.062773, 34.10531 ], [ 71.073884, 34.125257 ], [ 71.101789, 34.151818 ], [ 71.108093, 34.165228 ], [ 71.109489, 34.189206 ], [ 71.106543, 34.209386 ], [ 71.09688, 34.244345 ], [ 71.097086, 34.262458 ], [ 71.126387, 34.332221 ], [ 71.122046, 34.356819 ], [ 71.050939, 34.389788 ], [ 71.01983, 34.414438 ], [ 70.991511, 34.443067 ], [ 70.970841, 34.468879 ], [ 70.961229, 34.487612 ], [ 70.955648, 34.510014 ], [ 70.956991, 34.532002 ], [ 70.96867, 34.549727 ], [ 70.983356, 34.555256 ], [ 70.985827, 34.556186 ], [ 71.006963, 34.556341 ], [ 71.047529, 34.551122 ], [ 71.065822, 34.55846 ], [ 71.076571, 34.578511 ], [ 71.079878, 34.602902 ], [ 71.076261, 34.623624 ], [ 71.068768, 34.645948 ], [ 71.070163, 34.661245 ], [ 71.080601, 34.672923 ], [ 71.150933, 34.720311 ], [ 71.189535, 34.737054 ], [ 71.203075, 34.748164 ], [ 71.25563, 34.810228 ], [ 71.270822, 34.844283 ], [ 71.289478, 34.87503 ], [ 71.324928, 34.897561 ], [ 71.445239, 34.937757 ], [ 71.459958, 34.942674 ], [ 71.46957, 34.949702 ], [ 71.476701, 34.960296 ], [ 71.485383, 34.983499 ], [ 71.493341, 34.994041 ], [ 71.493341, 34.994144 ], [ 71.493444, 34.994144 ], [ 71.504297, 35.000604 ], [ 71.511325, 35.008717 ], [ 71.512978, 35.018122 ], [ 71.5075, 35.028199 ], [ 71.508947, 35.072021 ], [ 71.534992, 35.098582 ], [ 71.604135, 35.138166 ], [ 71.62925, 35.170102 ], [ 71.637932, 35.189688 ], [ 71.633694, 35.203124 ], [ 71.603205, 35.223381 ], [ 71.547808, 35.275626 ], [ 71.529825, 35.300895 ], [ 71.531582, 35.327922 ], [ 71.562277, 35.360582 ], [ 71.61106, 35.395463 ], [ 71.620879, 35.410139 ], [ 71.622429, 35.429621 ], [ 71.613954, 35.443212 ], [ 71.600725, 35.45546 ], [ 71.593422, 35.464194 ], [ 71.587806, 35.470911 ], [ 71.581708, 35.493132 ], [ 71.586049, 35.512097 ], [ 71.59287, 35.530184 ], [ 71.59349, 35.549356 ], [ 71.584188, 35.564187 ], [ 71.567859, 35.574212 ], [ 71.512771, 35.596278 ], [ 71.492721, 35.609559 ], [ 71.483316, 35.62656 ], [ 71.495925, 35.646611 ], [ 71.514012, 35.665576 ], [ 71.519799, 35.683766 ], [ 71.515355, 35.701491 ], [ 71.502746, 35.719061 ], [ 71.496132, 35.724591 ], [ 71.481352, 35.734099 ], [ 71.475564, 35.741024 ], [ 71.47112, 35.752289 ], [ 71.471017, 35.761333 ], [ 71.47205, 35.769962 ], [ 71.470914, 35.779936 ], [ 71.464402, 35.794715 ], [ 71.431019, 35.843705 ], [ 71.416705, 35.858846 ], [ 71.371333, 35.885149 ], [ 71.360688, 35.90029 ], [ 71.356399, 35.933053 ], [ 71.341567, 35.947264 ], [ 71.312525, 35.957393 ], [ 71.28431, 35.962457 ], [ 71.257438, 35.971552 ], [ 71.23191, 35.99398 ], [ 71.217854, 36.002713 ], [ 71.181887, 36.018836 ], [ 71.170932, 36.027001 ], [ 71.169913, 36.030802 ], [ 71.165919, 36.045708 ], [ 71.175376, 36.061159 ], [ 71.207622, 36.087617 ], [ 71.212635, 36.096816 ], [ 71.217699, 36.118055 ], [ 71.223073, 36.125393 ], [ 71.262296, 36.146115 ], [ 71.292682, 36.157897 ], [ 71.302087, 36.163323 ], [ 71.309011, 36.172729 ], [ 71.313972, 36.194019 ], [ 71.31914, 36.200582 ], [ 71.382443, 36.218566 ], [ 71.402752, 36.231381 ], [ 71.479078, 36.300524 ], [ 71.495822, 36.309619 ], [ 71.514632, 36.315201 ], [ 71.53892, 36.319283 ], [ 71.55835, 36.327861 ], [ 71.552666, 36.340987 ], [ 71.542227, 36.356387 ], [ 71.547188, 36.371631 ], [ 71.572303, 36.391682 ], [ 71.580364, 36.402327 ], [ 71.588736, 36.41845 ], [ 71.600725, 36.449301 ], [ 71.61044, 36.457931 ], [ 71.629147, 36.459533 ], [ 71.649301, 36.452763 ], [ 71.706868, 36.421447 ], [ 71.736324, 36.395919 ], [ 71.751, 36.391113 ], [ 71.766916, 36.391837 ], [ 71.782626, 36.396539 ], [ 71.794408, 36.407598 ], [ 71.791514, 36.421292 ], [ 71.774564, 36.448422 ], [ 71.773221, 36.480048 ], [ 71.793788, 36.490745 ], [ 71.85859, 36.494156 ], [ 71.874713, 36.499065 ], [ 71.887632, 36.508005 ], [ 71.899725, 36.518341 ], [ 71.913471, 36.527591 ], [ 71.960909, 36.549605 ], [ 71.977033, 36.563041 ], [ 71.997806, 36.572446 ], [ 72.038838, 36.580456 ], [ 72.054961, 36.592858 ], [ 72.056304, 36.601901 ], [ 72.05217, 36.610376 ], [ 72.050413, 36.618645 ], [ 72.059095, 36.627119 ], [ 72.070877, 36.632287 ], [ 72.096095, 36.638902 ], [ 72.154179, 36.645465 ], [ 72.171646, 36.653629 ], [ 72.164618, 36.670063 ], [ 72.149632, 36.689338 ], [ 72.153456, 36.702102 ], [ 72.169682, 36.711352 ], [ 72.213607, 36.726442 ], [ 72.301974, 36.74272 ], [ 72.346209, 36.74489 ], [ 72.387343, 36.755794 ], [ 72.433129, 36.753417 ], [ 72.454109, 36.757964 ], [ 72.516741, 36.800597 ], [ 72.565214, 36.820596 ], [ 72.629602, 36.832947 ], [ 72.695852, 36.836719 ], [ 72.779361, 36.826797 ], [ 72.867727, 36.830415 ], [ 72.896873, 36.836977 ], [ 72.921058, 36.847364 ], [ 72.945862, 36.852222 ], [ 72.976765, 36.842093 ], [ 72.990511, 36.841577 ], [ 73.002293, 36.846124 ], [ 73.026271, 36.859457 ], [ 73.042497, 36.864263 ], [ 73.191842, 36.877027 ], [ 73.223468, 36.874339 ], [ 73.252717, 36.868035 ], [ 73.267496, 36.866536 ], [ 73.281862, 36.867983 ], [ 73.331782, 36.882091 ], [ 73.379738, 36.879249 ], [ 73.445883, 36.886483 ], [ 73.476889, 36.882866 ], [ 73.509342, 36.87868 ], [ 73.640083, 36.896638 ], [ 73.709483, 36.894221 ], [ 73.711128, 36.894164 ], [ 73.711335, 36.894157 ], [ 73.711842, 36.894139 ], [ 73.772892, 36.892013 ], [ 73.834077, 36.882866 ], [ 73.865083, 36.872582 ], [ 73.946938, 36.83088 ], [ 73.976704, 36.824833 ], [ 74.006366, 36.815738 ], [ 74.035305, 36.815583 ], [ 74.094319, 36.831241 ], [ 74.103931, 36.841318 ], [ 74.108789, 36.875631 ], [ 74.1153, 36.889532 ], [ 74.129666, 36.898421 ], [ 74.145996, 36.901702 ], [ 74.211728, 36.895139 ], [ 74.235706, 36.902167 ], [ 74.284592, 36.934232 ], [ 74.368101, 36.976762 ], [ 74.394043, 36.994022 ], [ 74.43559, 37.003221 ], [ 74.456984, 37.004383 ], [ 74.476622, 36.999319 ], [ 74.480342, 36.996916 ], [ 74.48365, 36.99397 ], [ 74.501736, 36.972421 ], [ 74.521373, 36.958495 ], [ 74.537393, 36.962241 ], [ 74.544214, 36.994022 ], [ 74.548142, 37.001644 ], [ 74.549279, 37.008931 ], [ 74.547418, 37.015675 ], [ 74.542354, 37.021669 ], [ 74.561784, 37.029679 ], [ 74.62607, 37.042753 ], [ 74.66245, 37.054484 ], [ 74.677953, 37.051693 ], [ 74.692216, 37.03588 ], [ 74.719191, 37.01645 ], [ 74.792571, 37.015158 ], [ 74.824301, 36.994125 ], [ 74.824507, 36.994125 ], [ 74.853239, 36.958985 ], [ 74.860887, 36.946893 ], [ 74.866779, 36.916559 ], [ 74.87236, 36.907102 ], [ 74.885796, 36.911443 ], [ 74.891997, 36.920977 ], [ 74.900782, 36.949916 ], [ 74.910497, 36.962551 ], [ 74.924966, 36.970871 ], [ 74.94233, 36.976995 ], [ 74.976849, 36.984281 ], [ 75.01447, 36.984488 ], [ 75.100149, 36.994125 ], [ 75.118546, 36.991232 ], [ 75.132809, 36.984695 ], [ 75.161231, 36.964205 ], [ 75.195131, 36.948883 ], [ 75.31347, 36.928755 ], [ 75.351297, 36.915784 ], [ 75.377962, 36.894287 ], [ 75.394498, 36.864263 ], [ 75.401423, 36.825867 ], [ 75.403387, 36.784784 ], [ 75.410518, 36.747319 ], [ 75.431912, 36.722928 ], [ 75.49258, 36.720705 ], [ 75.498885, 36.72763 ], [ 75.501882, 36.737965 ], [ 75.50798, 36.747629 ], [ 75.570508, 36.766749 ], [ 75.64978, 36.754037 ], [ 75.728741, 36.723186 ], [ 75.790547, 36.687839 ], [ 75.849768, 36.644741 ], [ 75.874779, 36.619471 ], [ 75.976582, 36.462633 ], [ 75.976811, 36.461756 ], [ 75.981083, 36.445444 ], [ 75.987434, 36.421189 ] ] ], [ [ [ 67.390391, 24.049262 ], [ 67.413259, 24.048774 ], [ 67.458018, 24.06273 ], [ 67.477794, 24.051215 ], [ 67.485362, 24.048529 ], [ 67.485281, 24.048489 ], [ 67.46518, 24.040595 ], [ 67.460785, 24.026679 ], [ 67.453949, 24.013414 ], [ 67.426931, 24.007514 ], [ 67.409434, 24.013495 ], [ 67.393403, 24.028062 ], [ 67.385427, 24.040188 ], [ 67.381521, 24.04621 ], [ 67.375499, 24.06273 ], [ 67.390391, 24.049262 ] ] ] ] } },
{ "type": "Feature", "properties": { "ADMIN": "Afghanistan", "SOVEREIGNT": "Afghanistan", "TYPE": "Sovereign country", "NAME": "Afghanistan", "ISO_A3": "AFG" }, "geometry": { "type": "Polygon", "coordinates": [ [ [ 74.547418, 37.015675 ], [ 74.549279, 37.008931 ], [ 74.548142, 37.001644 ], [ 74.544214, 36.994022 ], [ 74.537393, 36.962241 ], [ 74.521373, 36.958495 ], [ 74.501736, 36.972421 ], [ 74.48365, 36.99397 ], [ 74.480342, 36.996916 ], [ 74.476622, 36.999319 ], [ 74.456984, 37.004383 ], [ 74.43559, 37.003221 ], [ 74.394043, 36.994022 ], [ 74.368101, 36.976762 ], [ 74.284592, 36.934232 ], [ 74.235706, 36.902167 ], [ 74.211728, 36.895139 ], [ 74.145996, 36.901702 ], [ 74.129666, 36.898421 ], [ 74.1153, 36.889532 ], [ 74.108789, 36.875631 ], [ 74.103931, 36.841318 ], [ 74.094319, 36.831241 ], [ 74.035305, 36.815583 ], [ 74.006366, 36.815738 ], [ 73.976704, 36.824833 ], [ 73.946938, 36.83088 ], [ 73.865083, 36.872582 ], [ 73.834077, 36.882866 ], [ 73.772892, 36.892013 ], [ 73.711842, 36.894139 ], [ 73.711335, 36.894157 ], [ 73.711128, 36.894164 ], [ 73.709483, 36.894221 ], [ 73.640083, 36.896638 ], [ 73.509342, 36.87868 ], [ 73.476889, 36.882866 ], [ 73.445883, 36.886483 ], [ 73.379738, 36.879249 ], [ 73.331782, 36.882091 ], [ 73.281862, 36.867983 ], [ 73.267496, 36.866536 ], [ 73.252717, 36.868035 ], [ 73.223468, 36.874339 ], [ 73.191842, 36.877027 ], [ 73.042497, 36.864263 ], [ 73.026271, 36.859457 ], [ 73.002293, 36.846124 ], [ 72.990511, 36.841577 ], [ 72.976765, 36.842093 ], [ 72.945862, 36.852222 ], [ 72.921058, 36.847364 ], [ 72.896873, 36.836977 ], [ 72.867727, 36.830415 ], [ 72.779361, 36.826797 ], [ 72.695852, 36.836719 ], [ 72.629602, 36.832947 ], [ 72.565214, 36.820596 ], [ 72.516741, 36.800597 ], [ 72.454109, 36.757964 ], [ 72.433129, 36.753417 ], [ 72.387343, 36.755794 ], [ 72.346209, 36.74489 ], [ 72.301974, 36.74272 ], [ 72.213607, 36.726442 ], [ 72.169682, 36.711352 ], [ 72.153456, 36.702102 ], [ 72.149632, 36.689338 ], [ 72.164618, 36.670063 ], [ 72.171646, 36.653629 ], [ 72.154179, 36.645465 ], [ 72.096095, 36.638902 ], [ 72.070877, 36.632287 ], [ 72.059095, 36.627119 ], [ 72.050413, 36.618645 ], [ 72.05217, 36.610376 ], [ 72.056304, 36.601901 ], [ 72.054961, 36.592858 ], [ 72.038838, 36.580456 ], [ 71.997806, 36.572446 ], [ 71.977033, 36.563041 ], [ 71.960909, 36.549605 ], [ 71.913471, 36.527591 ], [ 71.899725, 36.518341 ], [ 71.887632, 36.508005 ], [ 71.874713, 36.499065 ], [ 71.85859, 36.494156 ], [ 71.793788, 36.490745 ], [ 71.773221, 36.480048 ], [ 71.774564, 36.448422 ], [ 71.791514, 36.421292 ], [ 71.794408, 36.407598 ], [ 71.782626, 36.396539 ], [ 71.766916, 36.391837 ], [ 71.751, 36.391113 ], [ 71.736324, 36.395919 ], [ 71.706868, 36.421447 ], [ 71.649301, 36.452763 ], [ 71.629147, 36.459533 ], [ 71.61044, 36.457931 ], [ 71.600725, 36.449301 ], [ 71.588736, 36.41845 ], [ 71.580364, 36.402327 ], [ 71.572303, 36.391682 ], [ 71.547188, 36.371631 ], [ 71.542227, 36.356387 ], [ 71.552666, 36.340987 ], [ 71.55835, 36.327861 ], [ 71.53892, 36.319283 ], [ 71.514632, 36.315201 ], [ 71.495822, 36.309619 ], [ 71.479078, 36.300524 ], [ 71.402752, 36.231381 ], [ 71.382443, 36.218566 ], [ 71.31914, 36.200582 ], [ 71.313972, 36.194019 ], [ 71.309011, 36.172729 ], [ 71.302087, 36.163323 ], [ 71.292682, 36.157897 ], [ 71.262296, 36.146115 ], [ 71.223073, 36.125393 ], [ 71.217699, 36.118055 ], [ 71.212635, 36.096816 ], [ 71.207622, 36.087617 ], [ 71.175376, 36.061159 ], [ 71.165919, 36.045708 ], [ 71.169913, 36.030802 ], [ 71.170932, 36.027001 ], [ 71.181887, 36.018836 ], [ 71.217854, 36.002713 ], [ 71.23191, 35.99398 ], [ 71.257438, 35.971552 ], [ 71.28431, 35.962457 ], [ 71.312525, 35.957393 ], [ 71.341567, 35.947264 ], [ 71.356399, 35.933053 ], [ 71.360688, 35.90029 ], [ 71.371333, 35.885149 ], [ 71.416705, 35.858846 ], [ 71.431019, 35.843705 ], [ 71.464402, 35.794715 ], [ 71.470914, 35.779936 ], [ 71.47205, 35.769962 ], [ 71.471017, 35.761333 ], [ 71.47112, 35.752289 ], [ 71.475564, 35.741024 ], [ 71.481352, 35.734099 ], [ 71.496132, 35.724591 ], [ 71.502746, 35.719061 ], [ 71.515355, 35.701491 ], [ 71.519799, 35.683766 ], [ 71.514012, 35.665576 ], [ 71.495925, 35.646611 ], [ 71.483316, 35.62656 ], [ 71.492721, 35.609559 ], [ 71.512771, 35.596278 ], [ 71.567859, 35.574212 ], [ 71.584188, 35.564187 ], [ 71.59349, 35.549356 ], [ 71.59287, 35.530184 ], [ 71.586049, 35.512097 ], [ 71.581708, 35.493132 ], [ 71.587806, 35.470911 ], [ 71.593422, 35.464194 ], [ 71.600725, 35.45546 ], [ 71.613954, 35.443212 ], [ 71.622429, 35.429621 ], [ 71.620879, 35.410139 ], [ 71.61106, 35.395463 ], [ 71.562277, 35.360582 ], [ 71.531582, 35.327922 ], [ 71.529825, 35.300895 ], [ 71.547808, 35.275626 ], [ 71.603205, 35.223381 ], [ 71.633694, 35.203124 ], [ 71.637932, 35.189688 ], [ 71.62925, 35.170102 ], [ 71.604135, 35.138166 ], [ 71.534992, 35.098582 ], [ 71.508947, 35.072021 ], [ 71.5075, 35.028199 ], [ 71.512978, 35.018122 ], [ 71.511325, 35.008717 ], [ 71.504297, 35.000604 ], [ 71.493444, 34.994144 ], [ 71.493341, 34.994144 ], [ 71.493341, 34.994041 ], [ 71.485383, 34.983499 ], [ 71.476701, 34.960296 ], [ 71.46957, 34.949702 ], [ 71.459958, 34.942674 ], [ 71.445239, 34.937757 ], [ 71.324928, 34.897561 ], [ 71.289478, 34.87503 ], [ 71.270822, 34.844283 ], [ 71.25563, 34.810228 ], [ 71.203075, 34.748164 ], [ 71.189535, 34.737054 ], [ 71.150933, 34.720311 ], [ 71.080601, 34.672923 ], [ 71.070163, 34.661245 ], [ 71.068768, 34.645948 ], [ 71.076261, 34.623624 ], [ 71.079878, 34.602902 ], [ 71.076571, 34.578511 ], [ 71.065822, 34.55846 ], [ 71.047529, 34.551122 ], [ 71.006963, 34.556341 ], [ 70.985827, 34.556186 ], [ 70.983356, 34.555256 ], [ 70.96867, 34.549727 ], [ 70.956991, 34.532002 ], [ 70.955648, 34.510014 ], [ 70.961229, 34.487612 ], [ 70.970841, 34.468879 ], [ 70.991511, 34.443067 ], [ 71.01983, 34.414438 ], [ 71.050939, 34.389788 ], [ 71.122046, 34.356819 ], [ 71.126387, 34.332221 ], [ 71.097086, 34.262458 ], [ 71.09688, 34.244345 ], [ 71.106543, 34.209386 ], [ 71.109489, 34.189206 ], [ 71.108093, 34.165228 ], [ 71.101789, 34.151818 ], [ 71.073884, 34.125257 ], [ 71.062773, 34.10531 ], [ 71.063858, 34.088928 ], [ 71.067269, 34.073012 ], [ 71.062618, 34.054253 ], [ 71.046702, 34.041877 ], [ 70.997712, 34.033324 ], [ 70.977145, 34.027407 ], [ 70.965725, 34.013816 ], [ 70.953994, 34.004825 ], [ 70.939731, 34.000923 ], [ 70.921231, 34.002241 ], [ 70.894308, 34.009372 ], [ 70.884334, 34.007047 ], [ 70.879994, 33.994257 ], [ 70.862217, 33.964775 ], [ 70.791317, 33.953562 ], [ 70.656183, 33.95475 ], [ 70.521979, 33.938705 ], [ 70.49149, 33.939609 ], [ 70.408963, 33.954414 ], [ 70.328193, 33.957282 ], [ 70.309899, 33.961675 ], [ 70.275586, 33.97617 ], [ 70.218845, 33.980692 ], [ 70.002838, 34.043789 ], [ 69.969093, 34.045727 ], [ 69.916021, 34.038879 ], [ 69.889253, 34.031206 ], [ 69.872613, 34.017227 ], [ 69.870443, 34.001337 ], [ 69.873853, 33.986325 ], [ 69.871993, 33.971519 ], [ 69.854216, 33.956352 ], [ 69.841091, 33.941805 ], [ 69.847188, 33.926948 ], [ 69.876489, 33.902557 ], [ 69.885429, 33.889457 ], [ 69.898761, 33.851501 ], [ 69.907546, 33.83561 ], [ 69.931318, 33.806439 ], [ 69.940103, 33.791479 ], [ 69.947234, 33.771971 ], [ 69.957518, 33.752695 ], [ 69.972659, 33.744841 ], [ 69.996478, 33.742091 ], [ 70.011829, 33.740319 ], [ 70.065573, 33.721018 ], [ 70.108154, 33.727296 ], [ 70.118128, 33.716522 ], [ 70.126551, 33.676964 ], [ 70.132546, 33.661435 ], [ 70.136886, 33.656293 ], [ 70.145981, 33.649885 ], [ 70.162518, 33.643245 ], [ 70.170218, 33.638671 ], [ 70.174093, 33.632108 ], [ 70.173473, 33.607872 ], [ 70.153009, 33.544749 ], [ 70.151356, 33.525862 ], [ 70.154973, 33.506612 ], [ 70.163758, 33.488655 ], [ 70.177607, 33.47341 ], [ 70.185462, 33.468966 ], [ 70.213368, 33.461344 ], [ 70.220447, 33.456021 ], [ 70.227837, 33.43995 ], [ 70.233005, 33.432612 ], [ 70.285715, 33.382873 ], [ 70.301579, 33.35179 ], [ 70.294448, 33.318949 ], [ 70.124794, 33.199034 ], [ 70.105364, 33.18981 ], [ 70.08366, 33.191283 ], [ 70.059785, 33.198052 ], [ 70.048003, 33.194073 ], [ 70.014517, 33.140769 ], [ 70.006869, 33.131803 ], [ 69.994725, 33.127333 ], [ 69.965734, 33.1294 ], [ 69.955812, 33.127695 ], [ 69.880933, 33.089248 ], [ 69.838713, 33.086664 ], [ 69.771844, 33.114776 ], [ 69.732983, 33.109298 ], [ 69.68601, 33.080773 ], [ 69.667768, 33.077 ], [ 69.658776, 33.078421 ], [ 69.650198, 33.081858 ], [ 69.640689, 33.084235 ], [ 69.60834, 33.079067 ], [ 69.587773, 33.079532 ], [ 69.547517, 33.075011 ], [ 69.514185, 33.056691 ], [ 69.487727, 33.028373 ], [ 69.478125, 33.01135 ], [ 69.468503, 32.994292 ], [ 69.48721, 32.885875 ], [ 69.477288, 32.856833 ], [ 69.471449, 32.852234 ], [ 69.445559, 32.835671 ], [ 69.421064, 32.80681 ], [ 69.387165, 32.785338 ], [ 69.376313, 32.771877 ], [ 69.37807, 32.752317 ], [ 69.383237, 32.744462 ], [ 69.39042, 32.737899 ], [ 69.399154, 32.732964 ], [ 69.407732, 32.729941 ], [ 69.414657, 32.725575 ], [ 69.41724, 32.718004 ], [ 69.419101, 32.70046 ], [ 69.429126, 32.667361 ], [ 69.426025, 32.655088 ], [ 69.413933, 32.635477 ], [ 69.361223, 32.568478 ], [ 69.34355, 32.55605 ], [ 69.302105, 32.543777 ], [ 69.281952, 32.532796 ], [ 69.251566, 32.50055 ], [ 69.232859, 32.462671 ], [ 69.228001, 32.421304 ], [ 69.238543, 32.378283 ], [ 69.264433, 32.322369 ], [ 69.268102, 32.301337 ], [ 69.266965, 32.279581 ], [ 69.259989, 32.236819 ], [ 69.259524, 32.194522 ], [ 69.251876, 32.15225 ], [ 69.251049, 32.13065 ], [ 69.270634, 32.035978 ], [ 69.302157, 31.959911 ], [ 69.304793, 31.94694 ], [ 69.301157, 31.941282 ], [ 69.29885, 31.93769 ], [ 69.250946, 31.907046 ], [ 69.223764, 31.881931 ], [ 69.114313, 31.737754 ], [ 69.10005, 31.724008 ], [ 69.084754, 31.715791 ], [ 69.071628, 31.69786 ], [ 69.040106, 31.673107 ], [ 69.004036, 31.651092 ], [ 68.977267, 31.641481 ], [ 68.94099, 31.643651 ], [ 68.906987, 31.634298 ], [ 68.843529, 31.606496 ], [ 68.803841, 31.602568 ], [ 68.77728, 31.618588 ], [ 68.731184, 31.675535 ], [ 68.705449, 31.70127 ], [ 68.697905, 31.715946 ], [ 68.694907, 31.756357 ], [ 68.688293, 31.768605 ], [ 68.675787, 31.774702 ], [ 68.61946, 31.783487 ], [ 68.561065, 31.811806 ], [ 68.527476, 31.822968 ], [ 68.5051, 31.822658 ], [ 68.481484, 31.815682 ], [ 68.438179, 31.796045 ], [ 68.418748, 31.783022 ], [ 68.422211, 31.773152 ], [ 68.439574, 31.766589 ], [ 68.461433, 31.763592 ], [ 68.521274, 31.764781 ], [ 68.540601, 31.762507 ], [ 68.5498, 31.753515 ], [ 68.536829, 31.741009 ], [ 68.515177, 31.729951 ], [ 68.49802, 31.725248 ], [ 68.460968, 31.730467 ], [ 68.356065, 31.762507 ], [ 68.316532, 31.765194 ], [ 68.276948, 31.763592 ], [ 68.255037, 31.766383 ], [ 68.242635, 31.776925 ], [ 68.2323, 31.790154 ], [ 68.206823, 31.807879 ], [ 68.184758, 31.818214 ], [ 68.159126, 31.825914 ], [ 68.138559, 31.824674 ], [ 68.125743, 31.811496 ], [ 68.104504, 31.76876 ], [ 68.09834, 31.759124 ], [ 68.093497, 31.751551 ], [ 68.060476, 31.725558 ], [ 68.055566, 31.716566 ], [ 68.052259, 31.695431 ], [ 68.046575, 31.688403 ], [ 67.994071, 31.663443 ], [ 67.977328, 31.651868 ], [ 67.966063, 31.638225 ], [ 67.955211, 31.633212 ], [ 67.914696, 31.631352 ], [ 67.884311, 31.635641 ], [ 67.870668, 31.635176 ], [ 67.842711, 31.623497 ], [ 67.781165, 31.564173 ], [ 67.74828, 31.544392 ], [ 67.726698, 31.53141 ], [ 67.696312, 31.520816 ], [ 67.665461, 31.518129 ], [ 67.600504, 31.53048 ], [ 67.568981, 31.52986 ], [ 67.556114, 31.512186 ], [ 67.5634, 31.497252 ], [ 67.578076, 31.48211 ], [ 67.591099, 31.464799 ], [ 67.59699, 31.42568 ], [ 67.611459, 31.410797 ], [ 67.631406, 31.4001 ], [ 67.651147, 31.395294 ], [ 67.734294, 31.404751 ], [ 67.770364, 31.394674 ], [ 67.775067, 31.352764 ], [ 67.764731, 31.334058 ], [ 67.749435, 31.328011 ], [ 67.709024, 31.329303 ], [ 67.692798, 31.325221 ], [ 67.678949, 31.316591 ], [ 67.665926, 31.306256 ], [ 67.602157, 31.271116 ], [ 67.583657, 31.265225 ], [ 67.530224, 31.256646 ], [ 67.493327, 31.242952 ], [ 67.433899, 31.236079 ], [ 67.364601, 31.210706 ], [ 67.346204, 31.20776 ], [ 67.282177, 31.212773 ], [ 67.230294, 31.210603 ], [ 67.213757, 31.212256 ], [ 67.19319, 31.218509 ], [ 67.156707, 31.235924 ], [ 67.136759, 31.241092 ], [ 67.116864, 31.240316 ], [ 67.078468, 31.232048 ], [ 67.058211, 31.232358 ], [ 67.035267, 31.235924 ], [ 67.022865, 31.239386 ], [ 67.015268, 31.244657 ], [ 67.013873, 31.252667 ], [ 67.017904, 31.258713 ], [ 67.023433, 31.264863 ], [ 67.025965, 31.273028 ], [ 67.023898, 31.2953 ], [ 67.016818, 31.309149 ], [ 67.002091, 31.315867 ], [ 66.943283, 31.314731 ], [ 66.905921, 31.305532 ], [ 66.838483, 31.277007 ], [ 66.808614, 31.254734 ], [ 66.785308, 31.23179 ], [ 66.759522, 31.214788 ], [ 66.721281, 31.210292 ], [ 66.696993, 31.195823 ], [ 66.663093, 31.083117 ], [ 66.643973, 31.060172 ], [ 66.550025, 30.976973 ], [ 66.527494, 30.968343 ], [ 66.392309, 30.944624 ], [ 66.375359, 30.936717 ], [ 66.366264, 30.922868 ], [ 66.267975, 30.601389 ], [ 66.264926, 30.557826 ], [ 66.281928, 30.518138 ], [ 66.306113, 30.491112 ], [ 66.313761, 30.478296 ], [ 66.319393, 30.457832 ], [ 66.321822, 30.437368 ], [ 66.303012, 30.305283 ], [ 66.305286, 30.24477 ], [ 66.300893, 30.225598 ], [ 66.236349, 30.1116 ], [ 66.221725, 30.073721 ], [ 66.219296, 30.057856 ], [ 66.225239, 30.04442 ], [ 66.260431, 30.02313 ], [ 66.301565, 29.98675 ], [ 66.332364, 29.966079 ], [ 66.340529, 29.956571 ], [ 66.336808, 29.952023 ], [ 66.328437, 29.949543 ], [ 66.322442, 29.946545 ], [ 66.301772, 29.915694 ], [ 66.27521, 29.885154 ], [ 66.195628, 29.835338 ], [ 66.110466, 29.813634 ], [ 66.052381, 29.798854 ], [ 65.994297, 29.784023 ], [ 65.936109, 29.769295 ], [ 65.878232, 29.75449 ], [ 65.820147, 29.739736 ], [ 65.762063, 29.724905 ], [ 65.70403, 29.710151 ], [ 65.645843, 29.695346 ], [ 65.58781, 29.680567 ], [ 65.529726, 29.665736 ], [ 65.471745, 29.650956 ], [ 65.413661, 29.636177 ], [ 65.355783, 29.621423 ], [ 65.297595, 29.606644 ], [ 65.239511, 29.591838 ], [ 65.181427, 29.57711 ], [ 65.036371, 29.540162 ], [ 64.986606, 29.541557 ], [ 64.820312, 29.567886 ], [ 64.683886, 29.568816 ], [ 64.499477, 29.570203 ], [ 64.477697, 29.570367 ], [ 64.207739, 29.499983 ], [ 64.172599, 29.4843 ], [ 64.149758, 29.458461 ], [ 64.113378, 29.396295 ], [ 64.086093, 29.386605 ], [ 63.971991, 29.429574 ], [ 63.78792, 29.46058 ], [ 63.568605, 29.497477 ], [ 63.415953, 29.484971 ], [ 63.366809, 29.480941 ], [ 63.317768, 29.47691 ], [ 63.268675, 29.472879 ], [ 63.219686, 29.468797 ], [ 63.170697, 29.464766 ], [ 63.121604, 29.460787 ], [ 63.072615, 29.456756 ], [ 63.023626, 29.452674 ], [ 62.974533, 29.448643 ], [ 62.925544, 29.444638 ], [ 62.876451, 29.440581 ], [ 62.827462, 29.436602 ], [ 62.778421, 29.43252 ], [ 62.72938, 29.428489 ], [ 62.680391, 29.424458 ], [ 62.63135, 29.420428 ], [ 62.602581, 29.41807 ], [ 62.477509, 29.407819 ], [ 62.374466, 29.424872 ], [ 62.279433, 29.451485 ], [ 62.196286, 29.47492 ], [ 62.112983, 29.498226 ], [ 62.029629, 29.521636 ], [ 61.946534, 29.545045 ], [ 61.863231, 29.568351 ], [ 61.779929, 29.591787 ], [ 61.696626, 29.615196 ], [ 61.613427, 29.638502 ], [ 61.530228, 29.66186 ], [ 61.446926, 29.685321 ], [ 61.363727, 29.708627 ], [ 61.280424, 29.732011 ], [ 61.197225, 29.755343 ], [ 61.114026, 29.778726 ], [ 61.030621, 29.802161 ], [ 60.947422, 29.825519 ], [ 60.876005, 29.845518 ], [ 60.844379, 29.858179 ], [ 60.902153, 29.916883 ], [ 60.978117, 29.994139 ], [ 60.978427, 29.994398 ], [ 61.133043, 30.154285 ], [ 61.215622, 30.239706 ], [ 61.272156, 30.298307 ], [ 61.380367, 30.41029 ], [ 61.461705, 30.494522 ], [ 61.57622, 30.613895 ], [ 61.702621, 30.745515 ], [ 61.7852, 30.831401 ], [ 61.802253, 30.847059 ], [ 61.799773, 30.852381 ], [ 61.798429, 30.853467 ], [ 61.799876, 30.871502 ], [ 61.802356, 30.87853 ], [ 61.808351, 30.881424 ], [ 61.804527, 30.94974 ], [ 61.800186, 30.961419 ], [ 61.819306, 30.993923 ], [ 61.826438, 31.014956 ], [ 61.826334, 31.034593 ], [ 61.821477, 31.054488 ], [ 61.809281, 31.087148 ], [ 61.791814, 31.118929 ], [ 61.789334, 31.129315 ], [ 61.78768, 31.158616 ], [ 61.779205, 31.181095 ], [ 61.752437, 31.219129 ], [ 61.742722, 31.239541 ], [ 61.742308, 31.259437 ], [ 61.749233, 31.30238 ], [ 61.742308, 31.32088 ], [ 61.706548, 31.359844 ], [ 61.686911, 31.373177 ], [ 61.661176, 31.38191 ], [ 61.606259, 31.388741 ], [ 61.490851, 31.403097 ], [ 61.29479, 31.427644 ], [ 61.125149, 31.448887 ], [ 61.123535, 31.449089 ], [ 60.956, 31.47007 ], [ 60.855024, 31.482731 ], [ 60.821744, 31.494668 ], [ 60.809962, 31.588357 ], [ 60.794976, 31.636675 ], [ 60.792599, 31.660084 ], [ 60.805311, 31.733981 ], [ 60.791462, 31.826534 ], [ 60.789292, 31.874955 ], [ 60.796733, 31.93676 ], [ 60.794976, 31.958464 ], [ 60.791049, 31.969161 ], [ 60.786088, 31.978979 ], [ 60.784021, 31.989263 ], [ 60.792599, 32.011277 ], [ 60.786708, 32.01691 ], [ 60.778336, 32.021044 ], [ 60.774926, 32.027194 ], [ 60.782677, 32.042541 ], [ 60.808825, 32.07117 ], [ 60.81482, 32.087862 ], [ 60.828256, 32.167443 ], [ 60.830323, 32.248885 ], [ 60.79632, 32.355907 ], [ 60.752291, 32.494581 ], [ 60.711674, 32.61031 ], [ 60.67488, 32.715601 ], [ 60.64005, 32.815517 ], [ 60.60615, 32.912359 ], [ 60.577522, 32.994344 ], [ 60.562949, 33.058268 ], [ 60.561502, 33.137307 ], [ 60.5676, 33.151285 ], [ 60.615969, 33.206191 ], [ 60.670332, 33.267712 ], [ 60.719012, 33.323032 ], [ 60.757046, 33.366337 ], [ 60.785881, 33.387782 ], [ 60.818644, 33.404887 ], [ 60.829082, 33.416282 ], [ 60.834664, 33.436255 ], [ 60.832803, 33.453463 ], [ 60.829289, 33.470129 ], [ 60.832183, 33.484495 ], [ 60.849856, 33.494365 ], [ 60.897295, 33.497026 ], [ 60.912075, 33.501522 ], [ 60.919788, 33.512571 ], [ 60.92086, 33.514105 ], [ 60.911971, 33.528446 ], [ 60.895125, 33.541132 ], [ 60.879622, 33.548703 ], [ 60.846032, 33.555782 ], [ 60.807378, 33.558159 ], [ 60.733894, 33.554852 ], [ 60.655553, 33.559891 ], [ 60.574834, 33.587796 ], [ 60.511789, 33.638387 ], [ 60.486881, 33.71138 ], [ 60.494943, 33.744117 ], [ 60.525845, 33.80215 ], [ 60.528016, 33.84145 ], [ 60.499387, 33.994257 ], [ 60.488461, 34.080927 ], [ 60.486778, 34.094277 ], [ 60.492772, 34.139028 ], [ 60.520884, 34.186131 ], [ 60.552407, 34.220057 ], [ 60.587443, 34.250262 ], [ 60.634986, 34.271217 ], [ 60.650592, 34.28535 ], [ 60.643667, 34.306641 ], [ 60.714361, 34.310129 ], [ 60.815957, 34.315271 ], [ 60.890474, 34.318914 ], [ 60.879105, 34.337647 ], [ 60.804898, 34.417487 ], [ 60.789085, 34.44348 ], [ 60.77937, 34.455081 ], [ 60.767277, 34.464151 ], [ 60.742783, 34.473452 ], [ 60.733894, 34.480429 ], [ 60.725316, 34.504277 ], [ 60.718908, 34.51115 ], [ 60.71033, 34.515129 ], [ 60.699685, 34.516396 ], [ 60.714361, 34.537428 ], [ 60.739269, 34.548022 ], [ 60.794046, 34.554119 ], [ 60.818954, 34.559907 ], [ 60.838488, 34.570914 ], [ 60.883859, 34.613702 ], [ 60.888924, 34.62166 ], [ 60.895435, 34.628327 ], [ 60.908871, 34.634683 ], [ 60.922824, 34.636543 ], [ 60.935846, 34.635665 ], [ 60.947525, 34.63799 ], [ 60.957964, 34.649411 ], [ 60.961994, 34.67375 ], [ 60.958687, 34.699589 ], [ 60.959927, 34.723205 ], [ 60.978014, 34.74062 ], [ 61.00964, 34.76098 ], [ 61.02907, 34.789712 ], [ 61.034755, 34.806249 ], [ 61.06545, 34.814724 ], [ 61.073409, 34.847693 ], [ 61.077749, 34.88304 ], [ 61.077026, 34.891721 ], [ 61.072582, 34.910325 ], [ 61.071548, 34.920557 ], [ 61.074752, 34.933114 ], [ 61.088912, 34.951925 ], [ 61.092012, 34.961485 ], [ 61.095319, 34.981018 ], [ 61.109892, 35.018535 ], [ 61.115887, 35.059877 ], [ 61.123121, 35.074191 ], [ 61.147306, 35.102096 ], [ 61.136764, 35.111191 ], [ 61.135214, 35.119408 ], [ 61.137901, 35.128296 ], [ 61.139865, 35.139665 ], [ 61.137074, 35.143902 ], [ 61.101521, 35.183228 ], [ 61.096353, 35.193202 ], [ 61.102347, 35.197698 ], [ 61.112373, 35.202038 ], [ 61.112786, 35.21165 ], [ 61.107929, 35.221262 ], [ 61.102347, 35.225603 ], [ 61.101624, 35.235318 ], [ 61.102451, 35.25666 ], [ 61.108342, 35.277951 ], [ 61.122708, 35.287666 ], [ 61.143999, 35.28808 ], [ 61.167873, 35.291387 ], [ 61.187097, 35.300379 ], [ 61.195055, 35.318104 ], [ 61.190404, 35.369573 ], [ 61.195055, 35.390089 ], [ 61.200843, 35.401148 ], [ 61.221823, 35.424247 ], [ 61.227301, 35.434479 ], [ 61.235983, 35.465847 ], [ 61.247041, 35.48507 ], [ 61.270503, 35.508428 ], [ 61.283835, 35.52729 ], [ 61.290036, 35.548064 ], [ 61.287556, 35.568269 ], [ 61.277014, 35.609197 ], [ 61.269676, 35.618499 ], [ 61.283318, 35.622633 ], [ 61.335718, 35.630901 ], [ 61.344193, 35.630901 ], [ 61.351531, 35.627801 ], [ 61.360936, 35.621031 ], [ 61.360109, 35.618395 ], [ 61.351531, 35.60713 ], [ 61.363934, 35.598242 ], [ 61.365484, 35.5985 ], [ 61.367654, 35.597983 ], [ 61.383467, 35.586459 ], [ 61.383881, 35.582119 ], [ 61.379953, 35.571318 ], [ 61.380263, 35.567339 ], [ 61.386878, 35.559536 ], [ 61.393182, 35.553593 ], [ 61.401244, 35.549821 ], [ 61.412613, 35.548322 ], [ 61.419309, 35.545891 ], [ 61.427702, 35.542845 ], [ 61.492711, 35.494165 ], [ 61.538703, 35.452307 ], [ 61.604746, 35.430603 ], [ 61.739621, 35.413757 ], [ 61.799049, 35.417478 ], [ 61.919352, 35.451842 ], [ 61.977746, 35.450912 ], [ 62.00746, 35.438923 ], [ 62.033815, 35.423989 ], [ 62.136341, 35.341358 ], [ 62.163885, 35.326165 ], [ 62.219023, 35.30627 ], [ 62.2337, 35.293764 ], [ 62.244345, 35.278055 ], [ 62.251218, 35.260381 ], [ 62.252613, 35.242811 ], [ 62.25096, 35.202349 ], [ 62.256851, 35.187156 ], [ 62.275713, 35.151034 ], [ 62.286203, 35.140647 ], [ 62.302016, 35.14752 ], [ 62.399323, 35.255937 ], [ 62.431879, 35.280638 ], [ 62.458905, 35.281879 ], [ 62.524586, 35.232166 ], [ 62.53549, 35.22736 ], [ 62.545515, 35.228032 ], [ 62.555437, 35.230409 ], [ 62.566186, 35.230771 ], [ 62.595641, 35.22059 ], [ 62.60453, 35.219402 ], [ 62.621066, 35.222709 ], [ 62.69362, 35.248392 ], [ 62.708606, 35.25604 ], [ 62.721628, 35.266427 ], [ 62.734238, 35.280742 ], [ 62.760489, 35.302446 ], [ 62.823063, 35.327514 ], [ 62.827565, 35.329318 ], [ 62.918206, 35.388177 ], [ 62.985282, 35.414584 ], [ 63.005539, 35.418408 ], [ 63.047087, 35.421353 ], [ 63.066827, 35.425591 ], [ 63.080211, 35.437063 ], [ 63.086257, 35.455666 ], [ 63.090495, 35.493545 ], [ 63.100727, 35.524964 ], [ 63.097213, 35.535455 ], [ 63.080573, 35.546514 ], [ 63.077369, 35.558761 ], [ 63.07494, 35.609817 ], [ 63.076646, 35.6247 ], [ 63.103156, 35.646042 ], [ 63.179895, 35.666455 ], [ 63.207697, 35.683198 ], [ 63.213588, 35.692293 ], [ 63.214415, 35.699269 ], [ 63.209351, 35.704488 ], [ 63.183926, 35.712343 ], [ 63.17726, 35.716891 ], [ 63.163255, 35.73229 ], [ 63.112044, 35.769911 ], [ 63.105688, 35.782882 ], [ 63.101295, 35.800555 ], [ 63.091322, 35.813319 ], [ 63.084397, 35.826083 ], [ 63.088634, 35.843395 ], [ 63.104086, 35.856469 ], [ 63.125273, 35.860241 ], [ 63.342934, 35.856262 ], [ 63.430216, 35.871042 ], [ 63.511089, 35.901841 ], [ 63.52592, 35.912693 ], [ 63.549588, 35.939048 ], [ 63.563438, 35.950623 ], [ 63.582093, 35.959047 ], [ 63.602298, 35.962664 ], [ 63.725702, 35.968865 ], [ 63.765906, 35.977288 ], [ 63.859854, 36.022092 ], [ 63.889826, 36.029637 ], [ 63.906327, 36.031732 ], [ 63.921969, 36.033719 ], [ 63.949977, 36.028861 ], [ 64.045114, 35.998734 ], [ 64.045579, 36.011291 ], [ 64.03638, 36.058575 ], [ 64.036225, 36.076404 ], [ 64.044648, 36.09232 ], [ 64.057258, 36.105239 ], [ 64.123352, 36.146064 ], [ 64.158698, 36.160275 ], [ 64.195905, 36.165907 ], [ 64.237143, 36.16043 ], [ 64.253731, 36.154849 ], [ 64.266134, 36.152471 ], [ 64.276056, 36.159241 ], [ 64.291869, 36.199445 ], [ 64.303651, 36.211538 ], [ 64.318947, 36.219754 ], [ 64.33724, 36.225955 ], [ 64.410879, 36.239856 ], [ 64.444572, 36.249985 ], [ 64.477697, 36.271637 ], [ 64.498161, 36.291429 ], [ 64.576657, 36.389615 ], [ 64.594382, 36.424186 ], [ 64.605855, 36.461083 ], [ 64.610505, 36.500926 ], [ 64.607767, 36.521648 ], [ 64.593711, 36.559837 ], [ 64.589008, 36.580249 ], [ 64.588801, 36.600454 ], [ 64.592005, 36.621073 ], [ 64.604821, 36.660554 ], [ 64.621357, 36.692593 ], [ 64.728549, 36.85057 ], [ 64.765225, 36.904622 ], [ 64.778764, 36.93847 ], [ 64.77463, 36.977589 ], [ 64.755613, 37.053631 ], [ 64.76016, 37.092621 ], [ 64.778764, 37.118046 ], [ 64.807909, 37.135512 ], [ 64.989087, 37.213673 ], [ 65.063088, 37.233232 ], [ 65.487922, 37.241997 ], [ 65.501407, 37.242276 ], [ 65.536857, 37.257107 ], [ 65.583159, 37.30806 ], [ 65.611271, 37.331056 ], [ 65.624087, 37.345138 ], [ 65.629461, 37.365421 ], [ 65.628893, 37.387538 ], [ 65.620986, 37.430404 ], [ 65.625741, 37.452805 ], [ 65.635766, 37.474096 ], [ 65.648168, 37.493837 ], [ 65.648272, 37.49394 ], [ 65.648323, 37.494147 ], [ 65.65871, 37.51027 ], [ 65.668839, 37.520553 ], [ 65.681034, 37.526393 ], [ 65.698294, 37.529416 ], [ 65.739429, 37.529054 ], [ 65.752658, 37.537865 ], [ 65.758859, 37.564117 ], [ 65.761443, 37.578379 ], [ 65.776532, 37.572902 ], [ 65.79648, 37.569336 ], [ 65.804334, 37.565305 ], [ 65.821078, 37.535178 ], [ 65.829087, 37.525618 ], [ 65.836064, 37.519158 ], [ 65.855184, 37.507944 ], [ 66.079666, 37.440868 ], [ 66.097856, 37.428414 ], [ 66.125607, 37.3987 ], [ 66.142918, 37.385058 ], [ 66.163072, 37.376893 ], [ 66.174648, 37.375498 ], [ 66.207721, 37.376893 ], [ 66.218469, 37.3748 ], [ 66.232525, 37.365421 ], [ 66.241879, 37.363302 ], [ 66.250848, 37.35965 ], [ 66.257743, 37.356842 ], [ 66.274383, 37.343277 ], [ 66.294434, 37.331211 ], [ 66.320685, 37.329144 ], [ 66.389622, 37.347179 ], [ 66.413496, 37.349633 ], [ 66.423625, 37.34568 ], [ 66.438663, 37.327904 ], [ 66.451065, 37.322943 ], [ 66.461452, 37.324441 ], [ 66.469927, 37.329764 ], [ 66.485223, 37.343406 ], [ 66.502896, 37.355654 ], [ 66.519588, 37.36418 ], [ 66.539018, 37.36909 ], [ 66.564598, 37.370692 ], [ 66.588576, 37.36847 ], [ 66.65467, 37.346145 ], [ 66.667021, 37.344311 ], [ 66.694099, 37.343406 ], [ 66.704745, 37.346533 ], [ 66.724433, 37.36015 ], [ 66.734975, 37.363302 ], [ 66.865768, 37.367927 ], [ 66.957649, 37.385213 ], [ 67.005915, 37.384386 ], [ 67.024105, 37.377487 ], [ 67.064102, 37.354569 ], [ 67.085083, 37.349633 ], [ 67.097382, 37.34059 ], [ 67.113918, 37.297182 ], [ 67.123324, 37.281963 ], [ 67.143477, 37.27186 ], [ 67.187816, 37.258244 ], [ 67.20797, 37.243464 ], [ 67.217995, 37.226256 ], [ 67.225281, 37.207704 ], [ 67.236753, 37.192408 ], [ 67.259129, 37.185147 ], [ 67.281453, 37.188661 ], [ 67.319591, 37.208428 ], [ 67.345222, 37.213027 ], [ 67.36951, 37.21468 ], [ 67.391163, 37.21959 ], [ 67.411265, 37.22791 ], [ 67.431108, 37.239769 ], [ 67.463975, 37.266279 ], [ 67.482371, 37.277364 ], [ 67.503145, 37.281963 ], [ 67.526141, 37.272894 ], [ 67.545003, 37.231527 ], [ 67.561385, 37.2199 ], [ 67.572185, 37.223155 ], [ 67.579937, 37.232664 ], [ 67.586034, 37.242612 ], [ 67.592287, 37.247185 ], [ 67.602726, 37.24827 ], [ 67.621794, 37.252921 ], [ 67.633163, 37.254058 ], [ 67.644635, 37.251216 ], [ 67.666443, 37.238012 ], [ 67.677502, 37.233542 ], [ 67.690162, 37.23225 ], [ 67.725871, 37.233542 ], [ 67.746593, 37.229408 ], [ 67.764266, 37.220882 ], [ 67.775997, 37.207549 ], [ 67.780544, 37.188868 ], [ 67.771966, 37.12497 ], [ 67.773051, 37.109984 ], [ 67.78535, 37.096548 ], [ 67.808036, 37.083241 ], [ 67.832893, 37.073087 ], [ 67.87811, 37.064431 ], [ 67.891959, 37.052029 ], [ 67.902501, 37.034381 ], [ 67.918417, 37.013814 ], [ 67.929269, 37.006244 ], [ 67.952937, 36.996244 ], [ 67.961825, 36.98994 ], [ 67.99619, 36.955782 ], [ 68.00203, 36.947487 ], [ 68.00606, 36.938677 ], [ 68.011125, 36.930874 ], [ 68.02022, 36.92568 ], [ 68.02482, 36.925518 ], [ 68.032725, 36.925241 ], [ 68.044714, 36.92922 ], [ 68.054946, 36.934646 ], [ 68.121092, 36.980276 ], [ 68.133391, 36.986529 ], [ 68.151995, 36.992782 ], [ 68.167963, 37.006089 ], [ 68.186411, 37.01831 ], [ 68.212559, 37.021256 ], [ 68.253746, 37.010223 ], [ 68.277775, 37.010068 ], [ 68.288317, 37.024408 ], [ 68.281599, 37.066472 ], [ 68.280772, 37.086652 ], [ 68.288317, 37.103214 ], [ 68.307282, 37.114221 ], [ 68.326661, 37.113033 ], [ 68.346091, 37.106909 ], [ 68.365832, 37.103214 ], [ 68.391877, 37.105437 ], [ 68.411462, 37.113369 ], [ 68.418025, 37.128277 ], [ 68.403711, 37.151635 ], [ 68.465774, 37.155356 ], [ 68.513316, 37.163986 ], [ 68.523858, 37.164658 ], [ 68.532747, 37.168999 ], [ 68.546544, 37.188222 ], [ 68.551453, 37.192615 ], [ 68.571401, 37.194708 ], [ 68.608814, 37.204087 ], [ 68.626901, 37.206257 ], [ 68.630777, 37.213828 ], [ 68.63641, 37.229925 ], [ 68.648605, 37.244369 ], [ 68.671239, 37.247185 ], [ 68.665452, 37.259381 ], [ 68.662661, 37.263721 ], [ 68.657545, 37.267675 ], [ 68.668862, 37.278294 ], [ 68.686949, 37.279018 ], [ 68.725913, 37.274522 ], [ 68.746532, 37.276227 ], [ 68.759606, 37.275245 ], [ 68.771285, 37.270724 ], [ 68.808492, 37.251629 ], [ 68.820378, 37.250906 ], [ 68.824615, 37.260621 ], [ 68.822031, 37.281963 ], [ 68.810197, 37.312091 ], [ 68.813815, 37.323408 ], [ 68.835829, 37.329144 ], [ 68.856758, 37.324906 ], [ 68.868023, 37.312142 ], [ 68.877015, 37.296097 ], [ 68.890296, 37.281963 ], [ 68.904714, 37.276692 ], [ 68.915824, 37.279069 ], [ 68.921147, 37.287958 ], [ 68.917633, 37.302427 ], [ 68.912982, 37.306768 ], [ 68.896755, 37.316483 ], [ 68.890296, 37.322943 ], [ 68.885077, 37.334828 ], [ 68.887867, 37.338135 ], [ 68.893655, 37.337154 ], [ 68.897169, 37.335965 ], [ 68.965433, 37.329144 ], [ 68.985225, 37.320359 ], [ 69.005483, 37.305528 ], [ 69.021037, 37.287958 ], [ 69.035765, 37.251577 ], [ 69.055609, 37.237108 ], [ 69.078398, 37.225171 ], [ 69.096433, 37.213027 ], [ 69.114313, 37.177473 ], [ 69.123615, 37.169205 ], [ 69.145732, 37.156958 ], [ 69.151003, 37.155046 ], [ 69.245675, 37.103886 ], [ 69.265777, 37.105411 ], [ 69.285621, 37.11293 ], [ 69.308617, 37.116882 ], [ 69.312079, 37.117477 ], [ 69.323913, 37.120991 ], [ 69.334765, 37.129053 ], [ 69.350836, 37.144142 ], [ 69.391196, 37.164658 ], [ 69.407732, 37.177473 ], [ 69.442148, 37.223621 ], [ 69.445197, 37.23641 ], [ 69.426852, 37.239459 ], [ 69.409851, 37.245661 ], [ 69.417912, 37.267675 ], [ 69.409696, 37.276744 ], [ 69.403081, 37.31116 ], [ 69.394606, 37.326069 ], [ 69.389439, 37.332916 ], [ 69.386441, 37.34152 ], [ 69.384891, 37.3509 ], [ 69.384478, 37.36015 ], [ 69.385821, 37.363147 ], [ 69.388508, 37.363767 ], [ 69.390885, 37.365317 ], [ 69.391196, 37.370692 ], [ 69.388302, 37.37511 ], [ 69.378948, 37.377125 ], [ 69.377036, 37.380665 ], [ 69.376313, 37.418854 ], [ 69.37838, 37.437406 ], [ 69.384478, 37.453271 ], [ 69.389645, 37.4588 ], [ 69.404011, 37.466861 ], [ 69.411711, 37.47252 ], [ 69.415587, 37.477507 ], [ 69.421788, 37.489496 ], [ 69.425405, 37.49425 ], [ 69.469744, 37.52014 ], [ 69.491448, 37.536986 ], [ 69.508656, 37.578973 ], [ 69.528655, 37.586027 ], [ 69.664977, 37.576157 ], [ 69.687301, 37.579594 ], [ 69.729573, 37.594089 ], [ 69.754274, 37.596673 ], [ 69.762232, 37.595794 ], [ 69.784453, 37.59042 ], [ 69.791843, 37.586105 ], [ 69.80223, 37.581506 ], [ 69.812668, 37.585846 ], [ 69.823004, 37.592952 ], [ 69.832926, 37.596673 ], [ 69.853286, 37.60122 ], [ 69.895247, 37.61817 ], [ 69.918812, 37.617137 ], [ 69.935245, 37.605664 ], [ 69.944547, 37.589696 ], [ 69.955399, 37.575485 ], [ 69.976586, 37.569336 ], [ 69.989505, 37.56732 ], [ 69.994673, 37.562256 ], [ 69.998497, 37.55559 ], [ 70.004187, 37.551371 ], [ 70.007592, 37.548846 ], [ 70.016894, 37.545978 ], [ 70.048003, 37.541431 ], [ 70.041698, 37.548846 ], [ 70.06919, 37.545203 ], [ 70.099059, 37.536573 ], [ 70.129135, 37.532284 ], [ 70.157867, 37.541431 ], [ 70.192697, 37.576028 ], [ 70.199415, 37.579284 ], [ 70.201947, 37.587991 ], [ 70.216468, 37.617137 ], [ 70.218432, 37.617447 ], [ 70.237655, 37.618118 ], [ 70.240963, 37.617137 ], [ 70.246079, 37.621271 ], [ 70.248301, 37.623338 ], [ 70.253934, 37.630805 ], [ 70.255225, 37.637471 ], [ 70.253882, 37.646592 ], [ 70.253572, 37.654576 ], [ 70.257706, 37.65809 ], [ 70.262564, 37.660881 ], [ 70.275121, 37.675479 ], [ 70.277033, 37.687985 ], [ 70.280547, 37.696046 ], [ 70.283079, 37.704831 ], [ 70.281891, 37.719559 ], [ 70.271762, 37.748705 ], [ 70.269592, 37.762632 ], [ 70.275121, 37.774181 ], [ 70.265561, 37.781209 ], [ 70.256517, 37.791803 ], [ 70.249851, 37.804877 ], [ 70.247164, 37.819166 ], [ 70.240343, 37.827563 ], [ 70.207476, 37.835624 ], [ 70.196004, 37.839914 ], [ 70.179158, 37.860791 ], [ 70.165205, 37.889911 ], [ 70.160503, 37.920658 ], [ 70.17213, 37.946083 ], [ 70.192232, 37.93288 ], [ 70.214711, 37.929262 ], [ 70.238121, 37.932363 ], [ 70.26153, 37.939287 ], [ 70.253675, 37.947401 ], [ 70.250161, 37.955617 ], [ 70.25042, 37.964144 ], [ 70.253934, 37.973394 ], [ 70.26091, 37.976469 ], [ 70.272692, 37.978174 ], [ 70.283751, 37.981869 ], [ 70.288712, 37.990809 ], [ 70.293776, 37.996106 ], [ 70.298583, 37.998134 ], [ 70.317961, 38.006312 ], [ 70.326281, 38.011273 ], [ 70.371187, 38.058298 ], [ 70.415371, 38.094523 ], [ 70.425964, 38.100647 ], [ 70.460071, 38.112248 ], [ 70.470303, 38.120517 ], [ 70.482602, 38.137363 ], [ 70.508543, 38.192502 ], [ 70.537947, 38.238055 ], [ 70.547197, 38.262653 ], [ 70.559393, 38.268182 ], [ 70.573036, 38.27105 ], [ 70.583061, 38.275081 ], [ 70.5966, 38.309187 ], [ 70.596703, 38.317585 ], [ 70.595566, 38.327791 ], [ 70.595773, 38.338178 ], [ 70.600011, 38.347066 ], [ 70.609312, 38.3512 ], [ 70.632102, 38.350115 ], [ 70.641352, 38.354197 ], [ 70.676698, 38.37492 ], [ 70.68476, 38.38665 ], [ 70.664865, 38.398639 ], [ 70.664865, 38.405409 ], [ 70.683313, 38.414581 ], [ 70.741811, 38.419439 ], [ 70.754213, 38.436466 ], [ 70.761086, 38.44352 ], [ 70.777261, 38.446466 ], [ 70.808887, 38.446362 ], [ 70.817982, 38.444993 ], [ 70.834105, 38.4406 ], [ 70.843045, 38.440161 ], [ 70.849814, 38.442823 ], [ 70.853587, 38.447422 ], [ 70.859323, 38.451659 ], [ 70.871002, 38.45321 ], [ 70.91224, 38.437655 ], [ 70.936217, 38.433004 ], [ 70.946759, 38.443236 ], [ 70.943452, 38.465948 ], [ 70.950739, 38.473053 ], [ 70.974045, 38.473673 ], [ 70.986809, 38.470909 ], [ 70.998229, 38.465664 ], [ 71.008564, 38.458584 ], [ 71.018641, 38.449825 ], [ 71.024584, 38.441918 ], [ 71.032956, 38.423651 ], [ 71.039467, 38.415331 ], [ 71.049802, 38.408664 ], [ 71.05714, 38.409026 ], [ 71.064943, 38.411817 ], [ 71.076984, 38.412178 ], [ 71.089386, 38.409853 ], [ 71.117395, 38.398639 ], [ 71.155946, 38.376212 ], [ 71.217699, 38.325827 ], [ 71.300123, 38.298697 ], [ 71.334384, 38.280662 ], [ 71.358156, 38.251258 ], [ 71.364512, 38.206816 ], [ 71.359086, 38.184105 ], [ 71.340947, 38.140929 ], [ 71.334539, 38.11168 ], [ 71.316039, 38.083284 ], [ 71.302397, 38.04233 ], [ 71.272631, 37.997992 ], [ 71.265913, 37.972541 ], [ 71.255785, 37.949881 ], [ 71.254544, 37.939287 ], [ 71.258265, 37.926472 ], [ 71.263536, 37.924353 ], [ 71.271184, 37.926187 ], [ 71.281829, 37.924999 ], [ 71.31976, 37.900582 ], [ 71.341154, 37.893295 ], [ 71.360998, 37.902029 ], [ 71.379188, 37.912932 ], [ 71.501196, 37.946212 ], [ 71.537059, 37.944455 ], [ 71.567342, 37.928074 ], [ 71.597727, 37.89836 ], [ 71.590286, 37.891435 ], [ 71.593387, 37.879343 ], [ 71.59504, 37.857535 ], [ 71.594214, 37.833764 ], [ 71.590286, 37.815729 ], [ 71.57468, 37.798004 ], [ 71.537783, 37.779039 ], [ 71.529515, 37.761133 ], [ 71.531168, 37.751754 ], [ 71.540263, 37.730515 ], [ 71.542537, 37.719559 ], [ 71.540883, 37.709715 ], [ 71.529515, 37.67858 ], [ 71.52476, 37.647729 ], [ 71.522073, 37.637626 ], [ 71.517216, 37.629229 ], [ 71.505123, 37.616 ], [ 71.501506, 37.610341 ], [ 71.497165, 37.566545 ], [ 71.511221, 37.485878 ], [ 71.501506, 37.445777 ], [ 71.490241, 37.423376 ], [ 71.48714, 37.409087 ], [ 71.494685, 37.370692 ], [ 71.496545, 37.328524 ], [ 71.493858, 37.307543 ], [ 71.487863, 37.294986 ], [ 71.487037, 37.267055 ], [ 71.45014, 37.21667 ], [ 71.453757, 37.192615 ], [ 71.446832, 37.183597 ], [ 71.441045, 37.16843 ], [ 71.43319, 37.127347 ], [ 71.431123, 37.066989 ], [ 71.43319, 37.054742 ], [ 71.439184, 37.044097 ], [ 71.456444, 37.022548 ], [ 71.459958, 37.010739 ], [ 71.459958, 36.969786 ], [ 71.463059, 36.948082 ], [ 71.47174, 36.930047 ], [ 71.528481, 36.856149 ], [ 71.538506, 36.836099 ], [ 71.545328, 36.790004 ], [ 71.552872, 36.769591 ], [ 71.563931, 36.750678 ], [ 71.577367, 36.733263 ], [ 71.61106, 36.704841 ], [ 71.653021, 36.687012 ], [ 71.699943, 36.678641 ], [ 71.748519, 36.678641 ], [ 71.797612, 36.686082 ], [ 71.836576, 36.699156 ], [ 72.126687, 36.872738 ], [ 72.152836, 36.895708 ], [ 72.186839, 36.911392 ], [ 72.195934, 36.918988 ], [ 72.210403, 36.93661 ], [ 72.220325, 36.94555 ], [ 72.259806, 36.967305 ], [ 72.360988, 37.000275 ], [ 72.405947, 37.007665 ], [ 72.474987, 36.997484 ], [ 72.50868, 37.011075 ], [ 72.657714, 37.028826 ], [ 72.666603, 37.038335 ], [ 72.672701, 37.05761 ], [ 72.714352, 37.109984 ], [ 72.760964, 37.187499 ], [ 72.79073, 37.220262 ], [ 72.83052, 37.239769 ], [ 72.877443, 37.246875 ], [ 72.902247, 37.2538 ], [ 72.924262, 37.274832 ], [ 72.995575, 37.3093 ], [ 73.067509, 37.315062 ], [ 73.087766, 37.326069 ], [ 73.099238, 37.339867 ], [ 73.116394, 37.369064 ], [ 73.132104, 37.384386 ], [ 73.170241, 37.40826 ], [ 73.179026, 37.410741 ], [ 73.200627, 37.404178 ], [ 73.211479, 37.40826 ], [ 73.260262, 37.450041 ], [ 73.276075, 37.459472 ], [ 73.296332, 37.464949 ], [ 73.32124, 37.467017 ], [ 73.345011, 37.464484 ], [ 73.361858, 37.456397 ], [ 73.378394, 37.452547 ], [ 73.440612, 37.479936 ], [ 73.485261, 37.480969 ], [ 73.605047, 37.445777 ], [ 73.6745, 37.43105 ], [ 73.717805, 37.431825 ], [ 73.753462, 37.428388 ], [ 73.747054, 37.403119 ], [ 73.745917, 37.394902 ], [ 73.74571, 37.352863 ], [ 73.739096, 37.338342 ], [ 73.722249, 37.322452 ], [ 73.704989, 37.310954 ], [ 73.690416, 37.305218 ], [ 73.651969, 37.302065 ], [ 73.630988, 37.295993 ], [ 73.609904, 37.281395 ], [ 73.597295, 37.261809 ], [ 73.601636, 37.24088 ], [ 73.617656, 37.233181 ], [ 73.659927, 37.243748 ], [ 73.680494, 37.242457 ], [ 73.688039, 37.236901 ], [ 73.702405, 37.221166 ], [ 73.709227, 37.217006 ], [ 73.719975, 37.217549 ], [ 73.736202, 37.227651 ], [ 73.746123, 37.230545 ], [ 73.768654, 37.228892 ], [ 73.783951, 37.225894 ], [ 73.798213, 37.22853 ], [ 73.836247, 37.256745 ], [ 73.856401, 37.261577 ], [ 73.899292, 37.265478 ], [ 73.95562, 37.286769 ], [ 73.976704, 37.290283 ], [ 74.052151, 37.312246 ], [ 74.163256, 37.330074 ], [ 74.187647, 37.338394 ], [ 74.206044, 37.355654 ], [ 74.207697, 37.389915 ], [ 74.223924, 37.403351 ], [ 74.250382, 37.403687 ], [ 74.279424, 37.397512 ], [ 74.303816, 37.400173 ], [ 74.315598, 37.426916 ], [ 74.320869, 37.413893 ], [ 74.332444, 37.420353 ], [ 74.343813, 37.420999 ], [ 74.353632, 37.415909 ], [ 74.368204, 37.396375 ], [ 74.378126, 37.393765 ], [ 74.389392, 37.393403 ], [ 74.418331, 37.389192 ], [ 74.435901, 37.392344 ], [ 74.454814, 37.393636 ], [ 74.476622, 37.386091 ], [ 74.512692, 37.377229 ], [ 74.521167, 37.375601 ], [ 74.529848, 37.375756 ], [ 74.631444, 37.381079 ], [ 74.660383, 37.393972 ], [ 74.78854, 37.331159 ], [ 74.816859, 37.306923 ], [ 74.862644, 37.244601 ], [ 74.892307, 37.231114 ], [ 74.813138, 37.21543 ], [ 74.794018, 37.213931 ], [ 74.783269, 37.219667 ], [ 74.743995, 37.288397 ], [ 74.737381, 37.296123 ], [ 74.721464, 37.297776 ], [ 74.709372, 37.290826 ], [ 74.698934, 37.28031 ], [ 74.676299, 37.263721 ], [ 74.670925, 37.261344 ], [ 74.650978, 37.259639 ], [ 74.646327, 37.254833 ], [ 74.64302, 37.248374 ], [ 74.629997, 37.238297 ], [ 74.627207, 37.234318 ], [ 74.623279, 37.230804 ], [ 74.615011, 37.228375 ], [ 74.609017, 37.230183 ], [ 74.596511, 37.240751 ], [ 74.59, 37.243361 ], [ 74.575944, 37.242147 ], [ 74.532225, 37.232199 ], [ 74.500083, 37.23163 ], [ 74.487267, 37.225946 ], [ 74.476622, 37.210055 ], [ 74.46763, 37.189927 ], [ 74.456674, 37.177318 ], [ 74.441585, 37.170549 ], [ 74.420294, 37.168068 ], [ 74.38226, 37.172047 ], [ 74.368308, 37.167061 ], [ 74.366137, 37.14776 ], [ 74.38257, 37.126572 ], [ 74.414403, 37.107839 ], [ 74.476622, 37.083138 ], [ 74.494088, 37.066472 ], [ 74.505767, 37.047042 ], [ 74.519203, 37.030247 ], [ 74.542354, 37.021669 ], [ 74.547418, 37.015675 ] ] ] } },
{ "type": "Feature", "properties": { "ADMIN": "China", "SOVEREIGNT": "China", "TYPE": "Country", "NAME": "China", "ISO_A3": "CHN" }, "geometry": { "type": "Polygon", "coordinates": [ [ [ 78.915948, 33.387656 ], [ 78.824263, 33.461059 ], [ 78.800905, 33.494236 ], [ 78.781372, 33.552785 ], [ 78.794084, 33.74391 ], [ 78.787263, 33.808428 ], [ 78.770313, 33.872352 ], [ 78.721117, 33.994386 ], [ 78.730109, 34.079265 ], [ 78.806073, 34.122983 ], [ 78.903225, 34.158123 ], [ 78.976192, 34.217163 ], [ 78.985494, 34.239901 ], [ 78.988491, 34.263129 ], [ 78.98539, 34.286358 ], [ 78.976192, 34.309173 ], [ 78.95694, 34.339961 ], [ 78.95118, 34.349171 ], [ 78.922138, 34.372296 ], [ 78.885861, 34.385758 ], [ 78.839249, 34.396894 ], [ 78.801732, 34.415006 ], [ 78.750676, 34.471282 ], [ 78.664583, 34.526421 ], [ 78.607325, 34.546471 ], [ 78.379432, 34.578666 ], [ 78.335301, 34.594375 ], [ 78.296027, 34.624658 ], [ 78.273186, 34.658867 ], [ 78.211381, 34.848262 ], [ 78.202492, 34.865728 ], [ 78.162185, 34.908826 ], [ 78.148129, 34.94314 ], [ 78.13924, 35.018949 ], [ 78.130042, 35.055432 ], [ 78.036404, 35.194235 ], [ 78.001161, 35.268908 ], [ 78.009843, 35.347456 ], [ 78.038058, 35.398099 ], [ 78.055628, 35.452876 ], [ 78.044259, 35.491633 ], [ 77.985865, 35.494165 ], [ 77.957856, 35.482073 ], [ 77.912691, 35.44099 ], [ 77.883132, 35.431068 ], [ 77.857087, 35.436598 ], [ 77.834246, 35.452152 ], [ 77.815332, 35.47334 ], [ 77.800346, 35.495406 ], [ 77.773578, 35.498971 ], [ 77.760349, 35.498093 ], [ 77.74743, 35.49432 ], [ 77.716734, 35.475407 ], [ 77.689655, 35.462694 ], [ 77.660613, 35.458095 ], [ 77.519608, 35.477439 ], [ 77.512199, 35.478456 ], [ 77.476438, 35.477164 ], [ 77.412773, 35.469412 ], [ 77.383731, 35.471996 ], [ 77.352002, 35.486052 ], [ 77.305389, 35.517833 ], [ 77.281102, 35.528013 ], [ 77.250819, 35.530701 ], [ 77.177542, 35.523156 ], [ 77.141265, 35.525378 ], [ 77.105298, 35.537987 ], [ 77.092276, 35.547805 ], [ 77.071089, 35.571008 ], [ 77.058169, 35.580103 ], [ 77.039049, 35.585013 ], [ 77.017552, 35.584599 ], [ 76.976417, 35.578656 ], [ 76.9358, 35.579638 ], [ 76.915026, 35.583152 ], [ 76.896422, 35.589612 ], [ 76.880506, 35.60067 ], [ 76.856941, 35.628576 ], [ 76.842989, 35.641288 ], [ 76.824592, 35.647799 ], [ 76.782837, 35.645732 ], [ 76.777351, 35.646112 ], [ 76.763407, 35.647076 ], [ 76.745424, 35.655034 ], [ 76.732918, 35.66661 ], [ 76.709043, 35.69405 ], [ 76.676694, 35.71379 ], [ 76.604244, 35.735701 ], [ 76.570757, 35.751256 ], [ 76.55112, 35.784018 ], [ 76.56528, 35.865461 ], [ 76.555461, 35.897862 ], [ 76.537168, 35.902513 ], [ 76.500167, 35.871507 ], [ 76.476499, 35.865254 ], [ 76.453969, 35.864789 ], [ 76.44291, 35.86329 ], [ 76.432058, 35.8605 ], [ 76.422446, 35.854298 ], [ 76.410354, 35.836832 ], [ 76.403119, 35.830992 ], [ 76.384102, 35.828202 ], [ 76.366429, 35.830889 ], [ 76.348859, 35.830992 ], [ 76.311962, 35.80965 ], [ 76.296562, 35.809495 ], [ 76.280542, 35.814249 ], [ 76.260389, 35.817815 ], [ 76.237134, 35.815489 ], [ 76.189799, 35.804999 ], [ 76.166027, 35.806239 ], [ 76.138122, 35.826652 ], [ 76.127787, 35.862102 ], [ 76.123756, 35.903494 ], [ 76.114661, 35.941787 ], [ 76.08996, 35.978115 ], [ 76.061434, 35.991603 ], [ 75.984333, 35.995633 ], [ 75.953017, 36.007261 ], [ 75.922321, 36.031652 ], [ 75.899997, 36.063485 ], [ 75.894313, 36.097384 ], [ 75.901444, 36.113611 ], [ 75.91457, 36.123894 ], [ 75.964179, 36.149836 ], [ 75.971517, 36.155004 ], [ 75.976582, 36.162755 ], [ 75.977408, 36.173762 ], [ 75.96914, 36.191694 ], [ 75.97007, 36.202339 ], [ 75.983403, 36.215413 ], [ 76.001593, 36.222131 ], [ 76.014409, 36.230399 ], [ 76.011928, 36.248124 ], [ 76.001696, 36.261457 ], [ 75.976582, 36.286985 ], [ 75.96883, 36.301971 ], [ 75.968623, 36.341814 ], [ 75.987434, 36.421189 ], [ 75.981083, 36.445444 ], [ 75.976811, 36.461756 ], [ 75.976582, 36.462633 ], [ 75.874779, 36.619471 ], [ 75.849768, 36.644741 ], [ 75.790547, 36.687839 ], [ 75.728741, 36.723186 ], [ 75.64978, 36.754037 ], [ 75.570508, 36.766749 ], [ 75.50798, 36.747629 ], [ 75.501882, 36.737965 ], [ 75.498885, 36.72763 ], [ 75.49258, 36.720705 ], [ 75.431912, 36.722928 ], [ 75.410518, 36.747319 ], [ 75.403387, 36.784784 ], [ 75.401423, 36.825867 ], [ 75.394498, 36.864263 ], [ 75.377962, 36.894287 ], [ 75.351297, 36.915784 ], [ 75.31347, 36.928755 ], [ 75.195131, 36.948883 ], [ 75.161231, 36.964205 ], [ 75.132809, 36.984695 ], [ 75.118546, 36.991232 ], [ 75.100149, 36.994125 ], [ 75.01447, 36.984488 ], [ 74.976849, 36.984281 ], [ 74.94233, 36.976995 ], [ 74.924966, 36.970871 ], [ 74.910497, 36.962551 ], [ 74.900782, 36.949916 ], [ 74.891997, 36.920977 ], [ 74.885796, 36.911443 ], [ 74.87236, 36.907102 ], [ 74.866779, 36.916559 ], [ 74.860887, 36.946893 ], [ 74.853239, 36.958985 ], [ 74.824507, 36.994125 ], [ 74.824301, 36.994125 ], [ 74.792571, 37.015158 ], [ 74.719191, 37.01645 ], [ 74.692216, 37.03588 ], [ 74.677953, 37.051693 ], [ 74.66245, 37.054484 ], [ 74.62607, 37.042753 ], [ 74.561784, 37.029679 ], [ 74.542354, 37.021669 ], [ 74.519203, 37.030247 ], [ 74.505767, 37.047042 ], [ 74.494088, 37.066472 ], [ 74.476622, 37.083138 ], [ 74.414403, 37.107839 ], [ 74.38257, 37.126572 ], [ 74.366137, 37.14776 ], [ 74.368308, 37.167061 ], [ 74.38226, 37.172047 ], [ 74.420294, 37.168068 ], [ 74.441585, 37.170549 ], [ 74.456674, 37.177318 ], [ 74.46763, 37.189927 ], [ 74.476622, 37.210055 ], [ 74.487267, 37.225946 ], [ 74.500083, 37.23163 ], [ 74.532225, 37.232199 ], [ 74.575944, 37.242147 ], [ 74.59, 37.243361 ], [ 74.596511, 37.240751 ], [ 74.609017, 37.230183 ], [ 74.615011, 37.228375 ], [ 74.623279, 37.230804 ], [ 74.627207, 37.234318 ], [ 74.629997, 37.238297 ], [ 74.64302, 37.248374 ], [ 74.646327, 37.254833 ], [ 74.650978, 37.259639 ], [ 74.670925, 37.261344 ], [ 74.676299, 37.263721 ], [ 74.698934, 37.28031 ], [ 74.709372, 37.290826 ], [ 74.721464, 37.297776 ], [ 74.737381, 37.296123 ], [ 74.743995, 37.288397 ], [ 74.783269, 37.219667 ], [ 74.794018, 37.213931 ], [ 74.813138, 37.21543 ], [ 74.892307, 37.231114 ], [ 74.912667, 37.238994 ], [ 74.923726, 37.255195 ], [ 74.932924, 37.272506 ], [ 74.951528, 37.281291 ], [ 74.975402, 37.284289 ], [ 75.06842, 37.312142 ], [ 75.077102, 37.324209 ], [ 75.079582, 37.361235 ], [ 75.091778, 37.378443 ], [ 75.115239, 37.387797 ], [ 75.164125, 37.400638 ], [ 75.132499, 37.418492 ], [ 75.103973, 37.44061 ], [ 75.053434, 37.493837 ], [ 75.035864, 37.506394 ], [ 74.945223, 37.548562 ], [ 74.915044, 37.570731 ], [ 74.891893, 37.599205 ], [ 74.882178, 37.634422 ], [ 74.886106, 37.653465 ], [ 74.897061, 37.667573 ], [ 74.91091, 37.680233 ], [ 74.923623, 37.695323 ], [ 74.92693, 37.703591 ], [ 74.92879, 37.712428 ], [ 74.931891, 37.721575 ], [ 74.938609, 37.730825 ], [ 74.954422, 37.747723 ], [ 74.96176, 37.758084 ], [ 74.965171, 37.767463 ], [ 74.96145, 37.785473 ], [ 74.949254, 37.795317 ], [ 74.898405, 37.817589 ], [ 74.89117, 37.823041 ], [ 74.886106, 37.83056 ], [ 74.883212, 37.843867 ], [ 74.887346, 37.848931 ], [ 74.894581, 37.852109 ], [ 74.911634, 37.873762 ], [ 74.913701, 37.880841 ], [ 74.905226, 37.886939 ], [ 74.89396, 37.892262 ], [ 74.890756, 37.897714 ], [ 74.89117, 37.904251 ], [ 74.888793, 37.930916 ], [ 74.892824, 37.994013 ], [ 74.880421, 38.02166 ], [ 74.809935, 38.053208 ], [ 74.790711, 38.081449 ], [ 74.771281, 38.196274 ], [ 74.771074, 38.29154 ], [ 74.774795, 38.309627 ], [ 74.784303, 38.325672 ], [ 74.826678, 38.363215 ], [ 74.838253, 38.379416 ], [ 74.844144, 38.397761 ], [ 74.844351, 38.417243 ], [ 74.837116, 38.445742 ], [ 74.835773, 38.455173 ], [ 74.832879, 38.463648 ], [ 74.826161, 38.469643 ], [ 74.808488, 38.477652 ], [ 74.801253, 38.48282 ], [ 74.792261, 38.493853 ], [ 74.792158, 38.494034 ], [ 74.776345, 38.510674 ], [ 74.760325, 38.519975 ], [ 74.742032, 38.523076 ], [ 74.719087, 38.521526 ], [ 74.696453, 38.52398 ], [ 74.679607, 38.53491 ], [ 74.66431, 38.549018 ], [ 74.64612, 38.56111 ], [ 74.476622, 38.612063 ], [ 74.334201, 38.666995 ], [ 74.313427, 38.669217 ], [ 74.243768, 38.6502 ], [ 74.221443, 38.649709 ], [ 74.202013, 38.652319 ], [ 74.140415, 38.669217 ], [ 74.123361, 38.669475 ], [ 74.109099, 38.662292 ], [ 74.095043, 38.645756 ], [ 74.092666, 38.637694 ], [ 74.092872, 38.628754 ], [ 74.091425, 38.620434 ], [ 74.084397, 38.614027 ], [ 74.044917, 38.603459 ], [ 74.037269, 38.598472 ], [ 74.038095, 38.579223 ], [ 74.050808, 38.56266 ], [ 74.058766, 38.547028 ], [ 74.045537, 38.530414 ], [ 74.028897, 38.527236 ], [ 73.932882, 38.529665 ], [ 73.917276, 38.53708 ], [ 73.887097, 38.559043 ], [ 73.869734, 38.566794 ], [ 73.83356, 38.577956 ], [ 73.816403, 38.586586 ], [ 73.797387, 38.602839 ], [ 73.788602, 38.618574 ], [ 73.779093, 38.660199 ], [ 73.772272, 38.674617 ], [ 73.736408, 38.721669 ], [ 73.732688, 38.737172 ], [ 73.738992, 38.781096 ], [ 73.735892, 38.800423 ], [ 73.724936, 38.814557 ], [ 73.695791, 38.840111 ], [ 73.683698, 38.854942 ], [ 73.680804, 38.872977 ], [ 73.688969, 38.89109 ], [ 73.702922, 38.907032 ], [ 73.717185, 38.918582 ], [ 73.739922, 38.926927 ], [ 73.787878, 38.927082 ], [ 73.809582, 38.932663 ], [ 73.823948, 38.944937 ], [ 73.829116, 38.960155 ], [ 73.826119, 38.976898 ], [ 73.81599, 38.993771 ], [ 73.801624, 39.001445 ], [ 73.768654, 39.029919 ], [ 73.70933, 39.065472 ], [ 73.698168, 39.078417 ], [ 73.691863, 39.094462 ], [ 73.682975, 39.12875 ], [ 73.673776, 39.142625 ], [ 73.631402, 39.175103 ], [ 73.607837, 39.207324 ], [ 73.602256, 39.235772 ], [ 73.610111, 39.26546 ], [ 73.641324, 39.335275 ], [ 73.643804, 39.351294 ], [ 73.642564, 39.371758 ], [ 73.631919, 39.428809 ], [ 73.632642, 39.448343 ], [ 73.820744, 39.468186 ], [ 73.838314, 39.475679 ], [ 73.848029, 39.489735 ], [ 73.859192, 39.524255 ], [ 73.870457, 39.546786 ], [ 73.883066, 39.561204 ], [ 73.899292, 39.571539 ], [ 73.921617, 39.582133 ], [ 73.926784, 39.592882 ], [ 73.904253, 39.64647 ], [ 73.899602, 39.689465 ], [ 73.893505, 39.710394 ], [ 73.879345, 39.727912 ], [ 73.859915, 39.737162 ], [ 73.843068, 39.740366 ], [ 73.829529, 39.746981 ], [ 73.819814, 39.766721 ], [ 73.818574, 39.786048 ], [ 73.823018, 39.805685 ], [ 73.83201, 39.82372 ], [ 73.844102, 39.838086 ], [ 73.872937, 39.856845 ], [ 73.880689, 39.86501 ], [ 73.885443, 39.876534 ], [ 73.893195, 39.918133 ], [ 73.907561, 39.937873 ], [ 73.927301, 39.953325 ], [ 73.944044, 39.970068 ], [ 73.949729, 39.993684 ], [ 73.952106, 40.008257 ], [ 73.957894, 40.021434 ], [ 73.966368, 40.033268 ], [ 73.976704, 40.043603 ], [ 74.003989, 40.060812 ], [ 74.069515, 40.067788 ], [ 74.101244, 40.078847 ], [ 74.13287, 40.095332 ], [ 74.167596, 40.10639 ], [ 74.20315, 40.109853 ], [ 74.237876, 40.10391 ], [ 74.272293, 40.093833 ], [ 74.302885, 40.090061 ], [ 74.333788, 40.09373 ], [ 74.369858, 40.105822 ], [ 74.476622, 40.172433 ], [ 74.565402, 40.24695 ], [ 74.598681, 40.266174 ], [ 74.637645, 40.281987 ], [ 74.654388, 40.291547 ], [ 74.705755, 40.331286 ], [ 74.724668, 40.337539 ], [ 74.746683, 40.336505 ], [ 74.830915, 40.319917 ], [ 74.862128, 40.32617 ], [ 74.853859, 40.35883 ], [ 74.841664, 40.372059 ], [ 74.794638, 40.405545 ], [ 74.787404, 40.420738 ], [ 74.794638, 40.440737 ], [ 74.807041, 40.461769 ], [ 74.815102, 40.480114 ], [ 74.816032, 40.48368 ], [ 74.820063, 40.493964 ], [ 74.832312, 40.508116 ], [ 74.835359, 40.511637 ], [ 74.856443, 40.513187 ], [ 74.879181, 40.505074 ], [ 74.966101, 40.459289 ], [ 75.002378, 40.4473 ], [ 75.039068, 40.441099 ], [ 75.064389, 40.443837 ], [ 75.113172, 40.460787 ], [ 75.13808, 40.463888 ], [ 75.15658, 40.458152 ], [ 75.175287, 40.448127 ], [ 75.19389, 40.441254 ], [ 75.212494, 40.444716 ], [ 75.220142, 40.452984 ], [ 75.223966, 40.462441 ], [ 75.229237, 40.470347 ], [ 75.241536, 40.474068 ], [ 75.253318, 40.47598 ], [ 75.26324, 40.480166 ], [ 75.481832, 40.614111 ], [ 75.523793, 40.63318 ], [ 75.559863, 40.63287 ], [ 75.587665, 40.611941 ], [ 75.605648, 40.569411 ], [ 75.610816, 40.512877 ], [ 75.617947, 40.493964 ], [ 75.629006, 40.481303 ], [ 75.657221, 40.461097 ], [ 75.666936, 40.450245 ], [ 75.669314, 40.432365 ], [ 75.659598, 40.419084 ], [ 75.646369, 40.405338 ], [ 75.638308, 40.386115 ], [ 75.640168, 40.367305 ], [ 75.656291, 40.32307 ], [ 75.664869, 40.305706 ], [ 75.681819, 40.291702 ], [ 75.704454, 40.293149 ], [ 75.750549, 40.308342 ], [ 75.772046, 40.31015 ], [ 75.79375, 40.30891 ], [ 75.858553, 40.296353 ], [ 75.880464, 40.295268 ], [ 75.901858, 40.298885 ], [ 75.921495, 40.309117 ], [ 75.938031, 40.326222 ], [ 75.949297, 40.343068 ], [ 75.962422, 40.357331 ], [ 76.051616, 40.390197 ], [ 76.07611, 40.391954 ], [ 76.095231, 40.387355 ], [ 76.132541, 40.371542 ], [ 76.151351, 40.368131 ], [ 76.185044, 40.384203 ], [ 76.21543, 40.416552 ], [ 76.244162, 40.441202 ], [ 76.273411, 40.434122 ], [ 76.283333, 40.417276 ], [ 76.299353, 40.355677 ], [ 76.313512, 40.343327 ], [ 76.330152, 40.348081 ], [ 76.361984, 40.371904 ], [ 76.449111, 40.415519 ], [ 76.476499, 40.436138 ], [ 76.498927, 40.464611 ], [ 76.531173, 40.534995 ], [ 76.556391, 40.56569 ], [ 76.609411, 40.59711 ], [ 76.62078, 40.611321 ], [ 76.624191, 40.627547 ], [ 76.630805, 40.728885 ], [ 76.647859, 40.764851 ], [ 76.674214, 40.795444 ], [ 76.707286, 40.817613 ], [ 76.746871, 40.83446 ], [ 76.762477, 40.847017 ], [ 76.770848, 40.867119 ], [ 76.768368, 40.887014 ], [ 76.760927, 40.9066 ], [ 76.757413, 40.925772 ], [ 76.766818, 40.944685 ], [ 76.783974, 40.957139 ], [ 76.820871, 40.97781 ], [ 76.834927, 40.99352 ], [ 76.860972, 41.013208 ], [ 76.900143, 41.025766 ], [ 77.007733, 41.044214 ], [ 77.035018, 41.040338 ], [ 77.088555, 41.019565 ], [ 77.118838, 41.011658 ], [ 77.243171, 41.005664 ], [ 77.301152, 41.019306 ], [ 77.332985, 41.02065 ], [ 77.388795, 41.011658 ], [ 77.445226, 40.993675 ], [ 77.474888, 40.982047 ], [ 77.503517, 40.981066 ], [ 77.580721, 40.997705 ], [ 77.631778, 40.995793 ], [ 77.650278, 40.997137 ], [ 77.665574, 41.001271 ], [ 77.797556, 41.054704 ], [ 77.831042, 41.062973 ], [ 77.866699, 41.064058 ], [ 77.997647, 41.049795 ], [ 78.036508, 41.036101 ], [ 78.057178, 41.034344 ], [ 78.074955, 41.039512 ], [ 78.176034, 41.105502 ], [ 78.190503, 41.11775 ], [ 78.204456, 41.133718 ], [ 78.231335, 41.172856 ], [ 78.250345, 41.200535 ], [ 78.275356, 41.228854 ], [ 78.291582, 41.240791 ], [ 78.331477, 41.258723 ], [ 78.34946, 41.270402 ], [ 78.359692, 41.287455 ], [ 78.356901, 41.305542 ], [ 78.339332, 41.344041 ], [ 78.343466, 41.362024 ], [ 78.359899, 41.377527 ], [ 78.377675, 41.386622 ], [ 78.41757, 41.400471 ], [ 78.51038, 41.454422 ], [ 78.583968, 41.465997 ], [ 78.619211, 41.478089 ], [ 78.629133, 41.48796 ], [ 78.637401, 41.512868 ], [ 78.645049, 41.52372 ], [ 78.658278, 41.532453 ], [ 78.672128, 41.538448 ], [ 78.807313, 41.578445 ], [ 78.897437, 41.626272 ], [ 78.915834, 41.63317 ], [ 78.976192, 41.6418 ], [ 79.088743, 41.702546 ], [ 79.127914, 41.714302 ], [ 79.174526, 41.722622 ], [ 79.19592, 41.729521 ], [ 79.217521, 41.741226 ], [ 79.264856, 41.774506 ], [ 79.282323, 41.783497 ], [ 79.30413, 41.787554 ], [ 79.367382, 41.772387 ], [ 79.390844, 41.772697 ], [ 79.410997, 41.778588 ], [ 79.489856, 41.819257 ], [ 79.554658, 41.837602 ], [ 79.610985, 41.867626 ], [ 79.655737, 41.875843 ], [ 79.702969, 41.874939 ], [ 79.747514, 41.879745 ], [ 79.783274, 41.905092 ], [ 79.792576, 41.922817 ], [ 79.803842, 41.959998 ], [ 79.812833, 41.97762 ], [ 79.826786, 41.992244 ], [ 79.842909, 42.00183 ], [ 79.879496, 42.013199 ], [ 79.930862, 42.023276 ], [ 80.181906, 42.020976 ], [ 80.231206, 42.033689 ], [ 80.257561, 42.065263 ], [ 80.256527, 42.084357 ], [ 80.247432, 42.098413 ], [ 80.235133, 42.110945 ], [ 80.224591, 42.125569 ], [ 80.219837, 42.141873 ], [ 80.21653, 42.174404 ], [ 80.210328, 42.189519 ], [ 80.249086, 42.204893 ], [ 80.260455, 42.216494 ], [ 80.268413, 42.237966 ], [ 80.249499, 42.309951 ], [ 80.235547, 42.324575 ], [ 80.225521, 42.339019 ], [ 80.2187, 42.354935 ], [ 80.196169, 42.434594 ], [ 80.194722, 42.446299 ], [ 80.206298, 42.465962 ], [ 80.212085, 42.478752 ], [ 80.210535, 42.490844 ], [ 80.200096, 42.508388 ], [ 80.173741, 42.536914 ], [ 80.162373, 42.552391 ], [ 80.153484, 42.591536 ], [ 80.145423, 42.607116 ], [ 80.140048, 42.622955 ], [ 80.143769, 42.644762 ], [ 80.152451, 42.660369 ], [ 80.188934, 42.701581 ], [ 80.205367, 42.731088 ], [ 80.227485, 42.790981 ], [ 80.248259, 42.816199 ], [ 80.264899, 42.823666 ], [ 80.281745, 42.822736 ], [ 80.316782, 42.815605 ], [ 80.333938, 42.817078 ], [ 80.381687, 42.831418 ], [ 80.400498, 42.843019 ], [ 80.476152, 42.863896 ], [ 80.526692, 42.868392 ], [ 80.548602, 42.878469 ], [ 80.554493, 42.898933 ], [ 80.542918, 42.916658 ], [ 80.521937, 42.925443 ], [ 80.476152, 42.930275 ], [ 80.407732, 42.954692 ], [ 80.373833, 42.975182 ], [ 80.355126, 43.000581 ], [ 80.368148, 43.02846 ], [ 80.410213, 43.048665 ], [ 80.497856, 43.076183 ], [ 80.575887, 43.119411 ], [ 80.618469, 43.134267 ], [ 80.660017, 43.132821 ], [ 80.710763, 43.104786 ], [ 80.731537, 43.101091 ], [ 80.753448, 43.104037 ], [ 80.773395, 43.112925 ], [ 80.787864, 43.12804 ], [ 80.793445, 43.14946 ], [ 80.788174, 43.168245 ], [ 80.76523, 43.199948 ], [ 80.759959, 43.218784 ], [ 80.759132, 43.23824 ], [ 80.755825, 43.257619 ], [ 80.748487, 43.275163 ], [ 80.735464, 43.288883 ], [ 80.695984, 43.303275 ], [ 80.658466, 43.310639 ], [ 80.64286, 43.32622 ], [ 80.694227, 43.394717 ], [ 80.710143, 43.425852 ], [ 80.712727, 43.458873 ], [ 80.594439, 43.684557 ], [ 80.476152, 43.910241 ], [ 80.439875, 43.948998 ], [ 80.423132, 43.972149 ], [ 80.412693, 43.993233 ], [ 80.412693, 43.993336 ], [ 80.412383, 44.013594 ], [ 80.410006, 44.031939 ], [ 80.403805, 44.04894 ], [ 80.392333, 44.065477 ], [ 80.359777, 44.0893 ], [ 80.345101, 44.103097 ], [ 80.338899, 44.121494 ], [ 80.346031, 44.158908 ], [ 80.373213, 44.230996 ], [ 80.373006, 44.270219 ], [ 80.332905, 44.417393 ], [ 80.330424, 44.45305 ], [ 80.337866, 44.494029 ], [ 80.364531, 44.569684 ], [ 80.37993, 44.591336 ], [ 80.383755, 44.602808 ], [ 80.377243, 44.615314 ], [ 80.359157, 44.632574 ], [ 80.354506, 44.641772 ], [ 80.355849, 44.652883 ], [ 80.376313, 44.67128 ], [ 80.411143, 44.682803 ], [ 80.476152, 44.693655 ], [ 80.491965, 44.701717 ], [ 80.497443, 44.714946 ], [ 80.492275, 44.727969 ], [ 80.476152, 44.73541 ], [ 80.314508, 44.780317 ], [ 80.263245, 44.809359 ], [ 80.244745, 44.815974 ], [ 80.218287, 44.818092 ], [ 80.039383, 44.790497 ], [ 79.991737, 44.793649 ], [ 79.868644, 44.849357 ], [ 79.843012, 44.873489 ], [ 79.858205, 44.90372 ], [ 79.878152, 44.914727 ], [ 79.924661, 44.931677 ], [ 80.023776, 44.993275 ], [ 80.061707, 45.018959 ], [ 80.103358, 45.032188 ], [ 80.147593, 45.034462 ], [ 80.21901, 45.026038 ], [ 80.29053, 45.046244 ], [ 80.365048, 45.043195 ], [ 80.390059, 45.045779 ], [ 80.406389, 45.056631 ], [ 80.425096, 45.092132 ], [ 80.445353, 45.104225 ], [ 80.467574, 45.106292 ], [ 80.53682, 45.101072 ], [ 80.69712, 45.143654 ], [ 80.745696, 45.144274 ], [ 80.827552, 45.125774 ], [ 80.853855, 45.126497 ], [ 80.976018, 45.161069 ], [ 81.021907, 45.161637 ], [ 81.062524, 45.172231 ], [ 81.144173, 45.204684 ], [ 81.54203, 45.293309 ], [ 81.622594, 45.33434 ], [ 81.665227, 45.347982 ], [ 81.704759, 45.339869 ], [ 81.739279, 45.338061 ], [ 81.765169, 45.307727 ], [ 81.781447, 45.266644 ], [ 81.787338, 45.232331 ], [ 81.788475, 45.209128 ], [ 81.793643, 45.19564 ], [ 81.807285, 45.188716 ], [ 81.875343, 45.181068 ], [ 81.891001, 45.17373 ], [ 81.910121, 45.15802 ], [ 81.950119, 45.144481 ], [ 82.000452, 45.153524 ], [ 82.191758, 45.222202 ], [ 82.245295, 45.231814 ], [ 82.294594, 45.228197 ], [ 82.341826, 45.20489 ], [ 82.427454, 45.137246 ], [ 82.475823, 45.115697 ], [ 82.539747, 45.123655 ], [ 82.585222, 45.17683 ], [ 82.614574, 45.248557 ], [ 82.63385, 45.339353 ], [ 82.636382, 45.378885 ], [ 82.631989, 45.415834 ], [ 82.615711, 45.435419 ], [ 82.51303, 45.465753 ], [ 82.362652, 45.481204 ], [ 82.32777, 45.493297 ], [ 82.327615, 45.493348 ], [ 82.32746, 45.493348 ], [ 82.291493, 45.533191 ], [ 82.297137, 45.554545 ], [ 82.304619, 45.582852 ], [ 82.336038, 45.635148 ], [ 82.372212, 45.73416 ], [ 82.447505, 45.825421 ], [ 82.475823, 45.87317 ], [ 82.488949, 45.901695 ], [ 82.515872, 45.993111 ], [ 82.541866, 46.131501 ], [ 82.568272, 46.19651 ], [ 82.607856, 46.255214 ], [ 82.674364, 46.331127 ], [ 82.689299, 46.362546 ], [ 82.701287, 46.416858 ], [ 82.70785, 46.434169 ], [ 82.747435, 46.493339 ], [ 82.838953, 46.732446 ], [ 82.985508, 46.94251 ], [ 82.991812, 46.958737 ], [ 82.993363, 46.975609 ], [ 82.98835, 46.992998 ], [ 82.985508, 47.012532 ], [ 82.990159, 47.032169 ], [ 83.005455, 47.06979 ], [ 83.006282, 47.080616 ], [ 82.99946, 47.100046 ], [ 82.99822, 47.110252 ], [ 83.001321, 47.121363 ], [ 83.012173, 47.142653 ], [ 83.01517, 47.154384 ], [ 83.013516, 47.194588 ], [ 83.021475, 47.205905 ], [ 83.046899, 47.214664 ], [ 83.071601, 47.218514 ], [ 83.099093, 47.219703 ], [ 83.126378, 47.217584 ], [ 83.150356, 47.211538 ], [ 83.201929, 47.180351 ], [ 83.221979, 47.171902 ], [ 83.31417, 47.15795 ], [ 83.353392, 47.144979 ], [ 83.524493, 47.067102 ], [ 83.905348, 46.973956 ], [ 83.999193, 46.974317 ], [ 84.069628, 46.964421 ], [ 84.093967, 46.967419 ], [ 84.157839, 46.992998 ], [ 84.158149, 46.993102 ], [ 84.158718, 46.993153 ], [ 84.15908, 46.993257 ], [ 84.265843, 47.00013 ], [ 84.388626, 46.992998 ], [ 84.38935, 46.993153 ], [ 84.405886, 46.994239 ], [ 84.421803, 46.993102 ], [ 84.475753, 46.975247 ], [ 84.521021, 46.969796 ], [ 84.616003, 46.98628 ], [ 84.663545, 46.983852 ], [ 84.699202, 46.970235 ], [ 84.731655, 46.947756 ], [ 84.751602, 46.91799 ], [ 84.749586, 46.882462 ], [ 84.738579, 46.866159 ], [ 84.72442, 46.850268 ], [ 84.715531, 46.835179 ], [ 84.719769, 46.821303 ], [ 84.739613, 46.814766 ], [ 84.767105, 46.818074 ], [ 84.840175, 46.839132 ], [ 84.916036, 46.850552 ], [ 84.93681, 46.861017 ], [ 84.959393, 46.890886 ], [ 84.975774, 46.901996 ], [ 84.990398, 46.907681 ], [ 85.035357, 46.914967 ], [ 85.048224, 46.920703 ], [ 85.077163, 46.943311 ], [ 85.145996, 46.97809 ], [ 85.16739, 46.992998 ], [ 85.191523, 47.023281 ], [ 85.205114, 47.033719 ], [ 85.225836, 47.041574 ], [ 85.246145, 47.044416 ], [ 85.303713, 47.039404 ], [ 85.432129, 47.053124 ], [ 85.498636, 47.051832 ], [ 85.505767, 47.063898 ], [ 85.508093, 47.082528 ], [ 85.516878, 47.100304 ], [ 85.529745, 47.114283 ], [ 85.538634, 47.127926 ], [ 85.544266, 47.143222 ], [ 85.547109, 47.162032 ], [ 85.556824, 47.178749 ], [ 85.577494, 47.189162 ], [ 85.601627, 47.194433 ], [ 85.647309, 47.197895 ], [ 85.65966, 47.206525 ], [ 85.664414, 47.221305 ], [ 85.668393, 47.241872 ], [ 85.678987, 47.274893 ], [ 85.678987, 47.290706 ], [ 85.670202, 47.309051 ], [ 85.667205, 47.326053 ], [ 85.674026, 47.344295 ], [ 85.678884, 47.363828 ], [ 85.670357, 47.384344 ], [ 85.600232, 47.463202 ], [ 85.584574, 47.492942 ], [ 85.584574, 47.493097 ], [ 85.579975, 47.523767 ], [ 85.595788, 47.590895 ], [ 85.595426, 47.624071 ], [ 85.515379, 47.92028 ], [ 85.517808, 47.944646 ], [ 85.528712, 47.966608 ], [ 85.547109, 47.992989 ], [ 85.561785, 48.030661 ], [ 85.586383, 48.141249 ], [ 85.718674, 48.358832 ], [ 85.747406, 48.390097 ], [ 85.783683, 48.407589 ], [ 86.005995, 48.429551 ], [ 86.19203, 48.418234 ], [ 86.246704, 48.437355 ], [ 86.286288, 48.469704 ], [ 86.307372, 48.483088 ], [ 86.333831, 48.4904 ], [ 86.430621, 48.485879 ], [ 86.546427, 48.517221 ], [ 86.565083, 48.527323 ], [ 86.57516, 48.539829 ], [ 86.593556, 48.574142 ], [ 86.605545, 48.59011 ], [ 86.6211, 48.603158 ], [ 86.669004, 48.634242 ], [ 86.744503, 48.70354 ], [ 86.751996, 48.715426 ], [ 86.751893, 48.729171 ], [ 86.740524, 48.771701 ], [ 86.739181, 48.783535 ], [ 86.746105, 48.792837 ], [ 86.764657, 48.807616 ], [ 86.789462, 48.839139 ], [ 86.7737, 48.858518 ], [ 86.741868, 48.878723 ], [ 86.718045, 48.912519 ], [ 86.711585, 48.937066 ], [ 86.709415, 48.954222 ], [ 86.713859, 48.969932 ], [ 86.727502, 48.990344 ], [ 86.743521, 49.007707 ], [ 86.760058, 49.02011 ], [ 86.798918, 49.042227 ], [ 86.816178, 49.058454 ], [ 86.838193, 49.093852 ], [ 86.859483, 49.105324 ], [ 86.887337, 49.106823 ], [ 86.946558, 49.094472 ], [ 86.975445, 49.092405 ], [ 87.116315, 49.129767 ], [ 87.161997, 49.122791 ], [ 87.200651, 49.108735 ], [ 87.323796, 49.085274 ], [ 87.362295, 49.075093 ], [ 87.400432, 49.071011 ], [ 87.438363, 49.07468 ], [ 87.47557, 49.087599 ], [ 87.481771, 49.09163 ], [ 87.487145, 49.096953 ], [ 87.491589, 49.103205 ], [ 87.500064, 49.119173 ], [ 87.506059, 49.120879 ], [ 87.514017, 49.119639 ], [ 87.525282, 49.119794 ], [ 87.716382, 49.158861 ], [ 87.816324, 49.165837 ], [ 87.818081, 49.154003 ], [ 87.832447, 49.123876 ], [ 87.835548, 49.100725 ], [ 87.829657, 49.085997 ], [ 87.821078, 49.071838 ], [ 87.815962, 49.050599 ], [ 87.821905, 49.02874 ], [ 87.837821, 49.02042 ], [ 87.856942, 49.015614 ], [ 87.872238, 49.00409 ], [ 87.8726, 48.96802 ], [ 87.835858, 48.945902 ], [ 87.756896, 48.920374 ], [ 87.743615, 48.905181 ], [ 87.735709, 48.886733 ], [ 87.737879, 48.86937 ], [ 87.754726, 48.857277 ], [ 87.77674, 48.85118 ], [ 87.787489, 48.84658 ], [ 87.796067, 48.839759 ], [ 87.800511, 48.830302 ], [ 87.802165, 48.80958 ], [ 87.805885, 48.800588 ], [ 87.821078, 48.788289 ], [ 87.841697, 48.779349 ], [ 87.907585, 48.758834 ], [ 87.95244, 48.761107 ], [ 87.975488, 48.755992 ], [ 88.033779, 48.72912 ], [ 88.05941, 48.708087 ], [ 88.063854, 48.682611 ], [ 88.055018, 48.673413 ], [ 88.010162, 48.653414 ], [ 88.003393, 48.645998 ], [ 87.997812, 48.635172 ], [ 87.989647, 48.624165 ], [ 87.975488, 48.616517 ], [ 87.942828, 48.599489 ], [ 87.95182, 48.575202 ], [ 87.983032, 48.552335 ], [ 88.016622, 48.539803 ], [ 88.028301, 48.539622 ], [ 88.051969, 48.543188 ], [ 88.062511, 48.542878 ], [ 88.071812, 48.538795 ], [ 88.088245, 48.526083 ], [ 88.115737, 48.516497 ], [ 88.148293, 48.499366 ], [ 88.165967, 48.493734 ], [ 88.183485, 48.492752 ], [ 88.21785, 48.495 ], [ 88.235627, 48.493191 ], [ 88.304873, 48.469006 ], [ 88.332107, 48.453994 ], [ 88.383421, 48.408674 ], [ 88.416701, 48.394101 ], [ 88.439645, 48.393714 ], [ 88.459127, 48.398132 ], [ 88.479126, 48.400148 ], [ 88.50269, 48.392551 ], [ 88.565116, 48.342993 ], [ 88.57297, 48.32532 ], [ 88.558759, 48.288087 ], [ 88.56124, 48.268269 ], [ 88.568836, 48.249201 ], [ 88.573487, 48.229719 ], [ 88.580774, 48.211994 ], [ 88.596225, 48.197679 ], [ 88.635809, 48.175846 ], [ 88.655446, 48.171169 ], [ 88.680664, 48.17303 ], [ 88.709189, 48.166363 ], [ 88.775335, 48.120552 ], [ 88.805411, 48.105954 ], [ 88.831456, 48.105153 ], [ 88.889282, 48.110915 ], [ 88.916825, 48.105954 ], [ 88.932328, 48.096962 ], [ 89.045551, 47.992989 ], [ 89.04581, 47.992989 ], [ 89.045913, 47.992886 ], [ 89.074697, 47.984256 ], [ 89.167146, 47.983997 ], [ 89.218719, 47.976969 ], [ 89.243989, 47.980225 ], [ 89.268587, 47.993144 ], [ 89.285692, 48.005598 ], [ 89.334268, 48.032366 ], [ 89.354266, 48.038774 ], [ 89.369201, 48.038154 ], [ 89.409198, 48.023116 ], [ 89.425425, 48.021644 ], [ 89.475344, 48.022961 ], [ 89.503663, 48.029989 ], [ 89.5418, 48.031023 ], [ 89.571876, 48.020455 ], [ 89.576217, 47.992886 ], [ 89.575648, 47.976039 ], [ 89.583245, 47.962035 ], [ 89.596577, 47.952578 ], [ 89.613424, 47.949581 ], [ 89.627376, 47.943948 ], [ 89.636161, 47.929582 ], [ 89.643913, 47.912761 ], [ 89.655282, 47.899816 ], [ 89.672025, 47.89408 ], [ 89.707268, 47.889042 ], [ 89.723391, 47.878164 ], [ 89.731143, 47.864754 ], [ 89.740238, 47.836151 ], [ 89.751296, 47.824317 ], [ 89.783543, 47.818504 ], [ 89.889066, 47.824317 ], [ 89.921364, 47.832094 ], [ 89.934438, 47.844264 ], [ 89.937642, 47.857545 ], [ 89.939037, 47.870852 ], [ 89.946685, 47.883177 ], [ 89.96317, 47.888654 ], [ 90.002496, 47.880386 ], [ 90.044612, 47.879766 ], [ 90.059856, 47.868811 ], [ 90.064352, 47.85062 ], [ 90.055981, 47.828916 ], [ 90.052157, 47.8107 ], [ 90.058771, 47.789513 ], [ 90.070657, 47.76985 ], [ 90.082852, 47.756104 ], [ 90.119956, 47.730137 ], [ 90.163416, 47.710009 ], [ 90.209718, 47.695746 ], [ 90.302116, 47.678512 ], [ 90.32351, 47.670166 ], [ 90.3448, 47.658642 ], [ 90.349554, 47.64779 ], [ 90.337462, 47.63699 ], [ 90.327437, 47.623037 ], [ 90.338496, 47.60278 ], [ 90.352035, 47.588311 ], [ 90.381594, 47.538391 ], [ 90.394616, 47.524671 ], [ 90.427276, 47.506559 ], [ 90.441228, 47.493045 ], [ 90.443606, 47.462789 ], [ 90.441745, 47.430543 ], [ 90.448153, 47.404033 ], [ 90.475232, 47.391088 ], [ 90.487221, 47.378194 ], [ 90.490011, 47.361839 ], [ 90.485567, 47.344915 ], [ 90.475232, 47.33029 ], [ 90.468514, 47.323521 ], [ 90.466343, 47.316338 ], [ 90.46872, 47.308922 ], [ 90.712116, 47.014702 ], [ 90.742399, 46.991861 ], [ 90.78188, 46.986332 ], [ 90.805547, 46.986849 ], [ 90.828182, 46.982301 ], [ 90.849472, 46.973206 ], [ 90.869833, 46.960339 ], [ 90.885129, 46.944733 ], [ 90.893707, 46.92817 ], [ 90.900322, 46.910678 ], [ 90.91014, 46.892384 ], [ 90.917685, 46.885408 ], [ 90.92585, 46.880654 ], [ 90.932775, 46.874789 ], [ 90.936495, 46.864427 ], [ 90.934428, 46.856831 ], [ 90.922749, 46.841586 ], [ 90.919959, 46.833628 ], [ 90.925333, 46.813139 ], [ 90.939389, 46.79885 ], [ 90.975149, 46.774149 ], [ 91.004812, 46.74043 ], [ 91.01556, 46.703197 ], [ 91.014292, 46.689844 ], [ 91.011736, 46.662941 ], [ 90.998094, 46.620256 ], [ 90.995923, 46.594625 ], [ 91.011323, 46.585323 ], [ 91.03251, 46.579923 ], [ 91.047496, 46.566409 ], [ 91.045326, 46.551087 ], [ 91.035611, 46.529073 ], [ 91.014113, 46.493184 ], [ 91.001401, 46.475045 ], [ 90.986105, 46.435255 ], [ 90.975149, 46.416548 ], [ 90.935772, 46.343865 ], [ 90.906006, 46.317303 ], [ 90.896188, 46.302033 ], [ 90.899185, 46.281672 ], [ 90.948794, 46.168294 ], [ 90.975149, 46.140544 ], [ 90.995923, 46.113724 ], [ 91.005432, 46.068094 ], [ 91.002435, 46.021843 ], [ 90.986208, 45.993111 ], [ 90.975149, 45.987323 ], [ 90.919235, 45.950065 ], [ 90.710773, 45.752196 ], [ 90.696613, 45.730026 ], [ 90.651138, 45.493142 ], [ 90.672325, 45.475675 ], [ 90.737955, 45.441724 ], [ 90.753251, 45.42095 ], [ 90.762553, 45.391597 ], [ 90.778055, 45.365294 ], [ 90.790458, 45.337699 ], [ 90.790975, 45.304316 ], [ 90.796556, 45.292844 ], [ 90.837173, 45.280028 ], [ 90.854433, 45.270623 ], [ 90.866629, 45.25357 ], [ 90.865905, 45.242563 ], [ 90.860324, 45.231659 ], [ 90.857637, 45.215071 ], [ 90.873243, 45.186184 ], [ 90.90549, 45.185977 ], [ 90.975149, 45.214864 ], [ 91.011323, 45.218946 ], [ 91.056798, 45.217551 ], [ 91.101343, 45.210678 ], [ 91.135036, 45.197862 ], [ 91.147749, 45.187217 ], [ 91.169763, 45.163549 ], [ 91.184336, 45.153834 ], [ 91.249138, 45.129701 ], [ 91.346703, 45.113733 ], [ 91.366547, 45.11425 ], [ 91.3836, 45.124224 ], [ 91.399723, 45.136884 ], [ 91.41688, 45.145669 ], [ 91.43848, 45.146134 ], [ 91.45605, 45.137453 ], [ 91.521783, 45.077456 ], [ 91.533978, 45.0711 ], [ 91.54328, 45.071824 ], [ 91.552272, 45.075338 ], [ 91.563951, 45.077146 ], [ 91.662963, 45.059525 ], [ 91.683633, 45.061178 ], [ 91.724664, 45.070738 ], [ 91.746989, 45.072444 ], [ 91.919071, 45.065571 ], [ 91.975088, 45.073374 ], [ 92.0, 45.075437355113223 ], [ 92.0, 27.768276256725454 ], [ 91.988898, 27.769398 ], [ 91.968001, 27.746278 ], [ 91.952247, 27.72482 ], [ 91.908736, 27.7319 ], [ 91.864914, 27.729988 ], [ 91.856373, 27.764539 ], [ 91.826589, 27.807627 ], [ 91.729871, 27.804136 ], [ 91.680131, 27.849823 ], [ 91.628339, 27.852694 ], [ 91.637124, 27.87724 ], [ 91.648907, 27.897213 ], [ 91.652834, 27.916747 ], [ 91.637951, 27.939743 ], [ 91.621725, 27.950724 ], [ 91.600641, 27.959276 ], [ 91.578627, 27.964702 ], [ 91.537492, 27.969353 ], [ 91.497495, 27.984081 ], [ 91.460908, 27.984365 ], [ 91.446438, 27.986355 ], [ 91.436483, 27.989375 ], [ 91.418843, 27.994726 ], [ 91.341432, 28.030564 ], [ 91.309599, 28.056402 ], [ 91.290169, 28.091413 ], [ 91.269705, 28.072861 ], [ 91.246141, 28.071466 ], [ 91.220612, 28.074877 ], [ 91.194671, 28.070587 ], [ 91.175861, 28.057487 ], [ 91.133796, 28.014105 ], [ 91.119637, 27.994881 ], [ 91.11943, 27.994726 ], [ 91.092558, 27.971679 ], [ 91.051941, 27.96279 ], [ 91.008842, 27.96677 ], [ 90.975149, 27.982092 ], [ 90.960577, 27.994726 ], [ 90.90952, 28.032657 ], [ 90.850919, 28.044026 ], [ 90.788701, 28.047488 ], [ 90.755278, 28.055173 ], [ 90.726896, 28.061699 ], [ 90.683901, 28.087072 ], [ 90.667468, 28.090328 ], [ 90.651035, 28.086995 ], [ 90.621889, 28.072965 ], [ 90.597395, 28.070587 ], [ 90.575277, 28.065833 ], [ 90.510061, 28.074101 ], [ 90.492595, 28.074412 ], [ 90.475232, 28.072344 ], [ 90.485669, 28.124657 ], [ 90.515299, 28.154287 ], [ 90.54822, 28.157579 ], [ 90.567973, 28.1905 ], [ 90.597602, 28.200376 ], [ 90.587726, 28.233298 ], [ 90.54822, 28.246466 ], [ 90.505422, 28.249758 ], [ 90.45604, 28.28268 ], [ 90.416535, 28.28268 ], [ 90.386905, 28.299141 ], [ 90.353984, 28.299141 ], [ 90.329504, 28.255796 ], [ 90.29147, 28.261351 ], [ 90.261804, 28.299141 ], [ 90.261804, 28.335354 ], [ 90.225591, 28.358399 ], [ 90.199254, 28.348523 ], [ 90.176209, 28.325478 ], [ 90.153164, 28.322185 ], [ 90.123535, 28.335354 ], [ 90.07086, 28.34523 ], [ 89.990455, 28.320624 ], [ 89.971593, 28.31804 ], [ 89.952524, 28.308247 ], [ 89.91613, 28.315601 ], [ 89.881314, 28.297525 ], [ 89.873615, 28.300599 ], [ 89.862918, 28.295793 ], [ 89.854029, 28.287267 ], [ 89.83863, 28.267914 ], [ 89.829741, 28.259155 ], [ 89.796048, 28.24019 ], [ 89.780855, 28.228769 ], [ 89.773621, 28.212775 ], [ 89.755844, 28.184379 ], [ 89.71781, 28.169083 ], [ 89.597817, 28.149807 ], [ 89.579421, 28.14464 ], [ 89.561489, 28.13464 ], [ 89.515032, 28.081905 ], [ 89.495343, 28.068004 ], [ 89.475344, 28.061337 ], [ 89.458808, 28.047798 ], [ 89.444545, 28.031184 ], [ 89.421187, 27.994726 ], [ 89.420981, 27.994726 ], [ 89.417364, 27.988654 ], [ 89.370131, 27.909357 ], [ 89.336025, 27.869075 ], [ 89.299489, 27.844245 ], [ 89.258717, 27.827553 ], [ 89.22492, 27.807813 ], [ 89.21659, 27.771142 ], [ 89.198203, 27.730582 ], [ 89.156021, 27.665686 ], [ 89.127359, 27.62729 ], [ 89.124655, 27.614852 ], [ 89.119484, 27.618201 ], [ 89.109565, 27.622258 ], [ 89.105865, 27.622952 ], [ 89.102351, 27.623611 ], [ 89.091531, 27.625865 ], [ 89.064029, 27.615946 ], [ 89.050954, 27.608282 ], [ 89.039682, 27.594305 ], [ 89.03337, 27.578976 ], [ 89.016238, 27.57582 ], [ 89.002712, 27.560491 ], [ 89.004966, 27.54967 ], [ 88.992793, 27.537497 ], [ 88.978366, 27.530283 ], [ 88.972955, 27.517659 ], [ 88.97521, 27.506839 ], [ 88.980046, 27.49798 ], [ 88.982966, 27.492632 ], [ 88.966202, 27.47803 ], [ 88.957549, 27.456939 ], [ 88.95106, 27.433144 ], [ 88.964011, 27.392924 ], [ 88.981175, 27.354635 ], [ 88.997019, 27.330869 ], [ 88.971933, 27.312385 ], [ 88.950808, 27.328229 ], [ 88.91516, 27.330869 ], [ 88.892331, 27.315543 ], [ 88.864632, 27.33239 ], [ 88.852023, 27.342363 ], [ 88.830836, 27.367323 ], [ 88.819829, 27.373627 ], [ 88.808202, 27.378382 ], [ 88.795386, 27.385926 ], [ 88.773578, 27.408509 ], [ 88.759781, 27.435071 ], [ 88.754355, 27.464216 ], [ 88.757197, 27.494964 ], [ 88.757559, 27.511448 ], [ 88.741642, 27.53168 ], [ 88.741022, 27.54571 ], [ 88.748154, 27.560128 ], [ 88.767377, 27.586198 ], [ 88.783087, 27.622036 ], [ 88.805669, 27.655109 ], [ 88.853884, 27.843676 ], [ 88.855072, 27.859179 ], [ 88.851558, 27.877163 ], [ 88.842773, 27.892407 ], [ 88.818899, 27.915196 ], [ 88.810682, 27.927857 ], [ 88.809752, 27.944497 ], [ 88.819674, 27.977337 ], [ 88.81771, 27.994726 ], [ 88.81771, 27.994881 ], [ 88.817503, 27.994881 ], [ 88.802931, 28.011005 ], [ 88.780141, 28.028342 ], [ 88.735648, 28.055265 ], [ 88.71012, 28.061983 ], [ 88.652035, 28.069399 ], [ 88.631675, 28.083352 ], [ 88.610488, 28.105831 ], [ 88.594003, 28.106606 ], [ 88.552817, 28.078055 ], [ 88.530802, 28.059012 ], [ 88.51716, 28.039582 ], [ 88.50207, 28.028885 ], [ 88.475405, 28.036248 ], [ 88.455768, 28.03152 ], [ 88.399906, 27.994881 ], [ 88.399854, 27.994726 ], [ 88.399751, 27.994726 ], [ 88.37877, 27.982634 ], [ 88.197851, 27.958295 ], [ 88.174855, 27.949768 ], [ 88.16297, 27.9469 ], [ 88.151187, 27.94721 ], [ 88.126693, 27.95044 ], [ 88.115737, 27.947262 ], [ 88.099924, 27.928322 ], [ 88.097496, 27.904008 ], [ 88.104885, 27.879721 ], [ 88.118218, 27.860885 ], [ 88.095739, 27.865329 ], [ 88.052795, 27.886516 ], [ 88.029954, 27.893337 ], [ 88.018121, 27.892149 ], [ 87.991817, 27.88264 ], [ 87.978433, 27.880522 ], [ 87.966392, 27.882744 ], [ 87.945205, 27.892304 ], [ 87.93456, 27.895301 ], [ 87.856115, 27.898608 ], [ 87.836685, 27.908323 ], [ 87.825884, 27.906566 ], [ 87.814154, 27.89096 ], [ 87.798651, 27.863468 ], [ 87.779841, 27.839439 ], [ 87.756379, 27.82037 ], [ 87.726821, 27.807761 ], [ 87.700466, 27.805642 ], [ 87.678529, 27.813351 ], [ 87.659951, 27.819879 ], [ 87.636077, 27.823652 ], [ 87.621091, 27.819543 ], [ 87.589981, 27.804609 ], [ 87.573342, 27.805022 ], [ 87.565073, 27.810862 ], [ 87.559802, 27.819078 ], [ 87.555978, 27.827088 ], [ 87.551327, 27.831894 ], [ 87.531587, 27.836803 ], [ 87.514534, 27.835201 ], [ 87.47557, 27.826701 ], [ 87.38679, 27.804402 ], [ 87.369116, 27.803937 ], [ 87.369116, 27.819078 ], [ 87.380692, 27.835821 ], [ 87.385343, 27.849412 ], [ 87.363845, 27.855252 ], [ 87.335837, 27.846363 ], [ 87.313926, 27.828587 ], [ 87.290516, 27.816081 ], [ 87.232897, 27.829724 ], [ 87.181996, 27.824504 ], [ 87.155796, 27.825796 ], [ 87.116522, 27.844581 ], [ 87.062003, 27.908427 ], [ 87.030532, 27.938089 ], [ 87.005676, 27.951499 ], [ 86.988726, 27.952481 ], [ 86.982093, 27.950674 ], [ 86.970226, 27.947443 ], [ 86.940357, 27.943102 ], [ 86.914725, 27.945117 ], [ 86.893073, 27.954186 ], [ 86.876898, 27.970645 ], [ 86.868165, 27.994726 ], [ 86.868165, 27.994881 ], [ 86.840466, 28.014777 ], [ 86.76998, 28.01209 ], [ 86.739801, 28.021495 ], [ 86.732204, 28.034957 ], [ 86.735977, 28.064851 ], [ 86.731739, 28.076918 ], [ 86.717683, 28.088261 ], [ 86.699648, 28.098751 ], [ 86.680063, 28.105727 ], [ 86.661976, 28.106838 ], [ 86.64947, 28.10118 ], [ 86.627146, 28.083481 ], [ 86.612315, 28.080277 ], [ 86.596864, 28.086504 ], [ 86.583118, 28.098028 ], [ 86.569527, 28.106606 ], [ 86.553559, 28.104151 ], [ 86.544154, 28.093015 ], [ 86.54126, 28.07821 ], [ 86.540743, 28.062164 ], [ 86.538366, 28.047178 ], [ 86.530925, 28.03369 ], [ 86.522295, 28.023717 ], [ 86.516197, 28.012245 ], [ 86.516455, 27.994726 ], [ 86.516764, 27.971432 ], [ 86.510461, 27.952429 ], [ 86.496921, 27.937882 ], [ 86.475476, 27.927599 ], [ 86.438837, 27.910856 ], [ 86.425298, 27.909925 ], [ 86.405713, 27.917005 ], [ 86.371968, 27.941965 ], [ 86.362976, 27.946099 ], [ 86.353674, 27.944807 ], [ 86.345613, 27.940931 ], [ 86.337551, 27.938037 ], [ 86.327733, 27.939691 ], [ 86.318224, 27.945789 ], [ 86.29466, 27.972376 ], [ 86.278072, 27.983694 ], [ 86.259003, 27.987647 ], [ 86.238539, 27.989559 ], [ 86.218385, 27.994726 ], [ 86.21792, 27.994933 ], [ 86.217765, 27.994985 ], [ 86.203038, 28.002581 ], [ 86.19601, 28.01457 ], [ 86.189137, 28.043612 ], [ 86.18185, 28.054878 ], [ 86.17446, 28.062448 ], [ 86.172238, 28.071828 ], [ 86.180765, 28.088752 ], [ 86.187173, 28.108699 ], [ 86.186036, 28.133529 ], [ 86.176011, 28.153011 ], [ 86.15596, 28.156525 ], [ 86.068731, 28.076763 ], [ 86.070177, 28.066712 ], [ 86.081546, 28.0517 ], [ 86.084699, 28.043871 ], [ 86.083923, 28.038548 ], [ 86.079531, 28.02165 ], [ 86.079531, 28.01333 ], [ 86.077619, 28.006948 ], [ 86.079169, 28.001134 ], [ 86.089298, 27.994881 ], [ 86.089401, 27.994881 ], [ 86.089401, 27.994726 ], [ 86.098134, 27.985631 ], [ 86.098031, 27.977518 ], [ 86.095085, 27.968888 ], [ 86.095602, 27.957855 ], [ 86.100563, 27.950233 ], [ 86.107178, 27.944239 ], [ 86.112242, 27.937262 ], [ 86.112862, 27.926798 ], [ 86.107178, 27.922845 ], [ 86.075655, 27.894784 ], [ 86.061703, 27.889048 ], [ 86.0546, 27.888013 ], [ 86.051419, 27.88755 ], [ 86.026459, 27.889927 ], [ 85.98026, 27.885172 ], [ 85.96269, 27.891374 ], [ 85.951218, 27.91623 ], [ 85.951838, 27.936797 ], [ 85.956283, 27.956873 ], [ 85.956593, 27.976226 ], [ 85.943984, 27.994726 ], [ 85.908947, 28.022425 ], [ 85.898302, 28.036016 ], [ 85.890447, 28.059193 ], [ 85.889827, 28.071259 ], [ 85.891067, 28.080897 ], [ 85.889103, 28.090276 ], [ 85.87174, 28.110921 ], [ 85.867037, 28.132935 ], [ 85.863368, 28.143348 ], [ 85.848279, 28.158928 ], [ 85.826885, 28.170478 ], [ 85.782753, 28.1881 ], [ 85.756605, 28.203241 ], [ 85.734487, 28.221534 ], [ 85.715574, 28.243368 ], [ 85.699761, 28.269102 ], [ 85.698004, 28.313441 ], [ 85.692939, 28.335222 ], [ 85.679142, 28.332897 ], [ 85.67599, 28.324732 ], [ 85.676196, 28.31512 ], [ 85.675059, 28.306387 ], [ 85.668135, 28.300548 ], [ 85.646947, 28.2937 ], [ 85.639093, 28.287887 ], [ 85.611807, 28.251145 ], [ 85.59894, 28.250835 ], [ 85.585504, 28.263186 ], [ 85.565299, 28.275381 ], [ 85.543698, 28.280394 ], [ 85.52065, 28.282926 ], [ 85.497551, 28.282616 ], [ 85.475692, 28.279102 ], [ 85.44665, 28.29215 ], [ 85.43156, 28.297059 ], [ 85.41523, 28.296439 ], [ 85.401381, 28.288791 ], [ 85.377817, 28.265976 ], [ 85.362572, 28.259672 ], [ 85.345364, 28.261248 ], [ 85.334822, 28.268689 ], [ 85.325727, 28.277397 ], [ 85.312601, 28.282771 ], [ 85.301025, 28.281066 ], [ 85.27312, 28.269826 ], [ 85.259581, 28.266932 ], [ 85.243406, 28.267914 ], [ 85.223924, 28.271686 ], [ 85.205734, 28.278275 ], [ 85.173591, 28.30432 ], [ 85.154574, 28.300858 ], [ 85.134162, 28.291969 ], [ 85.109409, 28.292254 ], [ 85.087395, 28.304113 ], [ 85.080212, 28.318789 ], [ 85.081867, 28.331702 ], [ 85.08569, 28.361526 ], [ 85.08569, 28.381008 ], [ 85.077577, 28.435681 ], [ 85.083674, 28.445526 ], [ 85.109461, 28.459298 ], [ 85.115559, 28.472733 ], [ 85.115662, 28.491492 ], [ 85.117212, 28.497331 ], [ 85.123155, 28.504592 ], [ 85.140363, 28.510922 ], [ 85.14765, 28.515832 ], [ 85.153748, 28.524901 ], [ 85.156952, 28.533143 ], [ 85.16801, 28.583192 ], [ 85.160982, 28.595 ], [ 85.11189, 28.608823 ], [ 85.075044, 28.631664 ], [ 85.054942, 28.638692 ], [ 85.032101, 28.634067 ], [ 85.02528, 28.628409 ], [ 85.018769, 28.619856 ], [ 85.009157, 28.602545 ], [ 85.002491, 28.594431 ], [ 84.994067, 28.590814 ], [ 84.984766, 28.588592 ], [ 84.954948, 28.574303 ], [ 84.948954, 28.568283 ], [ 84.936448, 28.54477 ], [ 84.92849, 28.538466 ], [ 84.918723, 28.535675 ], [ 84.907871, 28.537019 ], [ 84.891438, 28.541773 ], [ 84.879294, 28.543634 ], [ 84.823949, 28.540533 ], [ 84.81196, 28.54198 ], [ 84.799144, 28.546631 ], [ 84.781781, 28.558904 ], [ 84.755632, 28.585414 ], [ 84.736615, 28.594173 ], [ 84.69083, 28.596137 ], [ 84.677756, 28.604405 ], [ 84.682975, 28.650759 ], [ 84.671141, 28.658949 ], [ 84.65228, 28.662386 ], [ 84.632642, 28.668794 ], [ 84.625821, 28.67608 ], [ 84.616209, 28.69365 ], [ 84.607218, 28.698198 ], [ 84.551821, 28.706388 ], [ 84.531977, 28.712693 ], [ 84.515647, 28.7214 ], [ 84.498594, 28.72786 ], [ 84.475753, 28.727292 ], [ 84.450845, 28.73388 ], [ 84.437822, 28.753336 ], [ 84.422733, 28.799173 ], [ 84.41431, 28.808269 ], [ 84.393071, 28.82434 ], [ 84.376586, 28.848835 ], [ 84.366302, 28.856741 ], [ 84.354003, 28.861289 ], [ 84.285997, 28.873743 ], [ 84.235147, 28.90002 ], [ 84.225291, 28.914115 ], [ 84.206725, 28.940664 ], [ 84.231427, 29.025981 ], [ 84.220575, 29.0389 ], [ 84.198199, 29.045308 ], [ 84.175461, 29.057401 ], [ 84.169725, 29.088923 ], [ 84.166211, 29.098458 ], [ 84.160113, 29.105486 ], [ 84.137996, 29.124657 ], [ 84.13226, 29.143804 ], [ 84.141716, 29.160263 ], [ 84.155204, 29.175946 ], [ 84.161663, 29.192534 ], [ 84.155462, 29.206642 ], [ 84.141975, 29.20827 ], [ 84.126007, 29.206255 ], [ 84.112364, 29.209097 ], [ 84.105336, 29.219923 ], [ 84.099135, 29.247001 ], [ 84.08973, 29.256613 ], [ 84.072057, 29.256975 ], [ 84.05304, 29.25036 ], [ 84.035211, 29.247622 ], [ 84.021517, 29.259766 ], [ 84.012525, 29.270204 ], [ 84.000898, 29.27253 ], [ 83.988237, 29.269532 ], [ 83.975835, 29.263745 ], [ 83.973251, 29.277025 ], [ 83.967257, 29.284699 ], [ 83.957955, 29.28904 ], [ 83.945553, 29.291831 ], [ 83.93315, 29.291779 ], [ 83.914392, 29.289402 ], [ 83.883438, 29.282012 ], [ 83.877391, 29.276767 ], [ 83.868865, 29.263435 ], [ 83.86163, 29.260205 ], [ 83.837859, 29.254004 ], [ 83.79321, 29.234754 ], [ 83.770628, 29.232248 ], [ 83.745358, 29.23447 ], [ 83.719727, 29.233591 ], [ 83.69549, 29.226176 ], [ 83.675078, 29.208761 ], [ 83.66774, 29.192328 ], [ 83.663399, 29.174809 ], [ 83.65601, 29.160779 ], [ 83.654992, 29.160414 ], [ 83.639266, 29.154759 ], [ 83.624435, 29.155457 ], [ 83.583818, 29.162149 ], [ 83.572035, 29.168402 ], [ 83.56139, 29.176231 ], [ 83.535965, 29.179228 ], [ 83.523718, 29.183594 ], [ 83.517052, 29.191708 ], [ 83.514571, 29.20181 ], [ 83.512504, 29.223489 ], [ 83.502996, 29.261032 ], [ 83.493384, 29.276147 ], [ 83.475814, 29.286921 ], [ 83.448219, 29.296766 ], [ 83.437212, 29.305241 ], [ 83.428168, 29.333456 ], [ 83.417781, 29.340898 ], [ 83.405017, 29.346479 ], [ 83.393132, 29.356245 ], [ 83.388274, 29.370224 ], [ 83.389411, 29.382445 ], [ 83.38724, 29.393504 ], [ 83.35701, 29.415363 ], [ 83.355201, 29.427972 ], [ 83.357785, 29.442752 ], [ 83.355201, 29.460735 ], [ 83.327968, 29.485023 ], [ 83.26394, 29.473008 ], [ 83.247197, 29.494738 ], [ 83.248748, 29.506572 ], [ 83.254019, 29.51329 ], [ 83.25991, 29.518768 ], [ 83.26332, 29.527088 ], [ 83.26084, 29.542048 ], [ 83.252572, 29.5552 ], [ 83.229317, 29.575948 ], [ 83.221876, 29.579824 ], [ 83.204926, 29.584914 ], [ 83.197175, 29.589099 ], [ 83.194487, 29.593647 ], [ 83.19087, 29.606902 ], [ 83.187253, 29.612095 ], [ 83.173558, 29.621268 ], [ 83.162086, 29.62517 ], [ 83.150046, 29.625635 ], [ 83.126688, 29.623413 ], [ 83.100281, 29.617676 ], [ 83.093357, 29.615144 ], [ 83.088447, 29.604421 ], [ 83.085553, 29.590391 ], [ 83.079559, 29.579643 ], [ 83.064935, 29.57879 ], [ 83.054496, 29.586051 ], [ 83.040905, 29.610287 ], [ 83.032895, 29.620467 ], [ 82.975896, 29.66403 ], [ 82.964321, 29.665891 ], [ 82.9421, 29.662945 ], [ 82.931919, 29.664185 ], [ 82.923703, 29.669663 ], [ 82.90913, 29.684623 ], [ 82.899725, 29.688422 ], [ 82.880088, 29.681109 ], [ 82.857454, 29.666201 ], [ 82.836576, 29.659793 ], [ 82.822365, 29.677957 ], [ 82.815544, 29.690127 ], [ 82.805157, 29.695966 ], [ 82.793065, 29.699506 ], [ 82.781076, 29.705113 ], [ 82.77012, 29.714156 ], [ 82.751517, 29.739323 ], [ 82.690952, 29.780741 ], [ 82.681754, 29.797717 ], [ 82.684648, 29.809706 ], [ 82.689195, 29.819576 ], [ 82.688988, 29.827741 ], [ 82.67731, 29.834407 ], [ 82.666974, 29.835028 ], [ 82.646407, 29.829343 ], [ 82.635865, 29.829033 ], [ 82.618502, 29.839833 ], [ 82.541814, 29.923239 ], [ 82.524244, 29.932386 ], [ 82.475823, 29.945512 ], [ 82.457065, 29.95409 ], [ 82.438926, 29.965769 ], [ 82.422855, 29.97967 ], [ 82.409781, 29.994604 ], [ 82.394433, 30.003131 ], [ 82.379137, 30.003234 ], [ 82.363737, 30.001167 ], [ 82.347304, 30.003441 ], [ 82.339087, 30.009229 ], [ 82.32715, 30.025714 ], [ 82.318882, 30.031811 ], [ 82.296506, 30.036824 ], [ 82.27599, 30.036927 ], [ 82.255733, 30.039666 ], [ 82.210671, 30.064419 ], [ 82.192171, 30.061474 ], [ 82.17424, 30.055479 ], [ 82.153827, 30.058166 ], [ 82.144526, 30.069432 ], [ 82.135224, 30.089741 ], [ 82.128713, 30.110773 ], [ 82.127576, 30.124364 ], [ 82.150985, 30.162243 ], [ 82.155688, 30.181363 ], [ 82.140391, 30.194024 ], [ 82.114243, 30.202189 ], [ 82.095898, 30.213454 ], [ 82.084994, 30.230817 ], [ 82.0821, 30.257327 ], [ 82.093211, 30.31474 ], [ 82.088767, 30.330088 ], [ 82.073212, 30.337219 ], [ 82.049854, 30.339235 ], [ 82.007635, 30.336806 ], [ 81.998178, 30.334067 ], [ 81.988463, 30.329778 ], [ 81.978851, 30.326832 ], [ 81.969032, 30.328279 ], [ 81.962108, 30.333653 ], [ 81.950119, 30.348381 ], [ 81.941231, 30.353962 ], [ 81.92149, 30.357373 ], [ 81.887177, 30.354996 ], [ 81.844389, 30.371171 ], [ 81.822788, 30.368173 ], [ 81.801497, 30.3613 ], [ 81.779018, 30.358045 ], [ 81.757366, 30.362902 ], [ 81.635719, 30.410961 ], [ 81.614015, 30.416904 ], [ 81.591588, 30.414269 ], [ 81.585077, 30.408119 ], [ 81.581976, 30.399438 ], [ 81.576705, 30.390963 ], [ 81.563269, 30.385588 ], [ 81.544252, 30.382643 ], [ 81.536811, 30.37856 ], [ 81.531953, 30.370344 ], [ 81.520688, 30.331948 ], [ 81.509371, 30.328382 ], [ 81.483067, 30.331896 ], [ 81.46281, 30.341353 ], [ 81.42612, 30.372514 ], [ 81.407413, 30.37918 ], [ 81.387518, 30.373909 ], [ 81.384882, 30.360939 ], [ 81.387259, 30.345126 ], [ 81.382143, 30.331276 ], [ 81.37155, 30.31691 ], [ 81.368036, 30.301046 ], [ 81.369017, 30.266061 ], [ 81.370516, 30.257276 ], [ 81.376924, 30.241204 ], [ 81.377854, 30.232626 ], [ 81.374392, 30.223118 ], [ 81.361834, 30.204772 ], [ 81.357287, 30.17356 ], [ 81.350052, 30.15723 ], [ 81.33827, 30.143536 ], [ 81.322405, 30.133769 ], [ 81.309538, 30.132064 ], [ 81.29326, 30.132839 ], [ 81.277705, 30.131857 ], [ 81.266956, 30.125087 ], [ 81.266336, 30.117749 ], [ 81.274501, 30.102195 ], [ 81.275948, 30.095373 ], [ 81.272021, 30.079922 ], [ 81.267903, 30.072053 ], [ 81.266801, 30.069949 ], [ 81.257086, 30.063541 ], [ 81.239516, 30.058787 ], [ 81.225719, 30.050467 ], [ 81.227269, 30.022458 ], [ 81.21683, 30.008195 ], [ 81.194506, 30.004475 ], [ 81.148101, 30.023233 ], [ 81.124588, 30.022768 ], [ 81.097768, 30.016929 ], [ 81.084849, 30.026179 ], [ 81.084454, 30.027876 ], [ 81.074203, 30.071912 ], [ 81.066607, 30.087157 ], [ 81.043663, 30.12023 ], [ 81.030898, 30.152734 ], [ 81.019426, 30.172268 ], [ 81.006507, 30.188908 ], [ 80.996017, 30.196969 ], [ 81.003303, 30.212731 ], [ 80.996275, 30.22689 ], [ 80.976018, 30.255209 ], [ 80.943772, 30.270143 ], [ 80.866981, 30.288488 ], [ 80.781663, 30.320993 ], [ 80.767194, 30.331431 ], [ 80.754998, 30.345797 ], [ 80.735361, 30.378199 ], [ 80.723062, 30.392048 ], [ 80.694743, 30.411737 ], [ 80.596351, 30.459796 ], [ 80.575267, 30.466255 ], [ 80.559971, 30.465118 ], [ 80.545088, 30.461036 ], [ 80.525141, 30.458607 ], [ 80.508295, 30.462328 ], [ 80.475429, 30.480466 ], [ 80.424992, 30.497829 ], [ 80.325877, 30.546509 ], [ 80.252806, 30.565009 ], [ 80.21622, 30.566818 ], [ 80.179839, 30.559479 ], [ 80.188418, 30.576998 ], [ 80.197823, 30.591364 ], [ 80.2033, 30.60635 ], [ 80.19989, 30.625884 ], [ 80.190588, 30.637976 ], [ 80.177255, 30.649862 ], [ 80.16692, 30.661902 ], [ 80.16661, 30.674408 ], [ 80.172915, 30.679162 ], [ 80.18201, 30.680041 ], [ 80.191725, 30.679679 ], [ 80.19989, 30.680712 ], [ 80.207021, 30.686138 ], [ 80.231412, 30.724947 ], [ 80.224591, 30.734094 ], [ 80.196066, 30.748098 ], [ 80.169297, 30.785254 ], [ 80.157102, 30.79316 ], [ 80.140669, 30.793212 ], [ 80.109249, 30.778122 ], [ 80.092196, 30.774505 ], [ 80.062534, 30.784789 ], [ 80.044447, 30.8067 ], [ 80.028634, 30.830781 ], [ 80.005586, 30.847266 ], [ 79.934893, 30.872535 ], [ 79.91937, 30.881182 ], [ 79.914635, 30.883819 ], [ 79.903164, 30.890209 ], [ 79.880426, 30.912843 ], [ 79.862856, 30.941523 ], [ 79.85035, 30.954494 ], [ 79.833504, 30.961522 ], [ 79.76064, 30.977232 ], [ 79.739039, 30.979247 ], [ 79.6885, 30.967413 ], [ 79.648192, 30.96576 ], [ 79.630312, 30.962504 ], [ 79.589488, 30.940231 ], [ 79.577809, 30.938371 ], [ 79.565923, 30.942454 ], [ 79.544219, 30.947414 ], [ 79.529646, 30.953564 ], [ 79.512697, 30.966173 ], [ 79.497607, 30.981211 ], [ 79.488202, 30.994492 ], [ 79.486858, 31.000228 ], [ 79.484275, 31.005447 ], [ 79.480761, 31.010046 ], [ 79.47642, 31.014025 ], [ 79.46164, 31.021105 ], [ 79.446344, 31.023792 ], [ 79.430738, 31.023172 ], [ 79.414408, 31.020382 ], [ 79.401592, 31.023637 ], [ 79.394978, 31.036711 ], [ 79.388363, 31.069474 ], [ 79.382593, 31.078335 ], [ 79.372343, 31.094072 ], [ 79.367048, 31.111559 ], [ 79.319417, 31.14228 ], [ 79.302162, 31.16345 ], [ 79.303209, 31.183104 ], [ 79.298078, 31.203242 ], [ 79.288321, 31.225474 ], [ 79.278316, 31.240044 ], [ 79.25286, 31.245437 ], [ 79.24843, 31.256704 ], [ 79.262024, 31.278513 ], [ 79.25411, 31.299006 ], [ 79.239239, 31.311724 ], [ 79.238319, 31.329656 ], [ 79.207628, 31.351373 ], [ 79.192442, 31.369789 ], [ 79.179218, 31.393796 ], [ 79.157693, 31.414926 ], [ 79.131397, 31.438433 ], [ 79.07799, 31.461664 ], [ 79.07021, 31.461381 ], [ 79.049937, 31.422953 ], [ 79.015529, 31.383397 ], [ 78.988801, 31.343256 ], [ 78.959552, 31.325117 ], [ 78.940282, 31.301576 ], [ 78.921008, 31.269685 ], [ 78.886972, 31.284171 ], [ 78.861987, 31.291476 ], [ 78.848654, 31.290908 ], [ 78.821989, 31.293698 ], [ 78.796048, 31.288117 ], [ 78.784472, 31.288272 ], [ 78.753156, 31.301966 ], [ 78.745095, 31.308116 ], [ 78.740857, 31.317728 ], [ 78.73848, 31.334988 ], [ 78.745508, 31.373538 ], [ 78.760081, 31.412037 ], [ 78.762561, 31.44511 ], [ 78.733003, 31.467744 ], [ 78.695382, 31.488105 ], [ 78.699516, 31.510016 ], [ 78.796978, 31.578849 ], [ 78.814031, 31.595023 ], [ 78.818889, 31.607374 ], [ 78.795324, 31.633781 ], [ 78.758117, 31.666595 ], [ 78.739824, 31.666027 ], [ 78.731349, 31.668042 ], [ 78.724011, 31.673313 ], [ 78.71843, 31.6806 ], [ 78.710472, 31.69817 ], [ 78.698069, 31.711037 ], [ 78.693212, 31.71853 ], [ 78.692592, 31.7284 ], [ 78.695175, 31.737961 ], [ 78.695589, 31.746694 ], [ 78.670887, 31.770517 ], [ 78.674091, 31.78695 ], [ 78.700343, 31.821676 ], [ 78.706648, 31.840797 ], [ 78.714192, 31.883016 ], [ 78.720187, 31.902912 ], [ 78.741994, 31.945338 ], [ 78.744578, 31.9642 ], [ 78.733829, 31.984664 ], [ 78.722151, 31.994586 ], [ 78.678329, 32.016755 ], [ 78.649287, 32.036444 ], [ 78.551825, 32.15039 ], [ 78.534978, 32.181344 ], [ 78.513068, 32.20757 ], [ 78.476481, 32.224417 ], [ 78.469017, 32.226533 ], [ 78.468541, 32.226668 ], [ 78.457981, 32.229662 ], [ 78.456327, 32.242116 ], [ 78.461391, 32.260151 ], [ 78.462735, 32.281803 ], [ 78.43886, 32.373296 ], [ 78.435966, 32.377973 ], [ 78.434519, 32.383761 ], [ 78.43638, 32.396163 ], [ 78.441444, 32.404948 ], [ 78.448162, 32.410658 ], [ 78.452193, 32.416782 ], [ 78.448782, 32.426782 ], [ 78.409198, 32.476623 ], [ 78.380983, 32.528041 ], [ 78.384807, 32.547549 ], [ 78.408165, 32.558376 ], [ 78.447542, 32.566256 ], [ 78.589859, 32.569925 ], [ 78.630166, 32.578013 ], [ 78.647736, 32.585971 ], [ 78.664893, 32.599019 ], [ 78.694452, 32.629663 ], [ 78.713262, 32.637518 ], [ 78.736827, 32.629844 ], [ 78.750986, 32.612791 ], [ 78.749126, 32.595867 ], [ 78.740651, 32.578684 ], [ 78.734966, 32.560649 ], [ 78.73693, 32.545792 ], [ 78.754707, 32.493806 ], [ 78.77145, 32.461663 ], [ 78.855682, 32.400452 ], [ 78.881521, 32.376268 ], [ 78.911286, 32.354745 ], [ 78.943429, 32.346373 ], [ 78.976192, 32.361618 ], [ 78.989834, 32.364098 ], [ 79.014742, 32.373994 ], [ 79.028178, 32.377095 ], [ 79.039651, 32.375984 ], [ 79.066316, 32.370067 ], [ 79.075307, 32.37079 ], [ 79.09174, 32.390556 ], [ 79.102902, 32.449855 ], [ 79.112928, 32.472386 ], [ 79.132875, 32.48546 ], [ 79.1614, 32.496467 ], [ 79.191166, 32.50427 ], [ 79.215247, 32.507914 ], [ 79.235608, 32.504296 ], [ 79.287412, 32.532579 ], [ 79.320466, 32.592267 ], [ 79.379477, 32.57645 ], [ 79.40682, 32.529683 ], [ 79.443497, 32.534773 ], [ 79.472113, 32.565472 ], [ 79.515741, 32.60812 ], [ 79.531201, 32.648317 ], [ 79.57617, 32.670646 ], [ 79.620673, 32.728725 ], [ 79.613913, 32.765035 ], [ 79.564093, 32.793928 ], [ 79.471089, 32.908959 ], [ 79.414089, 32.972053 ], [ 79.378462, 32.978881 ], [ 79.333586, 32.994292 ], [ 79.339787, 33.013257 ], [ 79.399273, 33.026878 ], [ 79.381063, 33.061768 ], [ 79.37317, 33.11214 ], [ 79.423475, 33.157825 ], [ 79.456096, 33.250399 ], [ 79.420084, 33.275169 ], [ 79.340307, 33.275132 ], [ 79.260061, 33.291776 ], [ 79.150213, 33.292555 ], [ 79.125038, 33.290203 ], [ 79.098028, 33.287655 ], [ 79.075048, 33.295743 ], [ 79.053278, 33.307873 ], [ 79.023041, 33.31798 ], [ 78.993449, 33.330782 ], [ 78.964986, 33.344254 ], [ 78.917694, 33.386258 ], [ 78.915948, 33.387656 ] ] ] } },
{ "type": "Feature", "properties": { "ADMIN": "Siachen Glacier", "SOVEREIGNT": "Kashmir", "TYPE": "Indeterminate", "NAME": "Siachen Glacier", "ISO_A3": "-99" }, "geometry": { "type": "Polygon", "coordinates": [ [ [ 76.913161, 35.378277 ], [ 76.777351, 35.646112 ], [ 76.782837, 35.645732 ], [ 76.824592, 35.647799 ], [ 76.842989, 35.641288 ], [ 76.856941, 35.628576 ], [ 76.880506, 35.60067 ], [ 76.896422, 35.589612 ], [ 76.915026, 35.583152 ], [ 76.9358, 35.579638 ], [ 76.976417, 35.578656 ], [ 77.017552, 35.584599 ], [ 77.039049, 35.585013 ], [ 77.058169, 35.580103 ], [ 77.071089, 35.571008 ], [ 77.092276, 35.547805 ], [ 77.105298, 35.537987 ], [ 77.141265, 35.525378 ], [ 77.177542, 35.523156 ], [ 77.250819, 35.530701 ], [ 77.281102, 35.528013 ], [ 77.305389, 35.517833 ], [ 77.352002, 35.486052 ], [ 77.383731, 35.471996 ], [ 77.412773, 35.469412 ], [ 77.476438, 35.477164 ], [ 77.512199, 35.478456 ], [ 77.519608, 35.477439 ], [ 77.660613, 35.458095 ], [ 77.689655, 35.462694 ], [ 77.716734, 35.475407 ], [ 77.74743, 35.49432 ], [ 77.760349, 35.498093 ], [ 77.773578, 35.498971 ], [ 77.800346, 35.495406 ], [ 77.424659, 35.302924 ], [ 77.048971, 35.110442 ], [ 76.913161, 35.378277 ] ] ] } },
{ "type": "Feature", "properties": { "ADMIN": "Tajikistan", "SOVEREIGNT": "Tajikistan", "TYPE": "Sovereign country", "NAME": "Tajikistan", "ISO_A3": "TJK" }, "geometry": { "type": "MultiPolygon", "coordinates": [ [ [ [ 70.593448, 41.009384 ], [ 70.61665, 40.99352 ], [ 70.6305, 40.976415 ], [ 70.643419, 40.952282 ], [ 70.645072, 40.935177 ], [ 70.625229, 40.938691 ], [ 70.608382, 40.950938 ], [ 70.579133, 40.980859 ], [ 70.562494, 40.993778 ], [ 70.56146, 40.994605 ], [ 70.549781, 41.015224 ], [ 70.565904, 41.018376 ], [ 70.593448, 41.009384 ] ] ], [ [ [ 70.979522, 40.214084 ], [ 70.962883, 40.189693 ], [ 70.929293, 40.170624 ], [ 70.898545, 40.162614 ], [ 70.845164, 40.171813 ], [ 70.831831, 40.168195 ], [ 70.824906, 40.163544 ], [ 70.806716, 40.156155 ], [ 70.806045, 40.157653 ], [ 70.802686, 40.160134 ], [ 70.797725, 40.161942 ], [ 70.792144, 40.161374 ], [ 70.788733, 40.158997 ], [ 70.782532, 40.152589 ], [ 70.743464, 40.127113 ], [ 70.729822, 40.120705 ], [ 70.66595, 40.104168 ], [ 70.63944, 40.084945 ], [ 70.634737, 40.059313 ], [ 70.635977, 40.028514 ], [ 70.627399, 39.993891 ], [ 70.613963, 39.975752 ], [ 70.5966, 39.961955 ], [ 70.576601, 39.952239 ], [ 70.555052, 39.946245 ], [ 70.512574, 39.94516 ], [ 70.500895, 39.940561 ], [ 70.494177, 39.931672 ], [ 70.485961, 39.909606 ], [ 70.477227, 39.900925 ], [ 70.455627, 39.906816 ], [ 70.44803, 39.919993 ], [ 70.450872, 39.937408 ], [ 70.460226, 39.956115 ], [ 70.473197, 39.97012 ], [ 70.488493, 39.978543 ], [ 70.505029, 39.985106 ], [ 70.520946, 39.993736 ], [ 70.535622, 40.015957 ], [ 70.525493, 40.033682 ], [ 70.502135, 40.045981 ], [ 70.477227, 40.052027 ], [ 70.397646, 40.061225 ], [ 70.359509, 40.074041 ], [ 70.324265, 40.077503 ], [ 70.306282, 40.08479 ], [ 70.290262, 40.098174 ], [ 70.277808, 40.112075 ], [ 70.263494, 40.12427 ], [ 70.241531, 40.132745 ], [ 70.218535, 40.134141 ], [ 70.168822, 40.13166 ], [ 70.14717, 40.136983 ], [ 70.004595, 40.208761 ], [ 69.969558, 40.211603 ], [ 69.575474, 40.1036 ], [ 69.558834, 40.101739 ], [ 69.543021, 40.103083 ], [ 69.536613, 40.107889 ], [ 69.526071, 40.123185 ], [ 69.518009, 40.125097 ], [ 69.513462, 40.120705 ], [ 69.509224, 40.103445 ], [ 69.506331, 40.096933 ], [ 69.485712, 40.073731 ], [ 69.46964, 40.050993 ], [ 69.463129, 40.025413 ], [ 69.471191, 39.993684 ], [ 69.475118, 39.987741 ], [ 69.477288, 39.981592 ], [ 69.478115, 39.975029 ], [ 69.477288, 39.968156 ], [ 69.500439, 39.935703 ], [ 69.501576, 39.922474 ], [ 69.405355, 39.896119 ], [ 69.357296, 39.959474 ], [ 69.32784, 39.984744 ], [ 69.313991, 39.986914 ], [ 69.310322, 39.984796 ], [ 69.310064, 39.978646 ], [ 69.305671, 39.968621 ], [ 69.286447, 39.935755 ], [ 69.240714, 39.82894 ], [ 69.229552, 39.790544 ], [ 69.226296, 39.751011 ], [ 69.233324, 39.732666 ], [ 69.248362, 39.719385 ], [ 69.265932, 39.707758 ], [ 69.280091, 39.694271 ], [ 69.287533, 39.677786 ], [ 69.29115, 39.658872 ], [ 69.286189, 39.539707 ], [ 69.300348, 39.515625 ], [ 69.339726, 39.528079 ], [ 69.345927, 39.535366 ], [ 69.348407, 39.543169 ], [ 69.352025, 39.549628 ], [ 69.361637, 39.552884 ], [ 69.367218, 39.549938 ], [ 69.391454, 39.530508 ], [ 69.412176, 39.52503 ], [ 69.455274, 39.530456 ], [ 69.477288, 39.530405 ], [ 69.496099, 39.532575 ], [ 69.514392, 39.537588 ], [ 69.531445, 39.545649 ], [ 69.564932, 39.568129 ], [ 69.582295, 39.573555 ], [ 69.669421, 39.577792 ], [ 69.710349, 39.574071 ], [ 69.74983, 39.563839 ], [ 69.791585, 39.545391 ], [ 69.830445, 39.536244 ], [ 69.907753, 39.548492 ], [ 69.948629, 39.545081 ], [ 69.978757, 39.534436 ], [ 69.987128, 39.539603 ], [ 70.002734, 39.556863 ], [ 70.019684, 39.568594 ], [ 70.040355, 39.573606 ], [ 70.062266, 39.573451 ], [ 70.08273, 39.569782 ], [ 70.116268, 39.554641 ], [ 70.132442, 39.550042 ], [ 70.148979, 39.554279 ], [ 70.15735, 39.563891 ], [ 70.185204, 39.610348 ], [ 70.200655, 39.619495 ], [ 70.210267, 39.609728 ], [ 70.214814, 39.591125 ], [ 70.215021, 39.574071 ], [ 70.204376, 39.538156 ], [ 70.20603, 39.5241 ], [ 70.223289, 39.519088 ], [ 70.241066, 39.522395 ], [ 70.33026, 39.573089 ], [ 70.343179, 39.576862 ], [ 70.353462, 39.575932 ], [ 70.374288, 39.571022 ], [ 70.384313, 39.570867 ], [ 70.390411, 39.57402 ], [ 70.395372, 39.579497 ], [ 70.40147, 39.584768 ], [ 70.411082, 39.587456 ], [ 70.427618, 39.590091 ], [ 70.459967, 39.599548 ], [ 70.477227, 39.601201 ], [ 70.490973, 39.596861 ], [ 70.513504, 39.581513 ], [ 70.526113, 39.575622 ], [ 70.54358, 39.574278 ], [ 70.58027, 39.579549 ], [ 70.59784, 39.577792 ], [ 70.622128, 39.563529 ], [ 70.635977, 39.542497 ], [ 70.655598, 39.494664 ], [ 70.655925, 39.49387 ], [ 70.655976, 39.493714 ], [ 70.666725, 39.486893 ], [ 70.690134, 39.479193 ], [ 70.699746, 39.472165 ], [ 70.705431, 39.458523 ], [ 70.703053, 39.444725 ], [ 70.698609, 39.431393 ], [ 70.698092, 39.41899 ], [ 70.713285, 39.398423 ], [ 70.739744, 39.386228 ], [ 70.770129, 39.382093 ], [ 70.797621, 39.385349 ], [ 70.828059, 39.398578 ], [ 70.840099, 39.40142 ], [ 70.855292, 39.40173 ], [ 70.864181, 39.400594 ], [ 70.872242, 39.402971 ], [ 70.884489, 39.413874 ], [ 70.903351, 39.420851 ], [ 70.925159, 39.412944 ], [ 70.949808, 39.400749 ], [ 70.977145, 39.394909 ], [ 71.009288, 39.407622 ], [ 71.027581, 39.435217 ], [ 71.042309, 39.467876 ], [ 71.062928, 39.495627 ], [ 71.095898, 39.51237 ], [ 71.137446, 39.521155 ], [ 71.179975, 39.523015 ], [ 71.236923, 39.514488 ], [ 71.249273, 39.514385 ], [ 71.260074, 39.520638 ], [ 71.291958, 39.548957 ], [ 71.305911, 39.557173 ], [ 71.340586, 39.571694 ], [ 71.347872, 39.576242 ], [ 71.361618, 39.587559 ], [ 71.368543, 39.591486 ], [ 71.378309, 39.594173 ], [ 71.406731, 39.598153 ], [ 71.441251, 39.610658 ], [ 71.459545, 39.612105 ], [ 71.493031, 39.596241 ], [ 71.509654, 39.584998 ], [ 71.510911, 39.584148 ], [ 71.52538, 39.569162 ], [ 71.531375, 39.553091 ], [ 71.526001, 39.538156 ], [ 71.500576, 39.509217 ], [ 71.492101, 39.493663 ], [ 71.512875, 39.458833 ], [ 71.554319, 39.444157 ], [ 71.602792, 39.442348 ], [ 71.704594, 39.458988 ], [ 71.724438, 39.459401 ], [ 71.740251, 39.448343 ], [ 71.749243, 39.425502 ], [ 71.751827, 39.399663 ], [ 71.748106, 39.379561 ], [ 71.736634, 39.364575 ], [ 71.723198, 39.353981 ], [ 71.712966, 39.341527 ], [ 71.710899, 39.32096 ], [ 71.71834, 39.301065 ], [ 71.732913, 39.285097 ], [ 71.751207, 39.274245 ], [ 71.77043, 39.269542 ], [ 71.807017, 39.272849 ], [ 71.843501, 39.285045 ], [ 71.942306, 39.339047 ], [ 71.959152, 39.345868 ], [ 71.996463, 39.351863 ], [ 72.031499, 39.366694 ], [ 72.049793, 39.368864 ], [ 72.06695, 39.358477 ], [ 72.078112, 39.336618 ], [ 72.084106, 39.311245 ], [ 72.08576, 39.290109 ], [ 72.094751, 39.275072 ], [ 72.115525, 39.268147 ], [ 72.158623, 39.262617 ], [ 72.167098, 39.258742 ], [ 72.182395, 39.249337 ], [ 72.203272, 39.24081 ], [ 72.206373, 39.234609 ], [ 72.206476, 39.226883 ], [ 72.209163, 39.217297 ], [ 72.218568, 39.20089 ], [ 72.228668, 39.189502 ], [ 72.228903, 39.189237 ], [ 72.240272, 39.189909 ], [ 72.281407, 39.259724 ], [ 72.304248, 39.31357 ], [ 72.31634, 39.328815 ], [ 72.334117, 39.333828 ], [ 72.355924, 39.336101 ], [ 72.393234, 39.350829 ], [ 72.410701, 39.351346 ], [ 72.443567, 39.344783 ], [ 72.460414, 39.344111 ], [ 72.476744, 39.346127 ], [ 72.50806, 39.371965 ], [ 72.519015, 39.375686 ], [ 72.534104, 39.372327 ], [ 72.559426, 39.359562 ], [ 72.575756, 39.359304 ], [ 72.587021, 39.364885 ], [ 72.606141, 39.383489 ], [ 72.616373, 39.390413 ], [ 72.633737, 39.394496 ], [ 72.65048, 39.393772 ], [ 72.835275, 39.356204 ], [ 72.850468, 39.35672 ], [ 72.893669, 39.363903 ], [ 72.91434, 39.362715 ], [ 72.976765, 39.352224 ], [ 72.994335, 39.347832 ], [ 73.009321, 39.348607 ], [ 73.058414, 39.368813 ], [ 73.071126, 39.370725 ], [ 73.083425, 39.367831 ], [ 73.100995, 39.361164 ], [ 73.136032, 39.353465 ], [ 73.167864, 39.355377 ], [ 73.269357, 39.382558 ], [ 73.326408, 39.390878 ], [ 73.333332, 39.40111 ], [ 73.335503, 39.415166 ], [ 73.343151, 39.430669 ], [ 73.367645, 39.443795 ], [ 73.476889, 39.464776 ], [ 73.512236, 39.467411 ], [ 73.604323, 39.459608 ], [ 73.632642, 39.448343 ], [ 73.631919, 39.428809 ], [ 73.642564, 39.371758 ], [ 73.643804, 39.351294 ], [ 73.641324, 39.335275 ], [ 73.610111, 39.26546 ], [ 73.602256, 39.235772 ], [ 73.607837, 39.207324 ], [ 73.631402, 39.175103 ], [ 73.673776, 39.142625 ], [ 73.682975, 39.12875 ], [ 73.691863, 39.094462 ], [ 73.698168, 39.078417 ], [ 73.70933, 39.065472 ], [ 73.768654, 39.029919 ], [ 73.801624, 39.001445 ], [ 73.81599, 38.993771 ], [ 73.826119, 38.976898 ], [ 73.829116, 38.960155 ], [ 73.823948, 38.944937 ], [ 73.809582, 38.932663 ], [ 73.787878, 38.927082 ], [ 73.739922, 38.926927 ], [ 73.717185, 38.918582 ], [ 73.702922, 38.907032 ], [ 73.688969, 38.89109 ], [ 73.680804, 38.872977 ], [ 73.683698, 38.854942 ], [ 73.695791, 38.840111 ], [ 73.724936, 38.814557 ], [ 73.735892, 38.800423 ], [ 73.738992, 38.781096 ], [ 73.732688, 38.737172 ], [ 73.736408, 38.721669 ], [ 73.772272, 38.674617 ], [ 73.779093, 38.660199 ], [ 73.788602, 38.618574 ], [ 73.797387, 38.602839 ], [ 73.816403, 38.586586 ], [ 73.83356, 38.577956 ], [ 73.869734, 38.566794 ], [ 73.887097, 38.559043 ], [ 73.917276, 38.53708 ], [ 73.932882, 38.529665 ], [ 74.028897, 38.527236 ], [ 74.045537, 38.530414 ], [ 74.058766, 38.547028 ], [ 74.050808, 38.56266 ], [ 74.038095, 38.579223 ], [ 74.037269, 38.598472 ], [ 74.044917, 38.603459 ], [ 74.084397, 38.614027 ], [ 74.091425, 38.620434 ], [ 74.092872, 38.628754 ], [ 74.092666, 38.637694 ], [ 74.095043, 38.645756 ], [ 74.109099, 38.662292 ], [ 74.123361, 38.669475 ], [ 74.140415, 38.669217 ], [ 74.202013, 38.652319 ], [ 74.221443, 38.649709 ], [ 74.243768, 38.6502 ], [ 74.313427, 38.669217 ], [ 74.334201, 38.666995 ], [ 74.476622, 38.612063 ], [ 74.64612, 38.56111 ], [ 74.66431, 38.549018 ], [ 74.679607, 38.53491 ], [ 74.696453, 38.52398 ], [ 74.719087, 38.521526 ], [ 74.742032, 38.523076 ], [ 74.760325, 38.519975 ], [ 74.776345, 38.510674 ], [ 74.792158, 38.494034 ], [ 74.792261, 38.493853 ], [ 74.801253, 38.48282 ], [ 74.808488, 38.477652 ], [ 74.826161, 38.469643 ], [ 74.832879, 38.463648 ], [ 74.835773, 38.455173 ], [ 74.837116, 38.445742 ], [ 74.844351, 38.417243 ], [ 74.844144, 38.397761 ], [ 74.838253, 38.379416 ], [ 74.826678, 38.363215 ], [ 74.784303, 38.325672 ], [ 74.774795, 38.309627 ], [ 74.771074, 38.29154 ], [ 74.771281, 38.196274 ], [ 74.790711, 38.081449 ], [ 74.809935, 38.053208 ], [ 74.880421, 38.02166 ], [ 74.892824, 37.994013 ], [ 74.888793, 37.930916 ], [ 74.89117, 37.904251 ], [ 74.890756, 37.897714 ], [ 74.89396, 37.892262 ], [ 74.905226, 37.886939 ], [ 74.913701, 37.880841 ], [ 74.911634, 37.873762 ], [ 74.894581, 37.852109 ], [ 74.887346, 37.848931 ], [ 74.883212, 37.843867 ], [ 74.886106, 37.83056 ], [ 74.89117, 37.823041 ], [ 74.898405, 37.817589 ], [ 74.949254, 37.795317 ], [ 74.96145, 37.785473 ], [ 74.965171, 37.767463 ], [ 74.96176, 37.758084 ], [ 74.954422, 37.747723 ], [ 74.938609, 37.730825 ], [ 74.931891, 37.721575 ], [ 74.92879, 37.712428 ], [ 74.92693, 37.703591 ], [ 74.923623, 37.695323 ], [ 74.91091, 37.680233 ], [ 74.897061, 37.667573 ], [ 74.886106, 37.653465 ], [ 74.882178, 37.634422 ], [ 74.891893, 37.599205 ], [ 74.915044, 37.570731 ], [ 74.945223, 37.548562 ], [ 75.035864, 37.506394 ], [ 75.053434, 37.493837 ], [ 75.103973, 37.44061 ], [ 75.132499, 37.418492 ], [ 75.164125, 37.400638 ], [ 75.115239, 37.387797 ], [ 75.091778, 37.378443 ], [ 75.079582, 37.361235 ], [ 75.077102, 37.324209 ], [ 75.06842, 37.312142 ], [ 74.975402, 37.284289 ], [ 74.951528, 37.281291 ], [ 74.932924, 37.272506 ], [ 74.923726, 37.255195 ], [ 74.912667, 37.238994 ], [ 74.892307, 37.231114 ], [ 74.862644, 37.244601 ], [ 74.816859, 37.306923 ], [ 74.78854, 37.331159 ], [ 74.660383, 37.393972 ], [ 74.631444, 37.381079 ], [ 74.529848, 37.375756 ], [ 74.521167, 37.375601 ], [ 74.512692, 37.377229 ], [ 74.476622, 37.386091 ], [ 74.454814, 37.393636 ], [ 74.435901, 37.392344 ], [ 74.418331, 37.389192 ], [ 74.389392, 37.393403 ], [ 74.378126, 37.393765 ], [ 74.368204, 37.396375 ], [ 74.353632, 37.415909 ], [ 74.343813, 37.420999 ], [ 74.332444, 37.420353 ], [ 74.320869, 37.413893 ], [ 74.315598, 37.426916 ], [ 74.303816, 37.400173 ], [ 74.279424, 37.397512 ], [ 74.250382, 37.403687 ], [ 74.223924, 37.403351 ], [ 74.207697, 37.389915 ], [ 74.206044, 37.355654 ], [ 74.187647, 37.338394 ], [ 74.163256, 37.330074 ], [ 74.052151, 37.312246 ], [ 73.976704, 37.290283 ], [ 73.95562, 37.286769 ], [ 73.899292, 37.265478 ], [ 73.856401, 37.261577 ], [ 73.836247, 37.256745 ], [ 73.798213, 37.22853 ], [ 73.783951, 37.225894 ], [ 73.768654, 37.228892 ], [ 73.746123, 37.230545 ], [ 73.736202, 37.227651 ], [ 73.719975, 37.217549 ], [ 73.709227, 37.217006 ], [ 73.702405, 37.221166 ], [ 73.688039, 37.236901 ], [ 73.680494, 37.242457 ], [ 73.659927, 37.243748 ], [ 73.617656, 37.233181 ], [ 73.601636, 37.24088 ], [ 73.597295, 37.261809 ], [ 73.609904, 37.281395 ], [ 73.630988, 37.295993 ], [ 73.651969, 37.302065 ], [ 73.690416, 37.305218 ], [ 73.704989, 37.310954 ], [ 73.722249, 37.322452 ], [ 73.739096, 37.338342 ], [ 73.74571, 37.352863 ], [ 73.745917, 37.394902 ], [ 73.747054, 37.403119 ], [ 73.753462, 37.428388 ], [ 73.717805, 37.431825 ], [ 73.6745, 37.43105 ], [ 73.605047, 37.445777 ], [ 73.485261, 37.480969 ], [ 73.440612, 37.479936 ], [ 73.378394, 37.452547 ], [ 73.361858, 37.456397 ], [ 73.345011, 37.464484 ], [ 73.32124, 37.467017 ], [ 73.296332, 37.464949 ], [ 73.276075, 37.459472 ], [ 73.260262, 37.450041 ], [ 73.211479, 37.40826 ], [ 73.200627, 37.404178 ], [ 73.179026, 37.410741 ], [ 73.170241, 37.40826 ], [ 73.132104, 37.384386 ], [ 73.116394, 37.369064 ], [ 73.099238, 37.339867 ], [ 73.087766, 37.326069 ], [ 73.067509, 37.315062 ], [ 72.995575, 37.3093 ], [ 72.924262, 37.274832 ], [ 72.902247, 37.2538 ], [ 72.877443, 37.246875 ], [ 72.83052, 37.239769 ], [ 72.79073, 37.220262 ], [ 72.760964, 37.187499 ], [ 72.714352, 37.109984 ], [ 72.672701, 37.05761 ], [ 72.666603, 37.038335 ], [ 72.657714, 37.028826 ], [ 72.50868, 37.011075 ], [ 72.474987, 36.997484 ], [ 72.405947, 37.007665 ], [ 72.360988, 37.000275 ], [ 72.259806, 36.967305 ], [ 72.220325, 36.94555 ], [ 72.210403, 36.93661 ], [ 72.195934, 36.918988 ], [ 72.186839, 36.911392 ], [ 72.152836, 36.895708 ], [ 72.126687, 36.872738 ], [ 71.836576, 36.699156 ], [ 71.797612, 36.686082 ], [ 71.748519, 36.678641 ], [ 71.699943, 36.678641 ], [ 71.653021, 36.687012 ], [ 71.61106, 36.704841 ], [ 71.577367, 36.733263 ], [ 71.563931, 36.750678 ], [ 71.552872, 36.769591 ], [ 71.545328, 36.790004 ], [ 71.538506, 36.836099 ], [ 71.528481, 36.856149 ], [ 71.47174, 36.930047 ], [ 71.463059, 36.948082 ], [ 71.459958, 36.969786 ], [ 71.459958, 37.010739 ], [ 71.456444, 37.022548 ], [ 71.439184, 37.044097 ], [ 71.43319, 37.054742 ], [ 71.431123, 37.066989 ], [ 71.43319, 37.127347 ], [ 71.441045, 37.16843 ], [ 71.446832, 37.183597 ], [ 71.453757, 37.192615 ], [ 71.45014, 37.21667 ], [ 71.487037, 37.267055 ], [ 71.487863, 37.294986 ], [ 71.493858, 37.307543 ], [ 71.496545, 37.328524 ], [ 71.494685, 37.370692 ], [ 71.48714, 37.409087 ], [ 71.490241, 37.423376 ], [ 71.501506, 37.445777 ], [ 71.511221, 37.485878 ], [ 71.497165, 37.566545 ], [ 71.501506, 37.610341 ], [ 71.505123, 37.616 ], [ 71.517216, 37.629229 ], [ 71.522073, 37.637626 ], [ 71.52476, 37.647729 ], [ 71.529515, 37.67858 ], [ 71.540883, 37.709715 ], [ 71.542537, 37.719559 ], [ 71.540263, 37.730515 ], [ 71.531168, 37.751754 ], [ 71.529515, 37.761133 ], [ 71.537783, 37.779039 ], [ 71.57468, 37.798004 ], [ 71.590286, 37.815729 ], [ 71.594214, 37.833764 ], [ 71.59504, 37.857535 ], [ 71.593387, 37.879343 ], [ 71.590286, 37.891435 ], [ 71.597727, 37.89836 ], [ 71.567342, 37.928074 ], [ 71.537059, 37.944455 ], [ 71.501196, 37.946212 ], [ 71.379188, 37.912932 ], [ 71.360998, 37.902029 ], [ 71.341154, 37.893295 ], [ 71.31976, 37.900582 ], [ 71.281829, 37.924999 ], [ 71.271184, 37.926187 ], [ 71.263536, 37.924353 ], [ 71.258265, 37.926472 ], [ 71.254544, 37.939287 ], [ 71.255785, 37.949881 ], [ 71.265913, 37.972541 ], [ 71.272631, 37.997992 ], [ 71.302397, 38.04233 ], [ 71.316039, 38.083284 ], [ 71.334539, 38.11168 ], [ 71.340947, 38.140929 ], [ 71.359086, 38.184105 ], [ 71.364512, 38.206816 ], [ 71.358156, 38.251258 ], [ 71.334384, 38.280662 ], [ 71.300123, 38.298697 ], [ 71.217699, 38.325827 ], [ 71.155946, 38.376212 ], [ 71.117395, 38.398639 ], [ 71.089386, 38.409853 ], [ 71.076984, 38.412178 ], [ 71.064943, 38.411817 ], [ 71.05714, 38.409026 ], [ 71.049802, 38.408664 ], [ 71.039467, 38.415331 ], [ 71.032956, 38.423651 ], [ 71.024584, 38.441918 ], [ 71.018641, 38.449825 ], [ 71.008564, 38.458584 ], [ 70.998229, 38.465664 ], [ 70.986809, 38.470909 ], [ 70.974045, 38.473673 ], [ 70.950739, 38.473053 ], [ 70.943452, 38.465948 ], [ 70.946759, 38.443236 ], [ 70.936217, 38.433004 ], [ 70.91224, 38.437655 ], [ 70.871002, 38.45321 ], [ 70.859323, 38.451659 ], [ 70.853587, 38.447422 ], [ 70.849814, 38.442823 ], [ 70.843045, 38.440161 ], [ 70.834105, 38.4406 ], [ 70.817982, 38.444993 ], [ 70.808887, 38.446362 ], [ 70.777261, 38.446466 ], [ 70.761086, 38.44352 ], [ 70.754213, 38.436466 ], [ 70.741811, 38.419439 ], [ 70.683313, 38.414581 ], [ 70.664865, 38.405409 ], [ 70.664865, 38.398639 ], [ 70.68476, 38.38665 ], [ 70.676698, 38.37492 ], [ 70.641352, 38.354197 ], [ 70.632102, 38.350115 ], [ 70.609312, 38.3512 ], [ 70.600011, 38.347066 ], [ 70.595773, 38.338178 ], [ 70.595566, 38.327791 ], [ 70.596703, 38.317585 ], [ 70.5966, 38.309187 ], [ 70.583061, 38.275081 ], [ 70.573036, 38.27105 ], [ 70.559393, 38.268182 ], [ 70.547197, 38.262653 ], [ 70.537947, 38.238055 ], [ 70.508543, 38.192502 ], [ 70.482602, 38.137363 ], [ 70.470303, 38.120517 ], [ 70.460071, 38.112248 ], [ 70.425964, 38.100647 ], [ 70.415371, 38.094523 ], [ 70.371187, 38.058298 ], [ 70.326281, 38.011273 ], [ 70.317961, 38.006312 ], [ 70.298583, 37.998134 ], [ 70.293776, 37.996106 ], [ 70.288712, 37.990809 ], [ 70.283751, 37.981869 ], [ 70.272692, 37.978174 ], [ 70.26091, 37.976469 ], [ 70.253934, 37.973394 ], [ 70.25042, 37.964144 ], [ 70.250161, 37.955617 ], [ 70.253675, 37.947401 ], [ 70.26153, 37.939287 ], [ 70.238121, 37.932363 ], [ 70.214711, 37.929262 ], [ 70.192232, 37.93288 ], [ 70.17213, 37.946083 ], [ 70.160503, 37.920658 ], [ 70.165205, 37.889911 ], [ 70.179158, 37.860791 ], [ 70.196004, 37.839914 ], [ 70.207476, 37.835624 ], [ 70.240343, 37.827563 ], [ 70.247164, 37.819166 ], [ 70.249851, 37.804877 ], [ 70.256517, 37.791803 ], [ 70.265561, 37.781209 ], [ 70.275121, 37.774181 ], [ 70.269592, 37.762632 ], [ 70.271762, 37.748705 ], [ 70.281891, 37.719559 ], [ 70.283079, 37.704831 ], [ 70.280547, 37.696046 ], [ 70.277033, 37.687985 ], [ 70.275121, 37.675479 ], [ 70.262564, 37.660881 ], [ 70.257706, 37.65809 ], [ 70.253572, 37.654576 ], [ 70.253882, 37.646592 ], [ 70.255225, 37.637471 ], [ 70.253934, 37.630805 ], [ 70.248301, 37.623338 ], [ 70.246079, 37.621271 ], [ 70.240963, 37.617137 ], [ 70.237655, 37.618118 ], [ 70.218432, 37.617447 ], [ 70.216468, 37.617137 ], [ 70.201947, 37.587991 ], [ 70.199415, 37.579284 ], [ 70.192697, 37.576028 ], [ 70.157867, 37.541431 ], [ 70.129135, 37.532284 ], [ 70.099059, 37.536573 ], [ 70.06919, 37.545203 ], [ 70.041698, 37.548846 ], [ 70.048003, 37.541431 ], [ 70.016894, 37.545978 ], [ 70.007592, 37.548846 ], [ 70.004187, 37.551371 ], [ 69.998497, 37.55559 ], [ 69.994673, 37.562256 ], [ 69.989505, 37.56732 ], [ 69.976586, 37.569336 ], [ 69.955399, 37.575485 ], [ 69.944547, 37.589696 ], [ 69.935245, 37.605664 ], [ 69.918812, 37.617137 ], [ 69.895247, 37.61817 ], [ 69.853286, 37.60122 ], [ 69.832926, 37.596673 ], [ 69.823004, 37.592952 ], [ 69.812668, 37.585846 ], [ 69.80223, 37.581506 ], [ 69.791843, 37.586105 ], [ 69.784453, 37.59042 ], [ 69.762232, 37.595794 ], [ 69.754274, 37.596673 ], [ 69.729573, 37.594089 ], [ 69.687301, 37.579594 ], [ 69.664977, 37.576157 ], [ 69.528655, 37.586027 ], [ 69.508656, 37.578973 ], [ 69.491448, 37.536986 ], [ 69.469744, 37.52014 ], [ 69.425405, 37.49425 ], [ 69.421788, 37.489496 ], [ 69.415587, 37.477507 ], [ 69.411711, 37.47252 ], [ 69.404011, 37.466861 ], [ 69.389645, 37.4588 ], [ 69.384478, 37.453271 ], [ 69.37838, 37.437406 ], [ 69.376313, 37.418854 ], [ 69.377036, 37.380665 ], [ 69.378948, 37.377125 ], [ 69.388302, 37.37511 ], [ 69.391196, 37.370692 ], [ 69.390885, 37.365317 ], [ 69.388508, 37.363767 ], [ 69.385821, 37.363147 ], [ 69.384478, 37.36015 ], [ 69.384891, 37.3509 ], [ 69.386441, 37.34152 ], [ 69.389439, 37.332916 ], [ 69.394606, 37.326069 ], [ 69.403081, 37.31116 ], [ 69.409696, 37.276744 ], [ 69.417912, 37.267675 ], [ 69.409851, 37.245661 ], [ 69.426852, 37.239459 ], [ 69.445197, 37.23641 ], [ 69.442148, 37.223621 ], [ 69.407732, 37.177473 ], [ 69.391196, 37.164658 ], [ 69.350836, 37.144142 ], [ 69.334765, 37.129053 ], [ 69.323913, 37.120991 ], [ 69.312079, 37.117477 ], [ 69.308617, 37.116882 ], [ 69.285621, 37.11293 ], [ 69.265777, 37.105411 ], [ 69.245675, 37.103886 ], [ 69.151003, 37.155046 ], [ 69.145732, 37.156958 ], [ 69.123615, 37.169205 ], [ 69.114313, 37.177473 ], [ 69.096433, 37.213027 ], [ 69.078398, 37.225171 ], [ 69.055609, 37.237108 ], [ 69.035765, 37.251577 ], [ 69.021037, 37.287958 ], [ 69.005483, 37.305528 ], [ 68.985225, 37.320359 ], [ 68.965433, 37.329144 ], [ 68.897169, 37.335965 ], [ 68.893655, 37.337154 ], [ 68.887867, 37.338135 ], [ 68.885077, 37.334828 ], [ 68.890296, 37.322943 ], [ 68.896755, 37.316483 ], [ 68.912982, 37.306768 ], [ 68.917633, 37.302427 ], [ 68.921147, 37.287958 ], [ 68.915824, 37.279069 ], [ 68.904714, 37.276692 ], [ 68.890296, 37.281963 ], [ 68.877015, 37.296097 ], [ 68.868023, 37.312142 ], [ 68.856758, 37.324906 ], [ 68.835829, 37.329144 ], [ 68.813815, 37.323408 ], [ 68.810197, 37.312091 ], [ 68.822031, 37.281963 ], [ 68.824615, 37.260621 ], [ 68.820378, 37.250906 ], [ 68.808492, 37.251629 ], [ 68.771285, 37.270724 ], [ 68.759606, 37.275245 ], [ 68.746532, 37.276227 ], [ 68.725913, 37.274522 ], [ 68.686949, 37.279018 ], [ 68.668862, 37.278294 ], [ 68.657545, 37.267675 ], [ 68.662661, 37.263721 ], [ 68.665452, 37.259381 ], [ 68.671239, 37.247185 ], [ 68.648605, 37.244369 ], [ 68.63641, 37.229925 ], [ 68.630777, 37.213828 ], [ 68.626901, 37.206257 ], [ 68.608814, 37.204087 ], [ 68.571401, 37.194708 ], [ 68.551453, 37.192615 ], [ 68.546544, 37.188222 ], [ 68.532747, 37.168999 ], [ 68.523858, 37.164658 ], [ 68.513316, 37.163986 ], [ 68.465774, 37.155356 ], [ 68.403711, 37.151635 ], [ 68.418025, 37.128277 ], [ 68.411462, 37.113369 ], [ 68.391877, 37.105437 ], [ 68.365832, 37.103214 ], [ 68.346091, 37.106909 ], [ 68.326661, 37.113033 ], [ 68.307282, 37.114221 ], [ 68.288317, 37.103214 ], [ 68.280772, 37.086652 ], [ 68.281599, 37.066472 ], [ 68.288317, 37.024408 ], [ 68.277775, 37.010068 ], [ 68.253746, 37.010223 ], [ 68.212559, 37.021256 ], [ 68.186411, 37.01831 ], [ 68.167963, 37.006089 ], [ 68.151995, 36.992782 ], [ 68.133391, 36.986529 ], [ 68.121092, 36.980276 ], [ 68.054946, 36.934646 ], [ 68.044714, 36.92922 ], [ 68.032725, 36.925241 ], [ 68.02482, 36.925518 ], [ 68.02022, 36.92568 ], [ 68.011125, 36.930874 ], [ 68.00606, 36.938677 ], [ 68.00203, 36.947487 ], [ 67.99619, 36.955782 ], [ 67.961825, 36.98994 ], [ 67.952937, 36.996244 ], [ 67.929269, 37.006244 ], [ 67.918417, 37.013814 ], [ 67.902501, 37.034381 ], [ 67.891959, 37.052029 ], [ 67.87811, 37.064431 ], [ 67.832893, 37.073087 ], [ 67.808036, 37.083241 ], [ 67.78535, 37.096548 ], [ 67.773051, 37.109984 ], [ 67.771966, 37.12497 ], [ 67.780544, 37.188868 ], [ 67.785092, 37.20357 ], [ 67.803954, 37.233439 ], [ 67.815426, 37.267339 ], [ 67.820645, 37.303306 ], [ 67.817183, 37.345422 ], [ 67.797339, 37.424435 ], [ 67.801215, 37.466448 ], [ 67.829224, 37.527943 ], [ 67.871857, 37.586802 ], [ 67.923378, 37.638789 ], [ 67.977328, 37.679743 ], [ 68.050192, 37.760409 ], [ 68.079648, 37.806272 ], [ 68.122229, 37.908333 ], [ 68.139954, 37.922699 ], [ 68.171115, 37.931071 ], [ 68.217727, 37.936083 ], [ 68.233023, 37.939804 ], [ 68.238025, 37.942716 ], [ 68.248733, 37.948951 ], [ 68.256226, 37.96156 ], [ 68.260774, 37.976779 ], [ 68.268267, 37.993832 ], [ 68.26837, 37.993909 ], [ 68.268473, 37.993987 ], [ 68.268473, 37.994116 ], [ 68.268577, 37.994194 ], [ 68.280566, 38.013236 ], [ 68.31953, 38.06021 ], [ 68.344334, 38.115452 ], [ 68.360664, 38.174053 ], [ 68.35622, 38.212604 ], [ 68.332035, 38.24299 ], [ 68.25266, 38.298749 ], [ 68.200829, 38.321693 ], [ 68.183724, 38.335491 ], [ 68.146724, 38.388743 ], [ 68.107553, 38.418276 ], [ 68.098044, 38.432436 ], [ 68.094634, 38.446983 ], [ 68.092567, 38.478789 ], [ 68.086882, 38.494034 ], [ 68.062594, 38.523076 ], [ 68.055153, 38.536305 ], [ 68.052518, 38.558268 ], [ 68.055877, 38.615732 ], [ 68.053706, 38.635937 ], [ 68.040322, 38.673351 ], [ 68.037635, 38.691645 ], [ 68.04549, 38.706708 ], [ 68.070759, 38.720738 ], [ 68.075927, 38.726862 ], [ 68.07665, 38.738102 ], [ 68.072206, 38.747352 ], [ 68.066315, 38.756214 ], [ 68.063318, 38.766317 ], [ 68.066729, 38.787969 ], [ 68.077891, 38.793395 ], [ 68.095616, 38.79293 ], [ 68.119025, 38.796703 ], [ 68.135975, 38.804506 ], [ 68.151271, 38.815125 ], [ 68.163674, 38.828639 ], [ 68.172562, 38.845279 ], [ 68.173699, 38.867319 ], [ 68.163725, 38.887472 ], [ 68.153386, 38.899403 ], [ 68.134683, 38.920985 ], [ 68.100938, 38.979276 ], [ 68.085642, 38.993771 ], [ 68.085435, 38.993797 ], [ 68.08528, 38.993952 ], [ 68.085074, 38.993952 ], [ 68.077271, 38.995528 ], [ 68.069106, 38.996096 ], [ 68.060941, 38.995528 ], [ 68.053086, 38.993952 ], [ 68.036446, 38.984392 ], [ 68.019806, 38.979689 ], [ 68.003373, 38.982118 ], [ 67.987974, 38.993771 ], [ 67.980119, 38.997388 ], [ 67.963272, 39.00191 ], [ 67.948906, 39.002013 ], [ 67.93485, 38.999068 ], [ 67.921518, 38.993874 ], [ 67.921259, 38.993874 ], [ 67.921156, 38.993797 ], [ 67.845243, 38.973772 ], [ 67.818372, 38.97341 ], [ 67.690524, 38.989611 ], [ 67.673254, 39.002978 ], [ 67.672231, 39.00377 ], [ 67.672185, 39.003992 ], [ 67.667218, 39.028368 ], [ 67.678587, 39.105935 ], [ 67.676727, 39.119629 ], [ 67.676581, 39.119821 ], [ 67.66758, 39.131773 ], [ 67.661172, 39.133375 ], [ 67.644532, 39.13061 ], [ 67.637711, 39.13154 ], [ 67.63213, 39.136217 ], [ 67.624172, 39.147379 ], [ 67.619831, 39.151255 ], [ 67.58035, 39.163605 ], [ 67.499011, 39.165983 ], [ 67.378192, 39.199495 ], [ 67.35008, 39.219829 ], [ 67.350037, 39.220058 ], [ 67.34269, 39.259569 ], [ 67.344395, 39.273831 ], [ 67.346462, 39.280808 ], [ 67.351217, 39.285252 ], [ 67.360622, 39.291763 ], [ 67.371267, 39.294502 ], [ 67.380259, 39.292331 ], [ 67.386873, 39.294192 ], [ 67.394418, 39.327368 ], [ 67.407079, 39.361009 ], [ 67.408164, 39.397906 ], [ 67.414779, 39.438111 ], [ 67.427284, 39.47661 ], [ 67.436483, 39.485705 ], [ 67.451676, 39.487152 ], [ 67.477411, 39.484413 ], [ 67.482371, 39.485291 ], [ 67.487022, 39.487152 ], [ 67.491156, 39.490097 ], [ 67.494567, 39.493714 ], [ 67.487642, 39.538001 ], [ 67.507435, 39.552936 ], [ 67.587378, 39.562651 ], [ 67.680447, 39.614121 ], [ 67.717603, 39.623371 ], [ 67.764525, 39.622596 ], [ 68.106209, 39.554124 ], [ 68.255864, 39.550559 ], [ 68.337565, 39.527924 ], [ 68.386606, 39.525185 ], [ 68.436267, 39.528803 ], [ 68.49771, 39.541412 ], [ 68.51745, 39.54844 ], [ 68.517268, 39.548765 ], [ 68.510158, 39.561411 ], [ 68.506702, 39.56756 ], [ 68.520241, 39.582546 ], [ 68.562926, 39.603579 ], [ 68.587007, 39.623164 ], [ 68.600339, 39.642853 ], [ 68.605817, 39.666882 ], [ 68.615842, 39.828113 ], [ 68.626178, 39.84961 ], [ 68.637753, 39.848938 ], [ 68.651086, 39.844701 ], [ 68.685089, 39.868007 ], [ 68.701522, 39.858447 ], [ 68.728187, 39.82496 ], [ 68.741623, 39.819638 ], [ 68.748341, 39.826149 ], [ 68.750511, 39.836071 ], [ 68.750614, 39.841083 ], [ 68.750408, 39.842479 ], [ 68.757539, 39.857517 ], [ 68.76095, 39.859119 ], [ 68.77144, 39.860514 ], [ 68.775212, 39.862529 ], [ 68.787356, 39.881701 ], [ 68.787615, 39.895757 ], [ 68.765239, 39.932447 ], [ 68.755575, 39.954048 ], [ 68.75201, 39.972755 ], [ 68.758883, 39.980558 ], [ 68.77976, 39.969448 ], [ 68.80012, 39.935135 ], [ 68.815365, 39.891881 ], [ 68.838258, 39.864648 ], [ 68.880787, 39.878342 ], [ 68.877428, 39.900563 ], [ 68.789372, 39.993994 ], [ 68.784411, 40.004019 ], [ 68.782912, 40.013424 ], [ 68.785031, 40.03394 ], [ 68.78162, 40.041536 ], [ 68.763844, 40.052492 ], [ 68.761725, 40.061483 ], [ 68.774696, 40.07988 ], [ 68.790405, 40.070165 ], [ 68.813143, 40.038901 ], [ 68.826062, 40.042053 ], [ 68.861512, 40.065824 ], [ 68.881769, 40.070837 ], [ 68.95453, 40.062052 ], [ 68.977267, 40.064894 ], [ 68.985432, 40.077141 ], [ 68.986982, 40.091714 ], [ 68.983779, 40.10701 ], [ 68.977267, 40.121015 ], [ 68.930655, 40.146801 ], [ 68.696545, 40.111739 ], [ 68.687052, 40.110318 ], [ 68.651706, 40.120756 ], [ 68.606954, 40.142305 ], [ 68.581116, 40.164216 ], [ 68.601993, 40.17543 ], [ 68.642732, 40.183691 ], [ 68.698318, 40.194964 ], [ 68.720539, 40.196514 ], [ 68.778468, 40.188763 ], [ 68.801877, 40.19114 ], [ 68.836656, 40.206436 ], [ 68.856551, 40.21274 ], [ 69.019229, 40.232067 ], [ 69.042018, 40.229173 ], [ 69.07364, 40.216941 ], [ 69.108009, 40.203645 ], [ 69.197926, 40.182975 ], [ 69.24769, 40.181735 ], [ 69.285259, 40.194964 ], [ 69.285259, 40.218631 ], [ 69.212498, 40.268758 ], [ 69.208364, 40.298317 ], [ 69.234616, 40.300849 ], [ 69.273115, 40.289583 ], [ 69.305309, 40.293821 ], [ 69.312699, 40.34281 ], [ 69.306343, 40.364979 ], [ 69.295491, 40.383944 ], [ 69.269446, 40.419808 ], [ 69.259731, 40.437636 ], [ 69.238337, 40.493964 ], [ 69.238233, 40.493964 ], [ 69.198029, 40.545847 ], [ 69.198442, 40.566517 ], [ 69.234254, 40.585276 ], [ 69.294974, 40.589152 ], [ 69.30934, 40.595818 ], [ 69.313474, 40.609357 ], [ 69.306601, 40.662532 ], [ 69.30717, 40.699326 ], [ 69.314198, 40.729298 ], [ 69.329597, 40.755343 ], [ 69.355074, 40.780354 ], [ 69.369285, 40.789398 ], [ 69.385253, 40.796116 ], [ 69.417757, 40.804229 ], [ 69.435844, 40.802679 ], [ 69.449176, 40.794462 ], [ 69.461682, 40.784333 ], [ 69.477288, 40.777047 ], [ 69.509224, 40.77467 ], [ 69.531859, 40.758599 ], [ 69.570823, 40.712451 ], [ 69.582605, 40.70439 ], [ 69.607823, 40.691781 ], [ 69.618882, 40.681652 ], [ 69.637175, 40.657933 ], [ 69.647511, 40.647443 ], [ 69.66012, 40.638709 ], [ 69.690919, 40.630028 ], [ 69.717687, 40.63628 ], [ 69.741562, 40.652455 ], [ 69.783523, 40.692969 ], [ 69.803315, 40.70563 ], [ 69.825329, 40.714002 ], [ 70.009659, 40.75803 ], [ 70.104227, 40.813324 ], [ 70.207993, 40.844588 ], [ 70.280392, 40.877713 ], [ 70.335892, 40.92696 ], [ 70.363539, 41.032432 ], [ 70.40116, 41.039977 ], [ 70.445705, 41.025921 ], [ 70.458006, 41.015737 ], [ 70.477227, 40.999824 ], [ 70.47976, 40.996465 ], [ 70.482912, 40.99352 ], [ 70.514434, 40.972591 ], [ 70.696852, 40.816218 ], [ 70.70512, 40.807433 ], [ 70.703157, 40.788933 ], [ 70.683468, 40.794514 ], [ 70.64869, 40.81751 ], [ 70.628743, 40.815856 ], [ 70.619338, 40.803195 ], [ 70.621766, 40.785987 ], [ 70.637424, 40.770587 ], [ 70.728892, 40.754464 ], [ 70.767132, 40.737618 ], [ 70.758502, 40.703925 ], [ 70.756293, 40.695578 ], [ 70.756177, 40.69514 ], [ 70.740674, 40.687698 ], [ 70.73716, 40.683564 ], [ 70.735506, 40.678862 ], [ 70.732096, 40.674986 ], [ 70.715662, 40.672144 ], [ 70.707239, 40.668992 ], [ 70.692925, 40.660413 ], [ 70.677939, 40.649923 ], [ 70.617167, 40.611941 ], [ 70.582079, 40.578765 ], [ 70.569315, 40.570445 ], [ 70.554225, 40.565019 ], [ 70.539446, 40.561866 ], [ 70.525493, 40.557112 ], [ 70.511954, 40.546777 ], [ 70.487873, 40.515564 ], [ 70.477796, 40.505487 ], [ 70.468184, 40.50249 ], [ 70.399351, 40.490191 ], [ 70.369637, 40.475515 ], [ 70.353824, 40.456136 ], [ 70.355426, 40.435104 ], [ 70.357028, 40.430402 ], [ 70.358785, 40.427714 ], [ 70.371963, 40.412987 ], [ 70.371394, 40.413348 ], [ 70.373564, 40.411798 ], [ 70.382143, 40.403943 ], [ 70.384933, 40.399706 ], [ 70.371394, 40.364927 ], [ 70.42121, 40.347978 ], [ 70.442191, 40.343327 ], [ 70.464102, 40.344825 ], [ 70.482912, 40.34927 ], [ 70.501929, 40.35082 ], [ 70.524046, 40.34374 ], [ 70.550608, 40.310461 ], [ 70.56394, 40.26421 ], [ 70.581821, 40.221732 ], [ 70.622128, 40.199563 ], [ 70.664296, 40.197496 ], [ 70.707188, 40.200183 ], [ 70.849711, 40.233773 ], [ 70.938336, 40.239922 ], [ 70.958955, 40.238372 ], [ 70.979522, 40.214084 ] ] ], [ [ [ 70.619906, 39.850695 ], [ 70.654994, 39.849765 ], [ 70.68662, 39.860876 ], [ 70.698919, 39.858447 ], [ 70.706412, 39.839998 ], [ 70.70481, 39.822067 ], [ 70.694527, 39.814832 ], [ 70.661609, 39.809819 ], [ 70.63298, 39.79845 ], [ 70.581614, 39.766566 ], [ 70.575878, 39.77008 ], [ 70.547301, 39.807649 ], [ 70.537379, 39.817312 ], [ 70.503479, 39.835502 ], [ 70.490147, 39.850179 ], [ 70.482602, 39.866767 ], [ 70.483739, 39.882218 ], [ 70.498725, 39.881908 ], [ 70.619906, 39.850695 ] ] ] ] } },
{ "type": "Feature", "properties": { "ADMIN": "Kyrgyzstan", "SOVEREIGNT": "Kyrgyzstan", "TYPE": "Sovereign country", "NAME": "Kyrgyzstan", "ISO_A3": "KGZ" }, "geometry": { "type": "Polygon", "coordinates": [ [ [ 80.21653, 42.174404 ], [ 80.219837, 42.141873 ], [ 80.224591, 42.125569 ], [ 80.235133, 42.110945 ], [ 80.247432, 42.098413 ], [ 80.256527, 42.084357 ], [ 80.257561, 42.065263 ], [ 80.231206, 42.033689 ], [ 80.181906, 42.020976 ], [ 79.930862, 42.023276 ], [ 79.879496, 42.013199 ], [ 79.842909, 42.00183 ], [ 79.826786, 41.992244 ], [ 79.812833, 41.97762 ], [ 79.803842, 41.959998 ], [ 79.792576, 41.922817 ], [ 79.783274, 41.905092 ], [ 79.747514, 41.879745 ], [ 79.702969, 41.874939 ], [ 79.655737, 41.875843 ], [ 79.610985, 41.867626 ], [ 79.554658, 41.837602 ], [ 79.489856, 41.819257 ], [ 79.410997, 41.778588 ], [ 79.390844, 41.772697 ], [ 79.367382, 41.772387 ], [ 79.30413, 41.787554 ], [ 79.282323, 41.783497 ], [ 79.264856, 41.774506 ], [ 79.217521, 41.741226 ], [ 79.19592, 41.729521 ], [ 79.174526, 41.722622 ], [ 79.127914, 41.714302 ], [ 79.088743, 41.702546 ], [ 78.976192, 41.6418 ], [ 78.915834, 41.63317 ], [ 78.897437, 41.626272 ], [ 78.807313, 41.578445 ], [ 78.672128, 41.538448 ], [ 78.658278, 41.532453 ], [ 78.645049, 41.52372 ], [ 78.637401, 41.512868 ], [ 78.629133, 41.48796 ], [ 78.619211, 41.478089 ], [ 78.583968, 41.465997 ], [ 78.51038, 41.454422 ], [ 78.41757, 41.400471 ], [ 78.377675, 41.386622 ], [ 78.359899, 41.377527 ], [ 78.343466, 41.362024 ], [ 78.339332, 41.344041 ], [ 78.356901, 41.305542 ], [ 78.359692, 41.287455 ], [ 78.34946, 41.270402 ], [ 78.331477, 41.258723 ], [ 78.291582, 41.240791 ], [ 78.275356, 41.228854 ], [ 78.250345, 41.200535 ], [ 78.231335, 41.172856 ], [ 78.204456, 41.133718 ], [ 78.190503, 41.11775 ], [ 78.176034, 41.105502 ], [ 78.074955, 41.039512 ], [ 78.057178, 41.034344 ], [ 78.036508, 41.036101 ], [ 77.997647, 41.049795 ], [ 77.866699, 41.064058 ], [ 77.831042, 41.062973 ], [ 77.797556, 41.054704 ], [ 77.665574, 41.001271 ], [ 77.650278, 40.997137 ], [ 77.631778, 40.995793 ], [ 77.580721, 40.997705 ], [ 77.503517, 40.981066 ], [ 77.474888, 40.982047 ], [ 77.445226, 40.993675 ], [ 77.388795, 41.011658 ], [ 77.332985, 41.02065 ], [ 77.301152, 41.019306 ], [ 77.243171, 41.005664 ], [ 77.118838, 41.011658 ], [ 77.088555, 41.019565 ], [ 77.035018, 41.040338 ], [ 77.007733, 41.044214 ], [ 76.900143, 41.025766 ], [ 76.860972, 41.013208 ], [ 76.834927, 40.99352 ], [ 76.820871, 40.97781 ], [ 76.783974, 40.957139 ], [ 76.766818, 40.944685 ], [ 76.757413, 40.925772 ], [ 76.760927, 40.9066 ], [ 76.768368, 40.887014 ], [ 76.770848, 40.867119 ], [ 76.762477, 40.847017 ], [ 76.746871, 40.83446 ], [ 76.707286, 40.817613 ], [ 76.674214, 40.795444 ], [ 76.647859, 40.764851 ], [ 76.630805, 40.728885 ], [ 76.624191, 40.627547 ], [ 76.62078, 40.611321 ], [ 76.609411, 40.59711 ], [ 76.556391, 40.56569 ], [ 76.531173, 40.534995 ], [ 76.498927, 40.464611 ], [ 76.476499, 40.436138 ], [ 76.449111, 40.415519 ], [ 76.361984, 40.371904 ], [ 76.330152, 40.348081 ], [ 76.313512, 40.343327 ], [ 76.299353, 40.355677 ], [ 76.283333, 40.417276 ], [ 76.273411, 40.434122 ], [ 76.244162, 40.441202 ], [ 76.21543, 40.416552 ], [ 76.185044, 40.384203 ], [ 76.151351, 40.368131 ], [ 76.132541, 40.371542 ], [ 76.095231, 40.387355 ], [ 76.07611, 40.391954 ], [ 76.051616, 40.390197 ], [ 75.962422, 40.357331 ], [ 75.949297, 40.343068 ], [ 75.938031, 40.326222 ], [ 75.921495, 40.309117 ], [ 75.901858, 40.298885 ], [ 75.880464, 40.295268 ], [ 75.858553, 40.296353 ], [ 75.79375, 40.30891 ], [ 75.772046, 40.31015 ], [ 75.750549, 40.308342 ], [ 75.704454, 40.293149 ], [ 75.681819, 40.291702 ], [ 75.664869, 40.305706 ], [ 75.656291, 40.32307 ], [ 75.640168, 40.367305 ], [ 75.638308, 40.386115 ], [ 75.646369, 40.405338 ], [ 75.659598, 40.419084 ], [ 75.669314, 40.432365 ], [ 75.666936, 40.450245 ], [ 75.657221, 40.461097 ], [ 75.629006, 40.481303 ], [ 75.617947, 40.493964 ], [ 75.610816, 40.512877 ], [ 75.605648, 40.569411 ], [ 75.587665, 40.611941 ], [ 75.559863, 40.63287 ], [ 75.523793, 40.63318 ], [ 75.481832, 40.614111 ], [ 75.26324, 40.480166 ], [ 75.253318, 40.47598 ], [ 75.241536, 40.474068 ], [ 75.229237, 40.470347 ], [ 75.223966, 40.462441 ], [ 75.220142, 40.452984 ], [ 75.212494, 40.444716 ], [ 75.19389, 40.441254 ], [ 75.175287, 40.448127 ], [ 75.15658, 40.458152 ], [ 75.13808, 40.463888 ], [ 75.113172, 40.460787 ], [ 75.064389, 40.443837 ], [ 75.039068, 40.441099 ], [ 75.002378, 40.4473 ], [ 74.966101, 40.459289 ], [ 74.879181, 40.505074 ], [ 74.856443, 40.513187 ], [ 74.835359, 40.511637 ], [ 74.832312, 40.508116 ], [ 74.820063, 40.493964 ], [ 74.816032, 40.48368 ], [ 74.815102, 40.480114 ], [ 74.807041, 40.461769 ], [ 74.794638, 40.440737 ], [ 74.787404, 40.420738 ], [ 74.794638, 40.405545 ], [ 74.841664, 40.372059 ], [ 74.853859, 40.35883 ], [ 74.862128, 40.32617 ], [ 74.830915, 40.319917 ], [ 74.746683, 40.336505 ], [ 74.724668, 40.337539 ], [ 74.705755, 40.331286 ], [ 74.654388, 40.291547 ], [ 74.637645, 40.281987 ], [ 74.598681, 40.266174 ], [ 74.565402, 40.24695 ], [ 74.476622, 40.172433 ], [ 74.369858, 40.105822 ], [ 74.333788, 40.09373 ], [ 74.302885, 40.090061 ], [ 74.272293, 40.093833 ], [ 74.237876, 40.10391 ], [ 74.20315, 40.109853 ], [ 74.167596, 40.10639 ], [ 74.13287, 40.095332 ], [ 74.101244, 40.078847 ], [ 74.069515, 40.067788 ], [ 74.003989, 40.060812 ], [ 73.976704, 40.043603 ], [ 73.966368, 40.033268 ], [ 73.957894, 40.021434 ], [ 73.952106, 40.008257 ], [ 73.949729, 39.993684 ], [ 73.944044, 39.970068 ], [ 73.927301, 39.953325 ], [ 73.907561, 39.937873 ], [ 73.893195, 39.918133 ], [ 73.885443, 39.876534 ], [ 73.880689, 39.86501 ], [ 73.872937, 39.856845 ], [ 73.844102, 39.838086 ], [ 73.83201, 39.82372 ], [ 73.823018, 39.805685 ], [ 73.818574, 39.786048 ], [ 73.819814, 39.766721 ], [ 73.829529, 39.746981 ], [ 73.843068, 39.740366 ], [ 73.859915, 39.737162 ], [ 73.879345, 39.727912 ], [ 73.893505, 39.710394 ], [ 73.899602, 39.689465 ], [ 73.904253, 39.64647 ], [ 73.926784, 39.592882 ], [ 73.921617, 39.582133 ], [ 73.899292, 39.571539 ], [ 73.883066, 39.561204 ], [ 73.870457, 39.546786 ], [ 73.859192, 39.524255 ], [ 73.848029, 39.489735 ], [ 73.838314, 39.475679 ], [ 73.820744, 39.468186 ], [ 73.632642, 39.448343 ], [ 73.604323, 39.459608 ], [ 73.512236, 39.467411 ], [ 73.476889, 39.464776 ], [ 73.367645, 39.443795 ], [ 73.343151, 39.430669 ], [ 73.335503, 39.415166 ], [ 73.333332, 39.40111 ], [ 73.326408, 39.390878 ], [ 73.269357, 39.382558 ], [ 73.167864, 39.355377 ], [ 73.136032, 39.353465 ], [ 73.100995, 39.361164 ], [ 73.083425, 39.367831 ], [ 73.071126, 39.370725 ], [ 73.058414, 39.368813 ], [ 73.009321, 39.348607 ], [ 72.994335, 39.347832 ], [ 72.976765, 39.352224 ], [ 72.91434, 39.362715 ], [ 72.893669, 39.363903 ], [ 72.850468, 39.35672 ], [ 72.835275, 39.356204 ], [ 72.65048, 39.393772 ], [ 72.633737, 39.394496 ], [ 72.616373, 39.390413 ], [ 72.606141, 39.383489 ], [ 72.587021, 39.364885 ], [ 72.575756, 39.359304 ], [ 72.559426, 39.359562 ], [ 72.534104, 39.372327 ], [ 72.519015, 39.375686 ], [ 72.50806, 39.371965 ], [ 72.476744, 39.346127 ], [ 72.460414, 39.344111 ], [ 72.443567, 39.344783 ], [ 72.410701, 39.351346 ], [ 72.393234, 39.350829 ], [ 72.355924, 39.336101 ], [ 72.334117, 39.333828 ], [ 72.31634, 39.328815 ], [ 72.304248, 39.31357 ], [ 72.281407, 39.259724 ], [ 72.240272, 39.189909 ], [ 72.228903, 39.189237 ], [ 72.228668, 39.189502 ], [ 72.218568, 39.20089 ], [ 72.209163, 39.217297 ], [ 72.206476, 39.226883 ], [ 72.206373, 39.234609 ], [ 72.203272, 39.24081 ], [ 72.182395, 39.249337 ], [ 72.167098, 39.258742 ], [ 72.158623, 39.262617 ], [ 72.115525, 39.268147 ], [ 72.094751, 39.275072 ], [ 72.08576, 39.290109 ], [ 72.084106, 39.311245 ], [ 72.078112, 39.336618 ], [ 72.06695, 39.358477 ], [ 72.049793, 39.368864 ], [ 72.031499, 39.366694 ], [ 71.996463, 39.351863 ], [ 71.959152, 39.345868 ], [ 71.942306, 39.339047 ], [ 71.843501, 39.285045 ], [ 71.807017, 39.272849 ], [ 71.77043, 39.269542 ], [ 71.751207, 39.274245 ], [ 71.732913, 39.285097 ], [ 71.71834, 39.301065 ], [ 71.710899, 39.32096 ], [ 71.712966, 39.341527 ], [ 71.723198, 39.353981 ], [ 71.736634, 39.364575 ], [ 71.748106, 39.379561 ], [ 71.751827, 39.399663 ], [ 71.749243, 39.425502 ], [ 71.740251, 39.448343 ], [ 71.724438, 39.459401 ], [ 71.704594, 39.458988 ], [ 71.602792, 39.442348 ], [ 71.554319, 39.444157 ], [ 71.512875, 39.458833 ], [ 71.492101, 39.493663 ], [ 71.500576, 39.509217 ], [ 71.526001, 39.538156 ], [ 71.531375, 39.553091 ], [ 71.52538, 39.569162 ], [ 71.510911, 39.584148 ], [ 71.509654, 39.584998 ], [ 71.493031, 39.596241 ], [ 71.459545, 39.612105 ], [ 71.441251, 39.610658 ], [ 71.406731, 39.598153 ], [ 71.378309, 39.594173 ], [ 71.368543, 39.591486 ], [ 71.361618, 39.587559 ], [ 71.347872, 39.576242 ], [ 71.340586, 39.571694 ], [ 71.305911, 39.557173 ], [ 71.291958, 39.548957 ], [ 71.260074, 39.520638 ], [ 71.249273, 39.514385 ], [ 71.236923, 39.514488 ], [ 71.179975, 39.523015 ], [ 71.137446, 39.521155 ], [ 71.095898, 39.51237 ], [ 71.062928, 39.495627 ], [ 71.042309, 39.467876 ], [ 71.027581, 39.435217 ], [ 71.009288, 39.407622 ], [ 70.977145, 39.394909 ], [ 70.949808, 39.400749 ], [ 70.925159, 39.412944 ], [ 70.903351, 39.420851 ], [ 70.884489, 39.413874 ], [ 70.872242, 39.402971 ], [ 70.864181, 39.400594 ], [ 70.855292, 39.40173 ], [ 70.840099, 39.40142 ], [ 70.828059, 39.398578 ], [ 70.797621, 39.385349 ], [ 70.770129, 39.382093 ], [ 70.739744, 39.386228 ], [ 70.713285, 39.398423 ], [ 70.698092, 39.41899 ], [ 70.698609, 39.431393 ], [ 70.703053, 39.444725 ], [ 70.705431, 39.458523 ], [ 70.699746, 39.472165 ], [ 70.690134, 39.479193 ], [ 70.666725, 39.486893 ], [ 70.655976, 39.493714 ], [ 70.655925, 39.49387 ], [ 70.655598, 39.494664 ], [ 70.635977, 39.542497 ], [ 70.622128, 39.563529 ], [ 70.59784, 39.577792 ], [ 70.58027, 39.579549 ], [ 70.54358, 39.574278 ], [ 70.526113, 39.575622 ], [ 70.513504, 39.581513 ], [ 70.490973, 39.596861 ], [ 70.477227, 39.601201 ], [ 70.459967, 39.599548 ], [ 70.427618, 39.590091 ], [ 70.411082, 39.587456 ], [ 70.40147, 39.584768 ], [ 70.395372, 39.579497 ], [ 70.390411, 39.57402 ], [ 70.384313, 39.570867 ], [ 70.374288, 39.571022 ], [ 70.353462, 39.575932 ], [ 70.343179, 39.576862 ], [ 70.33026, 39.573089 ], [ 70.241066, 39.522395 ], [ 70.223289, 39.519088 ], [ 70.20603, 39.5241 ], [ 70.204376, 39.538156 ], [ 70.215021, 39.574071 ], [ 70.214814, 39.591125 ], [ 70.210267, 39.609728 ], [ 70.200655, 39.619495 ], [ 70.185204, 39.610348 ], [ 70.15735, 39.563891 ], [ 70.148979, 39.554279 ], [ 70.132442, 39.550042 ], [ 70.116268, 39.554641 ], [ 70.08273, 39.569782 ], [ 70.062266, 39.573451 ], [ 70.040355, 39.573606 ], [ 70.019684, 39.568594 ], [ 70.002734, 39.556863 ], [ 69.987128, 39.539603 ], [ 69.978757, 39.534436 ], [ 69.948629, 39.545081 ], [ 69.907753, 39.548492 ], [ 69.830445, 39.536244 ], [ 69.791585, 39.545391 ], [ 69.74983, 39.563839 ], [ 69.710349, 39.574071 ], [ 69.669421, 39.577792 ], [ 69.582295, 39.573555 ], [ 69.564932, 39.568129 ], [ 69.531445, 39.545649 ], [ 69.514392, 39.537588 ], [ 69.496099, 39.532575 ], [ 69.477288, 39.530405 ], [ 69.455274, 39.530456 ], [ 69.412176, 39.52503 ], [ 69.391454, 39.530508 ], [ 69.367218, 39.549938 ], [ 69.361637, 39.552884 ], [ 69.352025, 39.549628 ], [ 69.348407, 39.543169 ], [ 69.345927, 39.535366 ], [ 69.339726, 39.528079 ], [ 69.300348, 39.515625 ], [ 69.286189, 39.539707 ], [ 69.29115, 39.658872 ], [ 69.287533, 39.677786 ], [ 69.280091, 39.694271 ], [ 69.265932, 39.707758 ], [ 69.248362, 39.719385 ], [ 69.233324, 39.732666 ], [ 69.226296, 39.751011 ], [ 69.229552, 39.790544 ], [ 69.240714, 39.82894 ], [ 69.286447, 39.935755 ], [ 69.305671, 39.968621 ], [ 69.310064, 39.978646 ], [ 69.310322, 39.984796 ], [ 69.313991, 39.986914 ], [ 69.32784, 39.984744 ], [ 69.357296, 39.959474 ], [ 69.405355, 39.896119 ], [ 69.501576, 39.922474 ], [ 69.500439, 39.935703 ], [ 69.477288, 39.968156 ], [ 69.478115, 39.975029 ], [ 69.477288, 39.981592 ], [ 69.475118, 39.987741 ], [ 69.471191, 39.993684 ], [ 69.463129, 40.025413 ], [ 69.46964, 40.050993 ], [ 69.485712, 40.073731 ], [ 69.506331, 40.096933 ], [ 69.509224, 40.103445 ], [ 69.513462, 40.120705 ], [ 69.518009, 40.125097 ], [ 69.526071, 40.123185 ], [ 69.536613, 40.107889 ], [ 69.543021, 40.103083 ], [ 69.558834, 40.101739 ], [ 69.575474, 40.1036 ], [ 69.969558, 40.211603 ], [ 70.004595, 40.208761 ], [ 70.14717, 40.136983 ], [ 70.168822, 40.13166 ], [ 70.218535, 40.134141 ], [ 70.241531, 40.132745 ], [ 70.263494, 40.12427 ], [ 70.277808, 40.112075 ], [ 70.290262, 40.098174 ], [ 70.306282, 40.08479 ], [ 70.324265, 40.077503 ], [ 70.359509, 40.074041 ], [ 70.397646, 40.061225 ], [ 70.477227, 40.052027 ], [ 70.502135, 40.045981 ], [ 70.525493, 40.033682 ], [ 70.535622, 40.015957 ], [ 70.520946, 39.993736 ], [ 70.505029, 39.985106 ], [ 70.488493, 39.978543 ], [ 70.473197, 39.97012 ], [ 70.460226, 39.956115 ], [ 70.450872, 39.937408 ], [ 70.44803, 39.919993 ], [ 70.455627, 39.906816 ], [ 70.477227, 39.900925 ], [ 70.485961, 39.909606 ], [ 70.494177, 39.931672 ], [ 70.500895, 39.940561 ], [ 70.512574, 39.94516 ], [ 70.555052, 39.946245 ], [ 70.576601, 39.952239 ], [ 70.5966, 39.961955 ], [ 70.613963, 39.975752 ], [ 70.627399, 39.993891 ], [ 70.635977, 40.028514 ], [ 70.634737, 40.059313 ], [ 70.63944, 40.084945 ], [ 70.66595, 40.104168 ], [ 70.729822, 40.120705 ], [ 70.743464, 40.127113 ], [ 70.782532, 40.152589 ], [ 70.788733, 40.158997 ], [ 70.792144, 40.161374 ], [ 70.797725, 40.161942 ], [ 70.802686, 40.160134 ], [ 70.806045, 40.157653 ], [ 70.806716, 40.156155 ], [ 70.824906, 40.163544 ], [ 70.831831, 40.168195 ], [ 70.845164, 40.171813 ], [ 70.898545, 40.162614 ], [ 70.929293, 40.170624 ], [ 70.962883, 40.189693 ], [ 70.979522, 40.214084 ], [ 70.958955, 40.238372 ], [ 70.995129, 40.266587 ], [ 71.053213, 40.274235 ], [ 71.169382, 40.26142 ], [ 71.201008, 40.263848 ], [ 71.215115, 40.280747 ], [ 71.223952, 40.302864 ], [ 71.239558, 40.321106 ], [ 71.253821, 40.324413 ], [ 71.263949, 40.318212 ], [ 71.272838, 40.307722 ], [ 71.283225, 40.29842 ], [ 71.297074, 40.293821 ], [ 71.313559, 40.292684 ], [ 71.344926, 40.295216 ], [ 71.365132, 40.294131 ], [ 71.396551, 40.271548 ], [ 71.441355, 40.260903 ], [ 71.450966, 40.248914 ], [ 71.458925, 40.234134 ], [ 71.477115, 40.220802 ], [ 71.498405, 40.210518 ], [ 71.521246, 40.203749 ], [ 71.568272, 40.196566 ], [ 71.592973, 40.198426 ], [ 71.601655, 40.20995 ], [ 71.604032, 40.227261 ], [ 71.61013, 40.246382 ], [ 71.62832, 40.258887 ], [ 71.645993, 40.247105 ], [ 71.660153, 40.224471 ], [ 71.667181, 40.204162 ], [ 71.666871, 40.163131 ], [ 71.673072, 40.147886 ], [ 71.693329, 40.141117 ], [ 71.707178, 40.144269 ], [ 71.759785, 40.168092 ], [ 71.775908, 40.179926 ], [ 71.78676, 40.193517 ], [ 71.805467, 40.225298 ], [ 71.836473, 40.249172 ], [ 71.872956, 40.250774 ], [ 71.912334, 40.243436 ], [ 71.951814, 40.240904 ], [ 71.96339, 40.243746 ], [ 71.969178, 40.244418 ], [ 71.977033, 40.243074 ], [ 71.989021, 40.239302 ], [ 72.004834, 40.237287 ], [ 72.01889, 40.240026 ], [ 72.025402, 40.250878 ], [ 72.019821, 40.258732 ], [ 72.013239, 40.262072 ], [ 72.005971, 40.26576 ], [ 71.977033, 40.276096 ], [ 71.958222, 40.286534 ], [ 71.951091, 40.30152 ], [ 71.956672, 40.31568 ], [ 72.043178, 40.349321 ], [ 72.069637, 40.369423 ], [ 72.084106, 40.39738 ], [ 72.090101, 40.416035 ], [ 72.099299, 40.426371 ], [ 72.165858, 40.454431 ], [ 72.182705, 40.45779 ], [ 72.228328, 40.459606 ], [ 72.235931, 40.459909 ], [ 72.254225, 40.458307 ], [ 72.263415, 40.452651 ], [ 72.26363, 40.452519 ], [ 72.259599, 40.44239 ], [ 72.24513, 40.438721 ], [ 72.228077, 40.437533 ], [ 72.216501, 40.434949 ], [ 72.211768, 40.425836 ], [ 72.211644, 40.425596 ], [ 72.224356, 40.422443 ], [ 72.269624, 40.424045 ], [ 72.284301, 40.41986 ], [ 72.343418, 40.393401 ], [ 72.370497, 40.38565 ], [ 72.394061, 40.389422 ], [ 72.414422, 40.410713 ], [ 72.425171, 40.435983 ], [ 72.426204, 40.45934 ], [ 72.426096, 40.459545 ], [ 72.420028, 40.471027 ], [ 72.415662, 40.479287 ], [ 72.415585, 40.47933 ], [ 72.372254, 40.503265 ], [ 72.363469, 40.512309 ], [ 72.363467, 40.51241 ], [ 72.363262, 40.523574 ], [ 72.36998, 40.539852 ], [ 72.370083, 40.557732 ], [ 72.369928, 40.557931 ], [ 72.348483, 40.585379 ], [ 72.348509, 40.585508 ], [ 72.351893, 40.601967 ], [ 72.381556, 40.612148 ], [ 72.414835, 40.589875 ], [ 72.447908, 40.560471 ], [ 72.476744, 40.549567 ], [ 72.515294, 40.54564 ], [ 72.585781, 40.508743 ], [ 72.625468, 40.5105 ], [ 72.640868, 40.519853 ], [ 72.65048, 40.532152 ], [ 72.655131, 40.546363 ], [ 72.656474, 40.561143 ], [ 72.664226, 40.577783 ], [ 72.682416, 40.577679 ], [ 72.719209, 40.564864 ], [ 72.748355, 40.575096 ], [ 72.760034, 40.641758 ], [ 72.783908, 40.669663 ], [ 72.818945, 40.681084 ], [ 72.890982, 40.695088 ], [ 72.976765, 40.736068 ], [ 73.070609, 40.762474 ], [ 73.118048, 40.782938 ], [ 73.148641, 40.813686 ], [ 73.14337, 40.833839 ], [ 73.143292, 40.833853 ], [ 73.135042, 40.835274 ], [ 73.112467, 40.839162 ], [ 73.053556, 40.83632 ], [ 73.033299, 40.847224 ], [ 73.01945, 40.8619 ], [ 73.00343, 40.870168 ], [ 72.929429, 40.844175 ], [ 72.883127, 40.819628 ], [ 72.870311, 40.818181 ], [ 72.872998, 40.834821 ], [ 72.868658, 40.864122 ], [ 72.830107, 40.87208 ], [ 72.701226, 40.863243 ], [ 72.658231, 40.867171 ], [ 72.619474, 40.88009 ], [ 72.588468, 40.905825 ], [ 72.545577, 40.956519 ], [ 72.52625, 40.962204 ], [ 72.501445, 40.963496 ], [ 72.483358, 40.970575 ], [ 72.483565, 40.99352 ], [ 72.485219, 40.999566 ], [ 72.484702, 41.004682 ], [ 72.481911, 41.008816 ], [ 72.476744, 41.011813 ], [ 72.423517, 41.01574 ], [ 72.395198, 41.022045 ], [ 72.374321, 41.031967 ], [ 72.345692, 41.06597 ], [ 72.33236, 41.072843 ], [ 72.314066, 41.061681 ], [ 72.308795, 41.054446 ], [ 72.297323, 41.028143 ], [ 72.289778, 41.023544 ], [ 72.252985, 41.019616 ], [ 72.195486, 41.006358 ], [ 72.165135, 40.999359 ], [ 72.178777, 41.023182 ], [ 72.185599, 41.041062 ], [ 72.185599, 41.060647 ], [ 72.1764, 41.112892 ], [ 72.174643, 41.141418 ], [ 72.169889, 41.168651 ], [ 72.158417, 41.187875 ], [ 72.132889, 41.199295 ], [ 72.108497, 41.196401 ], [ 72.085243, 41.184877 ], [ 72.063642, 41.170201 ], [ 72.033773, 41.15661 ], [ 72.016513, 41.163535 ], [ 72.001217, 41.18002 ], [ 71.977033, 41.195213 ], [ 71.897658, 41.184929 ], [ 71.871613, 41.194489 ], [ 71.866342, 41.236606 ], [ 71.868822, 41.279239 ], [ 71.863034, 41.312208 ], [ 71.847015, 41.341819 ], [ 71.75317, 41.44729 ], [ 71.745212, 41.45282 ], [ 71.73684, 41.455404 ], [ 71.730433, 41.451166 ], [ 71.729709, 41.430082 ], [ 71.721648, 41.424759 ], [ 71.712242, 41.428015 ], [ 71.706868, 41.444086 ], [ 71.696119, 41.447445 ], [ 71.691469, 41.441916 ], [ 71.687334, 41.431012 ], [ 71.681443, 41.422847 ], [ 71.671935, 41.425483 ], [ 71.671108, 41.437627 ], [ 71.689505, 41.493799 ], [ 71.689401, 41.514625 ], [ 71.68413, 41.534055 ], [ 71.671418, 41.547388 ], [ 71.649507, 41.54992 ], [ 71.62739, 41.543202 ], [ 71.615297, 41.532143 ], [ 71.595454, 41.493747 ], [ 71.595557, 41.493696 ], [ 71.595557, 41.493489 ], [ 71.605582, 41.476849 ], [ 71.633694, 41.449616 ], [ 71.637415, 41.431271 ], [ 71.633074, 41.411324 ], [ 71.618811, 41.377786 ], [ 71.585532, 41.323525 ], [ 71.557937, 41.301718 ], [ 71.52383, 41.296654 ], [ 71.480629, 41.310761 ], [ 71.432466, 41.344816 ], [ 71.418772, 41.3474 ], [ 71.412571, 41.334687 ], [ 71.421459, 41.162088 ], [ 71.416085, 41.127362 ], [ 71.393657, 41.112737 ], [ 71.325238, 41.157334 ], [ 71.300226, 41.133046 ], [ 71.289478, 41.113874 ], [ 71.276145, 41.113151 ], [ 71.263381, 41.123486 ], [ 71.253821, 41.13749 ], [ 71.241522, 41.175162 ], [ 71.230153, 41.187255 ], [ 71.206382, 41.188753 ], [ 71.185711, 41.180227 ], [ 71.183024, 41.166377 ], [ 71.187882, 41.148446 ], [ 71.189949, 41.127465 ], [ 71.18013, 41.108138 ], [ 71.164421, 41.116199 ], [ 71.139099, 41.148394 ], [ 71.123079, 41.158212 ], [ 71.085769, 41.162036 ], [ 71.067579, 41.169736 ], [ 71.047012, 41.182035 ], [ 71.024688, 41.189787 ], [ 70.977145, 41.19635 ], [ 70.93415, 41.19144 ], [ 70.914203, 41.193042 ], [ 70.895962, 41.206116 ], [ 70.882164, 41.220482 ], [ 70.865731, 41.233195 ], [ 70.847747, 41.243065 ], [ 70.828524, 41.249111 ], [ 70.805993, 41.247458 ], [ 70.786563, 41.24043 ], [ 70.770439, 41.238518 ], [ 70.758037, 41.25216 ], [ 70.75628, 41.269627 ], [ 70.77106, 41.331018 ], [ 70.769199, 41.352102 ], [ 70.759691, 41.372515 ], [ 70.70357, 41.445482 ], [ 70.686724, 41.462483 ], [ 70.66781, 41.471372 ], [ 70.633807, 41.467496 ], [ 70.511334, 41.414476 ], [ 70.477227, 41.404657 ], [ 70.470782, 41.404879 ], [ 70.453198, 41.405484 ], [ 70.438057, 41.416078 ], [ 70.413614, 41.450701 ], [ 70.398989, 41.464964 ], [ 70.382246, 41.476436 ], [ 70.344936, 41.493489 ], [ 70.344729, 41.493644 ], [ 70.344522, 41.493696 ], [ 70.344419, 41.493799 ], [ 70.203446, 41.505633 ], [ 70.166549, 41.520206 ], [ 70.148255, 41.552452 ], [ 70.169288, 41.578342 ], [ 70.33119, 41.649629 ], [ 70.390824, 41.685054 ], [ 70.423484, 41.696913 ], [ 70.453663, 41.71208 ], [ 70.477227, 41.738435 ], [ 70.506476, 41.78559 ], [ 70.550091, 41.824063 ], [ 70.648948, 41.887393 ], [ 70.679696, 41.901113 ], [ 70.779328, 41.909665 ], [ 70.814003, 41.919535 ], [ 70.825113, 41.93633 ], [ 70.828059, 41.993743 ], [ 70.845474, 42.030356 ], [ 70.886711, 42.038495 ], [ 70.935907, 42.036867 ], [ 70.977145, 42.044231 ], [ 71.118429, 42.122908 ], [ 71.201008, 42.140788 ], [ 71.238215, 42.160244 ], [ 71.253201, 42.197555 ], [ 71.249868, 42.198385 ], [ 71.217854, 42.206365 ], [ 71.077604, 42.281167 ], [ 71.045772, 42.29096 ], [ 71.014042, 42.287704 ], [ 70.9696, 42.263468 ], [ 70.947793, 42.248146 ], [ 70.918648, 42.253365 ], [ 70.897822, 42.261608 ], [ 70.858134, 42.291063 ], [ 70.852657, 42.306075 ], [ 70.864801, 42.321552 ], [ 70.888825, 42.338575 ], [ 70.900354, 42.346744 ], [ 70.932703, 42.3762 ], [ 70.939835, 42.387827 ], [ 70.937354, 42.394778 ], [ 70.931773, 42.401496 ], [ 70.929913, 42.412296 ], [ 70.936114, 42.431623 ], [ 70.947586, 42.451286 ], [ 70.961952, 42.468107 ], [ 70.977145, 42.478752 ], [ 71.024739, 42.455963 ], [ 71.041017, 42.4548 ], [ 71.054712, 42.460381 ], [ 71.064168, 42.470329 ], [ 71.066287, 42.482137 ], [ 71.057864, 42.493402 ], [ 71.057657, 42.493402 ], [ 71.057554, 42.493506 ], [ 71.057554, 42.493609 ], [ 71.022724, 42.51645 ], [ 71.012699, 42.526036 ], [ 71.00319, 42.563527 ], [ 71.040656, 42.580529 ], [ 71.127007, 42.590606 ], [ 71.142768, 42.602543 ], [ 71.148091, 42.6174 ], [ 71.146437, 42.656855 ], [ 71.149021, 42.677939 ], [ 71.157548, 42.687938 ], [ 71.19522, 42.69724 ], [ 71.211446, 42.705224 ], [ 71.223849, 42.717936 ], [ 71.245449, 42.747133 ], [ 71.262502, 42.753567 ], [ 71.284723, 42.7484 ], [ 71.308495, 42.740105 ], [ 71.329785, 42.737031 ], [ 71.347562, 42.742844 ], [ 71.363065, 42.75411 ], [ 71.376294, 42.768321 ], [ 71.386939, 42.783074 ], [ 71.404613, 42.794883 ], [ 71.428849, 42.79558 ], [ 71.477115, 42.78354 ], [ 71.493651, 42.788914 ], [ 71.504193, 42.789612 ], [ 71.514322, 42.78571 ], [ 71.553803, 42.760905 ], [ 71.566308, 42.757236 ], [ 71.583568, 42.759639 ], [ 71.693536, 42.811807 ], [ 71.726402, 42.819661 ], [ 71.796682, 42.822297 ], [ 71.831408, 42.831573 ], [ 71.847738, 42.834053 ], [ 71.863241, 42.829041 ], [ 71.878847, 42.821341 ], [ 71.895384, 42.816044 ], [ 71.956982, 42.804598 ], [ 72.072737, 42.757185 ], [ 72.10488, 42.750337 ], [ 72.11997, 42.75181 ], [ 72.148805, 42.76199 ], [ 72.164101, 42.765091 ], [ 72.292362, 42.76106 ], [ 72.358405, 42.741397 ], [ 72.476744, 42.682564 ], [ 72.51178, 42.677551 ], [ 72.583817, 42.678275 ], [ 72.725824, 42.652876 ], [ 72.756933, 42.640215 ], [ 72.780601, 42.620449 ], [ 72.815224, 42.573036 ], [ 72.840752, 42.555698 ], [ 72.874549, 42.543993 ], [ 72.908345, 42.536965 ], [ 72.942348, 42.536035 ], [ 73.070609, 42.551926 ], [ 73.115051, 42.550841 ], [ 73.152671, 42.539213 ], [ 73.172722, 42.527845 ], [ 73.189052, 42.520765 ], [ 73.206828, 42.517173 ], [ 73.278348, 42.513401 ], [ 73.301396, 42.507071 ], [ 73.316589, 42.493712 ], [ 73.313385, 42.463171 ], [ 73.314419, 42.441571 ], [ 73.326201, 42.428677 ], [ 73.417461, 42.41705 ], [ 73.476889, 42.399067 ], [ 73.505105, 42.402943 ], [ 73.505518, 42.420926 ], [ 73.505077, 42.421557 ], [ 73.432964, 42.524847 ], [ 73.417565, 42.556163 ], [ 73.41002, 42.58965 ], [ 73.412707, 42.627322 ], [ 73.423869, 42.662772 ], [ 73.476889, 42.75088 ], [ 73.503554, 42.794082 ], [ 73.507068, 42.809404 ], [ 73.504278, 42.827594 ], [ 73.491979, 42.861003 ], [ 73.489498, 42.877823 ], [ 73.493012, 42.894954 ], [ 73.501177, 42.909346 ], [ 73.521744, 42.936166 ], [ 73.559675, 43.017298 ], [ 73.57094, 43.031922 ], [ 73.58665, 43.042283 ], [ 73.634089, 43.062463 ], [ 73.805551, 43.114734 ], [ 73.822811, 43.117318 ], [ 73.864256, 43.116103 ], [ 73.90167, 43.13096 ], [ 73.935053, 43.199716 ], [ 73.965335, 43.216924 ], [ 73.985385, 43.211679 ], [ 74.021456, 43.186306 ], [ 74.039852, 43.181861 ], [ 74.197362, 43.195788 ], [ 74.213899, 43.202635 ], [ 74.216586, 43.216924 ], [ 74.206044, 43.234106 ], [ 74.178759, 43.261702 ], [ 74.207697, 43.24979 ], [ 74.25865, 43.215761 ], [ 74.286969, 43.207209 ], [ 74.320042, 43.201654 ], [ 74.348774, 43.191034 ], [ 74.400554, 43.159537 ], [ 74.420604, 43.151837 ], [ 74.462772, 43.148634 ], [ 74.498222, 43.131115 ], [ 74.539253, 43.122899 ], [ 74.558167, 43.115044 ], [ 74.572016, 43.102202 ], [ 74.597028, 43.070344 ], [ 74.61129, 43.058174 ], [ 74.71392, 42.999883 ], [ 74.74875, 42.990013 ], [ 74.862851, 42.975828 ], [ 74.948531, 42.944848 ], [ 74.976849, 42.926477 ], [ 75.005375, 42.9164 ], [ 75.066146, 42.902602 ], [ 75.094258, 42.890303 ], [ 75.118133, 42.876531 ], [ 75.178594, 42.84966 ], [ 75.204639, 42.84519 ], [ 75.271198, 42.845758 ], [ 75.496611, 42.823925 ], [ 75.535988, 42.827025 ], [ 75.555936, 42.825217 ], [ 75.620428, 42.805295 ], [ 75.646163, 42.806096 ], [ 75.675308, 42.815372 ], [ 75.703833, 42.830488 ], [ 75.727605, 42.848678 ], [ 75.73825, 42.861571 ], [ 75.770599, 42.92565 ], [ 75.782072, 42.933324 ], [ 75.797161, 42.936192 ], [ 75.807059, 42.936771 ], [ 75.858966, 42.939809 ], [ 75.898033, 42.935701 ], [ 75.976582, 42.918725 ], [ 75.999113, 42.91764 ], [ 76.064535, 42.93397 ], [ 76.09058, 42.93428 ], [ 76.163754, 42.921154 ], [ 76.254498, 42.921154 ], [ 76.340487, 42.901672 ], [ 76.351132, 42.902886 ], [ 76.370976, 42.909604 ], [ 76.382965, 42.910069 ], [ 76.3933, 42.905263 ], [ 76.404463, 42.889244 ], [ 76.414074, 42.885497 ], [ 76.432058, 42.88958 ], [ 76.461927, 42.910999 ], [ 76.48053, 42.916968 ], [ 76.506885, 42.914488 ], [ 76.558768, 42.89821 ], [ 76.58502, 42.894799 ], [ 76.605897, 42.898494 ], [ 76.644345, 42.911129 ], [ 76.688786, 42.910328 ], [ 76.707907, 42.913661 ], [ 76.74625, 42.928879 ], [ 76.750385, 42.932574 ], [ 76.751625, 42.937096 ], [ 76.753899, 42.940765 ], [ 76.76134, 42.942057 ], [ 76.77953, 42.939292 ], [ 76.785214, 42.939654 ], [ 76.792966, 42.943065 ], [ 76.814153, 42.961487 ], [ 76.83348, 42.971745 ], [ 76.853427, 42.974122 ], [ 76.897662, 42.974536 ], [ 76.93735, 42.986034 ], [ 76.956884, 42.988514 ], [ 76.976417, 42.98221 ], [ 77.089899, 42.968154 ], [ 77.124005, 42.958904 ], [ 77.135064, 42.951746 ], [ 77.163693, 42.921981 ], [ 77.178679, 42.913196 ], [ 77.195112, 42.910069 ], [ 77.21189, 42.909944 ], [ 77.229632, 42.909811 ], [ 77.328127, 42.897564 ], [ 77.36089, 42.90454 ], [ 77.403265, 42.919759 ], [ 77.418561, 42.922239 ], [ 77.43396, 42.921412 ], [ 77.461762, 42.914384 ], [ 77.501553, 42.914539 ], [ 77.520984, 42.906917 ], [ 77.53845, 42.896272 ], [ 77.557777, 42.888133 ], [ 77.574417, 42.887848 ], [ 77.62692, 42.906555 ], [ 77.647797, 42.909501 ], [ 77.71384, 42.907589 ], [ 77.781226, 42.895626 ], [ 77.787531, 42.889709 ], [ 77.791665, 42.883043 ], [ 77.798176, 42.877513 ], [ 77.809958, 42.871286 ], [ 77.83559, 42.879839 ], [ 77.852229, 42.887952 ], [ 77.861221, 42.89082 ], [ 77.883855, 42.893223 ], [ 77.907006, 42.891285 ], [ 77.929331, 42.885006 ], [ 77.986175, 42.860202 ], [ 78.030616, 42.854672 ], [ 78.137897, 42.861984 ], [ 78.183579, 42.86015 ], [ 78.229777, 42.865007 ], [ 78.249104, 42.862398 ], [ 78.290136, 42.851442 ], [ 78.31122, 42.850512 ], [ 78.328376, 42.855292 ], [ 78.364653, 42.872526 ], [ 78.38553, 42.878237 ], [ 78.429559, 42.880665 ], [ 78.496118, 42.875601 ], [ 78.594303, 42.850228 ], [ 78.635437, 42.832477 ], [ 78.669957, 42.811161 ], [ 78.687114, 42.804598 ], [ 78.807933, 42.79558 ], [ 78.888135, 42.771215 ], [ 78.954281, 42.768424 ], [ 78.992935, 42.757133 ], [ 79.030866, 42.756151 ], [ 79.108794, 42.785348 ], [ 79.148274, 42.790981 ], [ 79.173389, 42.785632 ], [ 79.180831, 42.77553 ], [ 79.175146, 42.737031 ], [ 79.176076, 42.713931 ], [ 79.181864, 42.693597 ], [ 79.192199, 42.674838 ], [ 79.206359, 42.656467 ], [ 79.242119, 42.629776 ], [ 79.321287, 42.602181 ], [ 79.353016, 42.577299 ], [ 79.398388, 42.496942 ], [ 79.425673, 42.469605 ], [ 79.47642, 42.453973 ], [ 79.571918, 42.449529 ], [ 79.652533, 42.461053 ], [ 79.696458, 42.459838 ], [ 79.917943, 42.42444 ], [ 79.960111, 42.403511 ], [ 79.97396, 42.39147 ], [ 80.012098, 42.349509 ], [ 80.077003, 42.305765 ], [ 80.110076, 42.273338 ], [ 80.136534, 42.23887 ], [ 80.16661, 42.208717 ], [ 80.210328, 42.189519 ], [ 80.21653, 42.174404 ] ], [ [ 71.760612, 39.98371 ], [ 71.724128, 39.962678 ], [ 71.706868, 39.956115 ], [ 71.681753, 39.955082 ], [ 71.665527, 39.940199 ], [ 71.675346, 39.925781 ], [ 71.696843, 39.913844 ], [ 71.71617, 39.906764 ], [ 71.741801, 39.90077 ], [ 71.757304, 39.903095 ], [ 71.767123, 39.915446 ], [ 71.789757, 39.979318 ], [ 71.78552, 39.989705 ], [ 71.760612, 39.98371 ] ], [ [ 71.169382, 40.042828 ], [ 71.165454, 40.044637 ], [ 71.162043, 40.046911 ], [ 71.105975, 40.064946 ], [ 71.078844, 40.07864 ], [ 71.06174, 40.095176 ], [ 71.047942, 40.122513 ], [ 71.031199, 40.146905 ], [ 71.008564, 40.157757 ], [ 70.977145, 40.144579 ], [ 70.959885, 40.113418 ], [ 70.954046, 40.095797 ], [ 70.952961, 40.079208 ], [ 70.958438, 40.063085 ], [ 70.98314, 40.021383 ], [ 70.994509, 40.008877 ], [ 71.007634, 40.003503 ], [ 71.034299, 39.99911 ], [ 71.045823, 39.99203 ], [ 71.050371, 39.962885 ], [ 71.007634, 39.911157 ], [ 71.009288, 39.885732 ], [ 71.021897, 39.880823 ], [ 71.036056, 39.887541 ], [ 71.049802, 39.897979 ], [ 71.060964, 39.904129 ], [ 71.079981, 39.903405 ], [ 71.084787, 39.894827 ], [ 71.087216, 39.88382 ], [ 71.098895, 39.8755 ], [ 71.113674, 39.874466 ], [ 71.16101, 39.884233 ], [ 71.1946, 39.884802 ], [ 71.208449, 39.888781 ], [ 71.219094, 39.900925 ], [ 71.221058, 39.931724 ], [ 71.17703, 39.968156 ], [ 71.174704, 39.993994 ], [ 71.190982, 40.006241 ], [ 71.237284, 40.031098 ], [ 71.244002, 40.046756 ], [ 71.236354, 40.056057 ], [ 71.223745, 40.057866 ], [ 71.198217, 40.052595 ], [ 71.192946, 40.05027 ], [ 71.181887, 40.043397 ], [ 71.176926, 40.042001 ], [ 71.169382, 40.042828 ] ], [ [ 70.483739, 39.882218 ], [ 70.482602, 39.866767 ], [ 70.490147, 39.850179 ], [ 70.503479, 39.835502 ], [ 70.537379, 39.817312 ], [ 70.547301, 39.807649 ], [ 70.575878, 39.77008 ], [ 70.581614, 39.766566 ], [ 70.63298, 39.79845 ], [ 70.661609, 39.809819 ], [ 70.694527, 39.814832 ], [ 70.70481, 39.822067 ], [ 70.706412, 39.839998 ], [ 70.698919, 39.858447 ], [ 70.68662, 39.860876 ], [ 70.654994, 39.849765 ], [ 70.619906, 39.850695 ], [ 70.498725, 39.881908 ], [ 70.483739, 39.882218 ] ] ] } },
{ "type": "Feature", "properties": { "ADMIN": "Uzbekistan", "SOVEREIGNT": "Uzbekistan", "TYPE": "Sovereign country", "NAME": "Uzbekistan", "ISO_A3": "UZB" }, "geometry": { "type": "MultiPolygon", "coordinates": [ [ [ [ 71.789757, 39.979318 ], [ 71.767123, 39.915446 ], [ 71.757304, 39.903095 ], [ 71.741801, 39.90077 ], [ 71.71617, 39.906764 ], [ 71.696843, 39.913844 ], [ 71.675346, 39.925781 ], [ 71.665527, 39.940199 ], [ 71.681753, 39.955082 ], [ 71.706868, 39.956115 ], [ 71.724128, 39.962678 ], [ 71.760612, 39.98371 ], [ 71.78552, 39.989705 ], [ 71.789757, 39.979318 ] ] ], [ [ [ 70.938336, 40.239922 ], [ 70.849711, 40.233773 ], [ 70.707188, 40.200183 ], [ 70.664296, 40.197496 ], [ 70.622128, 40.199563 ], [ 70.581821, 40.221732 ], [ 70.56394, 40.26421 ], [ 70.550608, 40.310461 ], [ 70.524046, 40.34374 ], [ 70.501929, 40.35082 ], [ 70.482912, 40.34927 ], [ 70.464102, 40.344825 ], [ 70.442191, 40.343327 ], [ 70.42121, 40.347978 ], [ 70.371394, 40.364927 ], [ 70.384933, 40.399706 ], [ 70.382143, 40.403943 ], [ 70.373564, 40.411798 ], [ 70.371394, 40.413348 ], [ 70.371963, 40.412987 ], [ 70.358785, 40.427714 ], [ 70.357028, 40.430402 ], [ 70.355426, 40.435104 ], [ 70.353824, 40.456136 ], [ 70.369637, 40.475515 ], [ 70.399351, 40.490191 ], [ 70.468184, 40.50249 ], [ 70.477796, 40.505487 ], [ 70.487873, 40.515564 ], [ 70.511954, 40.546777 ], [ 70.525493, 40.557112 ], [ 70.539446, 40.561866 ], [ 70.554225, 40.565019 ], [ 70.569315, 40.570445 ], [ 70.582079, 40.578765 ], [ 70.617167, 40.611941 ], [ 70.677939, 40.649923 ], [ 70.692925, 40.660413 ], [ 70.707239, 40.668992 ], [ 70.715662, 40.672144 ], [ 70.732096, 40.674986 ], [ 70.735506, 40.678862 ], [ 70.73716, 40.683564 ], [ 70.740674, 40.687698 ], [ 70.756177, 40.69514 ], [ 70.756293, 40.695578 ], [ 70.758502, 40.703925 ], [ 70.767132, 40.737618 ], [ 70.728892, 40.754464 ], [ 70.637424, 40.770587 ], [ 70.621766, 40.785987 ], [ 70.619338, 40.803195 ], [ 70.628743, 40.815856 ], [ 70.64869, 40.81751 ], [ 70.683468, 40.794514 ], [ 70.703157, 40.788933 ], [ 70.70512, 40.807433 ], [ 70.696852, 40.816218 ], [ 70.514434, 40.972591 ], [ 70.482912, 40.99352 ], [ 70.47976, 40.996465 ], [ 70.477227, 40.999824 ], [ 70.458006, 41.015737 ], [ 70.445705, 41.025921 ], [ 70.40116, 41.039977 ], [ 70.363539, 41.032432 ], [ 70.335892, 40.92696 ], [ 70.280392, 40.877713 ], [ 70.207993, 40.844588 ], [ 70.104227, 40.813324 ], [ 70.009659, 40.75803 ], [ 69.825329, 40.714002 ], [ 69.803315, 40.70563 ], [ 69.783523, 40.692969 ], [ 69.741562, 40.652455 ], [ 69.717687, 40.63628 ], [ 69.690919, 40.630028 ], [ 69.66012, 40.638709 ], [ 69.647511, 40.647443 ], [ 69.637175, 40.657933 ], [ 69.618882, 40.681652 ], [ 69.607823, 40.691781 ], [ 69.582605, 40.70439 ], [ 69.570823, 40.712451 ], [ 69.531859, 40.758599 ], [ 69.509224, 40.77467 ], [ 69.477288, 40.777047 ], [ 69.461682, 40.784333 ], [ 69.449176, 40.794462 ], [ 69.435844, 40.802679 ], [ 69.417757, 40.804229 ], [ 69.385253, 40.796116 ], [ 69.369285, 40.789398 ], [ 69.355074, 40.780354 ], [ 69.329597, 40.755343 ], [ 69.314198, 40.729298 ], [ 69.30717, 40.699326 ], [ 69.306601, 40.662532 ], [ 69.313474, 40.609357 ], [ 69.30934, 40.595818 ], [ 69.294974, 40.589152 ], [ 69.234254, 40.585276 ], [ 69.198442, 40.566517 ], [ 69.198029, 40.545847 ], [ 69.238233, 40.493964 ], [ 69.238337, 40.493964 ], [ 69.259731, 40.437636 ], [ 69.269446, 40.419808 ], [ 69.295491, 40.383944 ], [ 69.306343, 40.364979 ], [ 69.312699, 40.34281 ], [ 69.305309, 40.293821 ], [ 69.273115, 40.289583 ], [ 69.234616, 40.300849 ], [ 69.208364, 40.298317 ], [ 69.212498, 40.268758 ], [ 69.285259, 40.218631 ], [ 69.285259, 40.194964 ], [ 69.24769, 40.181735 ], [ 69.197926, 40.182975 ], [ 69.108009, 40.203645 ], [ 69.07364, 40.216941 ], [ 69.042018, 40.229173 ], [ 69.019229, 40.232067 ], [ 68.856551, 40.21274 ], [ 68.836656, 40.206436 ], [ 68.801877, 40.19114 ], [ 68.778468, 40.188763 ], [ 68.720539, 40.196514 ], [ 68.698318, 40.194964 ], [ 68.642732, 40.183691 ], [ 68.601993, 40.17543 ], [ 68.581116, 40.164216 ], [ 68.606954, 40.142305 ], [ 68.651706, 40.120756 ], [ 68.687052, 40.110318 ], [ 68.696545, 40.111739 ], [ 68.930655, 40.146801 ], [ 68.977267, 40.121015 ], [ 68.983779, 40.10701 ], [ 68.986982, 40.091714 ], [ 68.985432, 40.077141 ], [ 68.977267, 40.064894 ], [ 68.95453, 40.062052 ], [ 68.881769, 40.070837 ], [ 68.861512, 40.065824 ], [ 68.826062, 40.042053 ], [ 68.813143, 40.038901 ], [ 68.790405, 40.070165 ], [ 68.774696, 40.07988 ], [ 68.761725, 40.061483 ], [ 68.763844, 40.052492 ], [ 68.78162, 40.041536 ], [ 68.785031, 40.03394 ], [ 68.782912, 40.013424 ], [ 68.784411, 40.004019 ], [ 68.789372, 39.993994 ], [ 68.877428, 39.900563 ], [ 68.880787, 39.878342 ], [ 68.838258, 39.864648 ], [ 68.815365, 39.891881 ], [ 68.80012, 39.935135 ], [ 68.77976, 39.969448 ], [ 68.758883, 39.980558 ], [ 68.75201, 39.972755 ], [ 68.755575, 39.954048 ], [ 68.765239, 39.932447 ], [ 68.787615, 39.895757 ], [ 68.787356, 39.881701 ], [ 68.775212, 39.862529 ], [ 68.77144, 39.860514 ], [ 68.76095, 39.859119 ], [ 68.757539, 39.857517 ], [ 68.750408, 39.842479 ], [ 68.750614, 39.841083 ], [ 68.750511, 39.836071 ], [ 68.748341, 39.826149 ], [ 68.741623, 39.819638 ], [ 68.728187, 39.82496 ], [ 68.701522, 39.858447 ], [ 68.685089, 39.868007 ], [ 68.651086, 39.844701 ], [ 68.637753, 39.848938 ], [ 68.626178, 39.84961 ], [ 68.615842, 39.828113 ], [ 68.605817, 39.666882 ], [ 68.600339, 39.642853 ], [ 68.587007, 39.623164 ], [ 68.562926, 39.603579 ], [ 68.520241, 39.582546 ], [ 68.506702, 39.56756 ], [ 68.510158, 39.561411 ], [ 68.517268, 39.548765 ], [ 68.51745, 39.54844 ], [ 68.49771, 39.541412 ], [ 68.436267, 39.528803 ], [ 68.386606, 39.525185 ], [ 68.337565, 39.527924 ], [ 68.255864, 39.550559 ], [ 68.106209, 39.554124 ], [ 67.764525, 39.622596 ], [ 67.717603, 39.623371 ], [ 67.680447, 39.614121 ], [ 67.587378, 39.562651 ], [ 67.507435, 39.552936 ], [ 67.487642, 39.538001 ], [ 67.494567, 39.493714 ], [ 67.491156, 39.490097 ], [ 67.487022, 39.487152 ], [ 67.482371, 39.485291 ], [ 67.477411, 39.484413 ], [ 67.451676, 39.487152 ], [ 67.436483, 39.485705 ], [ 67.427284, 39.47661 ], [ 67.414779, 39.438111 ], [ 67.408164, 39.397906 ], [ 67.407079, 39.361009 ], [ 67.394418, 39.327368 ], [ 67.386873, 39.294192 ], [ 67.380259, 39.292331 ], [ 67.371267, 39.294502 ], [ 67.360622, 39.291763 ], [ 67.351217, 39.285252 ], [ 67.346462, 39.280808 ], [ 67.344395, 39.273831 ], [ 67.34269, 39.259569 ], [ 67.350037, 39.220058 ], [ 67.35008, 39.219829 ], [ 67.378192, 39.199495 ], [ 67.499011, 39.165983 ], [ 67.58035, 39.163605 ], [ 67.619831, 39.151255 ], [ 67.624172, 39.147379 ], [ 67.63213, 39.136217 ], [ 67.637711, 39.13154 ], [ 67.644532, 39.13061 ], [ 67.661172, 39.133375 ], [ 67.66758, 39.131773 ], [ 67.676581, 39.119821 ], [ 67.676727, 39.119629 ], [ 67.678587, 39.105935 ], [ 67.667218, 39.028368 ], [ 67.672185, 39.003992 ], [ 67.672231, 39.00377 ], [ 67.673254, 39.002978 ], [ 67.690524, 38.989611 ], [ 67.818372, 38.97341 ], [ 67.845243, 38.973772 ], [ 67.921156, 38.993797 ], [ 67.921259, 38.993874 ], [ 67.921518, 38.993874 ], [ 67.93485, 38.999068 ], [ 67.948906, 39.002013 ], [ 67.963272, 39.00191 ], [ 67.980119, 38.997388 ], [ 67.987974, 38.993771 ], [ 68.003373, 38.982118 ], [ 68.019806, 38.979689 ], [ 68.036446, 38.984392 ], [ 68.053086, 38.993952 ], [ 68.060941, 38.995528 ], [ 68.069106, 38.996096 ], [ 68.077271, 38.995528 ], [ 68.085074, 38.993952 ], [ 68.08528, 38.993952 ], [ 68.085435, 38.993797 ], [ 68.085642, 38.993771 ], [ 68.100938, 38.979276 ], [ 68.134683, 38.920985 ], [ 68.153386, 38.899403 ], [ 68.163725, 38.887472 ], [ 68.173699, 38.867319 ], [ 68.172562, 38.845279 ], [ 68.163674, 38.828639 ], [ 68.151271, 38.815125 ], [ 68.135975, 38.804506 ], [ 68.119025, 38.796703 ], [ 68.095616, 38.79293 ], [ 68.077891, 38.793395 ], [ 68.066729, 38.787969 ], [ 68.063318, 38.766317 ], [ 68.066315, 38.756214 ], [ 68.072206, 38.747352 ], [ 68.07665, 38.738102 ], [ 68.075927, 38.726862 ], [ 68.070759, 38.720738 ], [ 68.04549, 38.706708 ], [ 68.037635, 38.691645 ], [ 68.040322, 38.673351 ], [ 68.053706, 38.635937 ], [ 68.055877, 38.615732 ], [ 68.052518, 38.558268 ], [ 68.055153, 38.536305 ], [ 68.062594, 38.523076 ], [ 68.086882, 38.494034 ], [ 68.092567, 38.478789 ], [ 68.094634, 38.446983 ], [ 68.098044, 38.432436 ], [ 68.107553, 38.418276 ], [ 68.146724, 38.388743 ], [ 68.183724, 38.335491 ], [ 68.200829, 38.321693 ], [ 68.25266, 38.298749 ], [ 68.332035, 38.24299 ], [ 68.35622, 38.212604 ], [ 68.360664, 38.174053 ], [ 68.344334, 38.115452 ], [ 68.31953, 38.06021 ], [ 68.280566, 38.013236 ], [ 68.268577, 37.994194 ], [ 68.268473, 37.994116 ], [ 68.268473, 37.993987 ], [ 68.26837, 37.993909 ], [ 68.268267, 37.993832 ], [ 68.260774, 37.976779 ], [ 68.256226, 37.96156 ], [ 68.248733, 37.948951 ], [ 68.238025, 37.942716 ], [ 68.233023, 37.939804 ], [ 68.217727, 37.936083 ], [ 68.171115, 37.931071 ], [ 68.139954, 37.922699 ], [ 68.122229, 37.908333 ], [ 68.079648, 37.806272 ], [ 68.050192, 37.760409 ], [ 67.977328, 37.679743 ], [ 67.923378, 37.638789 ], [ 67.871857, 37.586802 ], [ 67.829224, 37.527943 ], [ 67.801215, 37.466448 ], [ 67.797339, 37.424435 ], [ 67.817183, 37.345422 ], [ 67.820645, 37.303306 ], [ 67.815426, 37.267339 ], [ 67.803954, 37.233439 ], [ 67.785092, 37.20357 ], [ 67.780544, 37.188868 ], [ 67.775997, 37.207549 ], [ 67.764266, 37.220882 ], [ 67.746593, 37.229408 ], [ 67.725871, 37.233542 ], [ 67.690162, 37.23225 ], [ 67.677502, 37.233542 ], [ 67.666443, 37.238012 ], [ 67.644635, 37.251216 ], [ 67.633163, 37.254058 ], [ 67.621794, 37.252921 ], [ 67.602726, 37.24827 ], [ 67.592287, 37.247185 ], [ 67.586034, 37.242612 ], [ 67.579937, 37.232664 ], [ 67.572185, 37.223155 ], [ 67.561385, 37.2199 ], [ 67.545003, 37.231527 ], [ 67.526141, 37.272894 ], [ 67.503145, 37.281963 ], [ 67.482371, 37.277364 ], [ 67.463975, 37.266279 ], [ 67.431108, 37.239769 ], [ 67.411265, 37.22791 ], [ 67.391163, 37.21959 ], [ 67.36951, 37.21468 ], [ 67.345222, 37.213027 ], [ 67.319591, 37.208428 ], [ 67.281453, 37.188661 ], [ 67.259129, 37.185147 ], [ 67.236753, 37.192408 ], [ 67.225281, 37.207704 ], [ 67.217995, 37.226256 ], [ 67.20797, 37.243464 ], [ 67.187816, 37.258244 ], [ 67.143477, 37.27186 ], [ 67.123324, 37.281963 ], [ 67.113918, 37.297182 ], [ 67.097382, 37.34059 ], [ 67.085083, 37.349633 ], [ 67.064102, 37.354569 ], [ 67.024105, 37.377487 ], [ 67.005915, 37.384386 ], [ 66.957649, 37.385213 ], [ 66.865768, 37.367927 ], [ 66.734975, 37.363302 ], [ 66.724433, 37.36015 ], [ 66.704745, 37.346533 ], [ 66.694099, 37.343406 ], [ 66.667021, 37.344311 ], [ 66.65467, 37.346145 ], [ 66.588576, 37.36847 ], [ 66.564598, 37.370692 ], [ 66.539018, 37.36909 ], [ 66.519588, 37.36418 ], [ 66.494835, 37.379425 ], [ 66.497005, 37.397744 ], [ 66.512095, 37.414823 ], [ 66.530802, 37.430145 ], [ 66.546615, 37.45079 ], [ 66.542687, 37.466758 ], [ 66.526823, 37.480375 ], [ 66.507134, 37.493837 ], [ 66.493491, 37.522207 ], [ 66.497212, 37.55789 ], [ 66.519123, 37.62525 ], [ 66.522947, 37.665041 ], [ 66.514989, 37.743485 ], [ 66.518813, 37.782708 ], [ 66.553643, 37.832007 ], [ 66.60904, 37.889187 ], [ 66.645782, 37.945902 ], [ 66.636524, 37.966593 ], [ 66.624336, 37.993832 ], [ 66.624233, 37.993884 ], [ 66.624026, 37.994013 ], [ 66.590385, 38.012978 ], [ 66.554159, 38.026853 ], [ 66.515919, 38.035096 ], [ 66.439438, 38.035457 ], [ 66.408328, 38.042847 ], [ 66.306939, 38.08039 ], [ 66.260431, 38.126744 ], [ 66.231078, 38.148784 ], [ 66.198419, 38.160721 ], [ 66.133565, 38.175294 ], [ 66.071605, 38.214542 ], [ 66.043493, 38.226195 ], [ 65.97745, 38.234567 ], [ 65.876681, 38.272962 ], [ 65.842885, 38.275339 ], [ 65.81436, 38.266193 ], [ 65.76599, 38.235548 ], [ 65.740204, 38.224076 ], [ 65.671629, 38.219684 ], [ 65.60414, 38.237409 ], [ 65.439602, 38.324949 ], [ 65.340177, 38.377814 ], [ 65.205301, 38.449644 ], [ 65.110837, 38.517262 ], [ 64.977718, 38.61227 ], [ 64.910539, 38.645343 ], [ 64.763364, 38.686012 ], [ 64.634897, 38.744148 ], [ 64.424315, 38.882951 ], [ 64.367566, 38.940374 ], [ 64.337344, 38.970956 ], [ 64.313573, 38.98248 ], [ 64.283394, 38.979689 ], [ 64.205982, 38.949458 ], [ 64.180144, 38.945117 ], [ 64.150585, 38.949458 ], [ 64.120613, 38.96168 ], [ 63.959692, 39.051364 ], [ 63.820063, 39.129137 ], [ 63.709268, 39.190891 ], [ 63.648497, 39.239518 ], [ 63.54101, 39.3561 ], [ 63.477551, 39.402919 ], [ 63.338645, 39.479452 ], [ 63.008949, 39.661094 ], [ 62.846479, 39.750598 ], [ 62.710156, 39.825736 ], [ 62.593161, 39.890228 ], [ 62.535387, 39.93498 ], [ 62.524586, 39.939734 ], [ 62.452808, 40.009239 ], [ 62.441956, 40.035955 ], [ 62.424386, 40.092128 ], [ 62.421595, 40.115072 ], [ 62.425781, 40.136673 ], [ 62.434101, 40.154811 ], [ 62.439682, 40.172898 ], [ 62.435754, 40.194189 ], [ 62.405059, 40.245245 ], [ 62.400976, 40.265605 ], [ 62.400201, 40.292115 ], [ 62.396532, 40.312011 ], [ 62.388315, 40.330149 ], [ 62.362581, 40.369682 ], [ 62.356379, 40.388182 ], [ 62.353279, 40.430402 ], [ 62.343615, 40.439393 ], [ 62.260933, 40.475722 ], [ 62.213442, 40.486574 ], [ 62.191842, 40.499028 ], [ 62.187061, 40.505516 ], [ 62.18533, 40.507864 ], [ 62.177269, 40.530654 ], [ 62.171378, 40.539956 ], [ 62.134171, 40.577834 ], [ 62.120683, 40.59897 ], [ 62.100064, 40.660413 ], [ 62.088696, 40.674366 ], [ 62.055726, 40.701754 ], [ 62.044771, 40.714984 ], [ 62.036812, 40.736326 ], [ 62.02534, 40.781956 ], [ 61.993869, 40.865879 ], [ 61.982707, 40.885671 ], [ 61.990252, 40.893164 ], [ 61.985394, 40.907892 ], [ 61.982707, 40.97843 ], [ 61.979297, 40.998842 ], [ 61.970822, 41.01543 ], [ 61.897441, 41.10881 ], [ 61.877907, 41.124984 ], [ 61.654355, 41.249421 ], [ 61.567332, 41.277792 ], [ 61.470077, 41.29717 ], [ 61.43318, 41.300323 ], [ 61.410752, 41.292003 ], [ 61.397213, 41.27097 ], [ 61.387498, 41.235779 ], [ 61.363003, 41.225185 ], [ 61.343986, 41.193817 ], [ 61.315874, 41.17046 ], [ 61.281355, 41.157282 ], [ 61.243217, 41.1563 ], [ 61.2026, 41.168806 ], [ 61.09966, 41.2241 ], [ 61.081884, 41.224513 ], [ 61.022766, 41.216865 ], [ 61.017185, 41.22596 ], [ 61.014084, 41.2349 ], [ 61.01026, 41.237226 ], [ 61.004318, 41.229533 ], [ 60.99114, 41.212473 ], [ 60.984629, 41.206995 ], [ 60.978014, 41.202809 ], [ 60.930265, 41.240223 ], [ 60.860295, 41.252987 ], [ 60.65886, 41.243789 ], [ 60.538144, 41.213248 ], [ 60.478096, 41.212111 ], [ 60.443266, 41.219656 ], [ 60.414534, 41.235262 ], [ 60.360274, 41.276345 ], [ 60.299916, 41.309831 ], [ 60.203694, 41.34709 ], [ 60.094244, 41.389516 ], [ 60.066132, 41.410497 ], [ 60.059207, 41.434165 ], [ 60.071713, 41.514366 ], [ 60.079568, 41.531471 ], [ 60.09259, 41.545476 ], [ 60.109643, 41.556793 ], [ 60.150984, 41.572347 ], [ 60.16473, 41.584956 ], [ 60.155635, 41.603327 ], [ 60.089076, 41.674124 ], [ 60.058277, 41.718592 ], [ 60.049182, 41.753499 ], [ 60.074917, 41.781043 ], [ 60.102408, 41.795279 ], [ 60.133724, 41.797295 ], [ 60.171345, 41.788406 ], [ 60.205865, 41.772025 ], [ 60.225398, 41.765462 ], [ 60.241108, 41.767064 ], [ 60.252684, 41.780061 ], [ 60.250823, 41.794272 ], [ 60.241108, 41.808069 ], [ 60.228912, 41.819619 ], [ 60.214856, 41.828585 ], [ 60.167521, 41.849591 ], [ 60.152535, 41.861193 ], [ 60.141144, 41.874221 ], [ 60.118221, 41.900441 ], [ 60.088766, 41.919355 ], [ 59.983656, 41.949043 ], [ 59.931773, 41.947647 ], [ 59.91751, 41.952427 ], [ 59.906451, 41.966613 ], [ 59.908002, 41.979816 ], [ 59.919267, 41.98966 ], [ 59.936941, 41.993484 ], [ 59.937251, 41.993407 ], [ 59.937561, 41.993407 ], [ 59.937871, 41.993407 ], [ 59.997195, 42.010615 ], [ 59.994095, 42.050096 ], [ 59.974458, 42.09924 ], [ 59.983656, 42.145594 ], [ 60.000089, 42.154508 ], [ 60.020553, 42.160787 ], [ 60.036986, 42.169701 ], [ 60.040397, 42.18647 ], [ 60.028201, 42.199518 ], [ 60.00505, 42.209776 ], [ 59.960712, 42.222721 ], [ 59.925675, 42.246286 ], [ 59.897873, 42.278532 ], [ 59.866351, 42.304215 ], [ 59.820979, 42.307987 ], [ 59.77633, 42.303956 ], [ 59.689514, 42.309796 ], [ 59.478157, 42.285637 ], [ 59.426481, 42.286774 ], [ 59.401469, 42.293905 ], [ 59.361575, 42.32579 ], [ 59.338114, 42.33181 ], [ 59.287161, 42.335944 ], [ 59.258429, 42.347545 ], [ 59.2452, 42.365348 ], [ 59.233314, 42.441726 ], [ 59.223806, 42.460872 ], [ 59.209646, 42.477718 ], [ 59.146084, 42.526759 ], [ 59.122003, 42.537999 ], [ 59.096475, 42.535984 ], [ 59.067433, 42.525571 ], [ 59.038597, 42.519731 ], [ 59.009245, 42.518465 ], [ 58.9647, 42.524382 ], [ 58.89442, 42.547843 ], [ 58.827448, 42.593758 ], [ 58.612267, 42.780852 ], [ 58.587876, 42.791188 ], [ 58.569375, 42.768502 ], [ 58.555733, 42.683597 ], [ 58.534546, 42.654503 ], [ 58.493204, 42.64546 ], [ 58.441838, 42.647837 ], [ 58.390575, 42.656674 ], [ 58.282675, 42.68892 ], [ 58.258283, 42.689514 ], [ 58.239576, 42.685148 ], [ 58.186556, 42.661196 ], [ 58.148833, 42.649 ], [ 58.130643, 42.638846 ], [ 58.121341, 42.624247 ], [ 58.127025, 42.604997 ], [ 58.145732, 42.592569 ], [ 58.270996, 42.549032 ], [ 58.306239, 42.528671 ], [ 58.337038, 42.493712 ], [ 58.363703, 42.447074 ], [ 58.437911, 42.3577 ], [ 58.478218, 42.322327 ], [ 58.489587, 42.314524 ], [ 58.494135, 42.305713 ], [ 58.490621, 42.297574 ], [ 58.478218, 42.291993 ], [ 58.413933, 42.284759 ], [ 58.397603, 42.287859 ], [ 58.385821, 42.301321 ], [ 58.386131, 42.31685 ], [ 58.391505, 42.33398 ], [ 58.394916, 42.352248 ], [ 58.384684, 42.387827 ], [ 58.358949, 42.413407 ], [ 58.325049, 42.431856 ], [ 58.225727, 42.466582 ], [ 58.203816, 42.469502 ], [ 58.18573, 42.467254 ], [ 58.149453, 42.455678 ], [ 58.133226, 42.454567 ], [ 58.117207, 42.461518 ], [ 58.094366, 42.48671 ], [ 58.079896, 42.497304 ], [ 58.060879, 42.502265 ], [ 58.038245, 42.502781 ], [ 58.016024, 42.499707 ], [ 57.997731, 42.493428 ], [ 57.987085, 42.483429 ], [ 57.9783, 42.471776 ], [ 57.952772, 42.450072 ], [ 57.92559, 42.441106 ], [ 57.908641, 42.430434 ], [ 57.914325, 42.40395 ], [ 57.935719, 42.369818 ], [ 57.937476, 42.354238 ], [ 57.928794, 42.330931 ], [ 57.888073, 42.261582 ], [ 57.873707, 42.249644 ], [ 57.835467, 42.240446 ], [ 57.827302, 42.227372 ], [ 57.834537, 42.211636 ], [ 57.847352, 42.200914 ], [ 57.850453, 42.191431 ], [ 57.828439, 42.179545 ], [ 57.809215, 42.176393 ], [ 57.740899, 42.178744 ], [ 57.721572, 42.175334 ], [ 57.666278, 42.155102 ], [ 57.619769, 42.148178 ], [ 57.478279, 42.166523 ], [ 57.382264, 42.163629 ], [ 57.288213, 42.129419 ], [ 57.207805, 42.07056 ], [ 57.152924, 41.993743 ], [ 57.152924, 41.993484 ], [ 57.115511, 41.952092 ], [ 57.074376, 41.928786 ], [ 56.978361, 41.895118 ], [ 56.950146, 41.86605 ], [ 56.949836, 41.8275 ], [ 56.971954, 41.748538 ], [ 56.969473, 41.710892 ], [ 56.961618, 41.678723 ], [ 56.960481, 41.647201 ], [ 56.978361, 41.611466 ], [ 57.000582, 41.584026 ], [ 57.012054, 41.557826 ], [ 57.015775, 41.528991 ], [ 57.015052, 41.493644 ], [ 57.019599, 41.465946 ], [ 57.033035, 41.438247 ], [ 57.052259, 41.413597 ], [ 57.07417, 41.394994 ], [ 57.088329, 41.387294 ], [ 57.103625, 41.38161 ], [ 57.153751, 41.37236 ], [ 57.161399, 41.367967 ], [ 57.159229, 41.361146 ], [ 57.147964, 41.351069 ], [ 57.126673, 41.339597 ], [ 57.080061, 41.322027 ], [ 57.06032, 41.304922 ], [ 57.029521, 41.262599 ], [ 57.010194, 41.254124 ], [ 56.887928, 41.273347 ], [ 56.793463, 41.288334 ], [ 56.570014, 41.29748 ], [ 56.533721, 41.298969 ], [ 56.326825, 41.307454 ], [ 56.140686, 41.315154 ], [ 55.978422, 41.321717 ], [ 55.978216, 41.551263 ], [ 55.978009, 41.780681 ], [ 55.977906, 42.01015 ], [ 55.977699, 42.239619 ], [ 55.977596, 42.469088 ], [ 55.977389, 42.698532 ], [ 55.977286, 42.928001 ], [ 55.977079, 43.15747 ], [ 55.976976, 43.386914 ], [ 55.976769, 43.616383 ], [ 55.976665, 43.845852 ], [ 55.976459, 44.075295 ], [ 55.976355, 44.304842 ], [ 55.976149, 44.534285 ], [ 55.976045, 44.76378 ], [ 55.975839, 44.993275 ], [ 55.975839, 44.993379 ], [ 55.975839, 44.993482 ], [ 55.975839, 44.993586 ], [ 55.975839, 44.993741 ], [ 55.975839, 44.993896 ], [ 55.975839, 44.994051 ], [ 55.975839, 44.994206 ], [ 55.975839, 44.994309 ], [ 55.975839, 44.994412 ], [ 55.975942, 44.994464 ], [ 55.976045, 44.994567 ], [ 55.976045, 44.994671 ], [ 55.976045, 44.994774 ], [ 55.976149, 44.994826 ], [ 55.976149, 44.994981 ], [ 55.976149, 44.995084 ], [ 55.976252, 44.995136 ], [ 55.976355, 44.995239 ], [ 55.976459, 44.995343 ], [ 55.976562, 44.995394 ], [ 55.976665, 44.995446 ], [ 55.976769, 44.995498 ], [ 55.976769, 44.995601 ], [ 55.976872, 44.995601 ], [ 55.976976, 44.995704 ], [ 55.977079, 44.995756 ], [ 55.977182, 44.995808 ], [ 55.977286, 44.995859 ], [ 55.977389, 44.995859 ], [ 55.977492, 44.995911 ], [ 55.977596, 44.995911 ], [ 55.977699, 44.995963 ], [ 55.977802, 44.996066 ], [ 55.977906, 44.996066 ], [ 55.978009, 44.996066 ], [ 55.978112, 44.996169 ], [ 55.978216, 44.996169 ], [ 55.978319, 44.996221 ], [ 55.978422, 44.996221 ], [ 56.07206, 45.017563 ], [ 56.165801, 45.038802 ], [ 56.259439, 45.060093 ], [ 56.353387, 45.081435 ], [ 56.447128, 45.102726 ], [ 56.540869, 45.124017 ], [ 56.634506, 45.145308 ], [ 56.70761, 45.161911 ], [ 56.728248, 45.166598 ], [ 56.822092, 45.187889 ], [ 56.91573, 45.209128 ], [ 57.009471, 45.230419 ], [ 57.103212, 45.251761 ], [ 57.197056, 45.273 ], [ 57.290797, 45.294342 ], [ 57.384538, 45.315633 ], [ 57.478279, 45.336924 ], [ 57.603233, 45.363899 ], [ 57.728186, 45.390926 ], [ 57.853243, 45.417901 ], [ 57.9783, 45.444927 ], [ 58.036075, 45.457071 ], [ 58.093849, 45.469112 ], [ 58.151623, 45.481204 ], [ 58.209604, 45.493348 ], [ 58.269755, 45.505544 ], [ 58.33001, 45.517843 ], [ 58.390265, 45.530142 ], [ 58.450416, 45.542389 ], [ 58.531445, 45.558719 ], [ 58.554906, 45.557169 ], [ 58.582191, 45.548694 ], [ 58.658982, 45.512262 ], [ 58.68079, 45.501823 ], [ 58.743112, 45.472264 ], [ 58.84047, 45.426014 ], [ 58.967904, 45.365449 ], [ 59.055132, 45.324023 ], [ 59.12035, 45.29305 ], [ 59.292432, 45.211247 ], [ 59.479397, 45.122467 ], [ 59.675768, 45.029139 ], [ 59.876582, 44.933796 ], [ 60.076674, 44.83866 ], [ 60.270874, 44.746469 ], [ 60.454015, 44.659446 ], [ 60.621137, 44.580071 ], [ 60.766864, 44.510824 ], [ 60.886237, 44.454135 ], [ 60.973983, 44.412432 ], [ 61.036305, 44.382822 ], [ 61.062143, 44.361996 ], [ 61.08023, 44.335486 ], [ 61.086638, 44.311198 ], [ 61.093149, 44.259418 ], [ 61.102864, 44.236061 ], [ 61.161672, 44.168106 ], [ 61.276394, 44.078861 ], [ 61.331171, 44.036176 ], [ 61.386051, 43.99344 ], [ 61.456124, 43.935175 ], [ 61.513485, 43.887245 ], [ 61.571053, 43.839289 ], [ 61.628517, 43.791359 ], [ 61.685981, 43.743429 ], [ 61.742102, 43.696533 ], [ 61.798326, 43.649585 ], [ 61.85455, 43.602688 ], [ 61.91067, 43.555818 ], [ 61.985704, 43.493341 ], [ 62.005962, 43.486985 ], [ 62.026115, 43.480629 ], [ 62.028321, 43.480922 ], [ 62.110916, 43.49192 ], [ 62.146056, 43.496674 ], [ 62.181403, 43.501429 ], [ 62.21675, 43.506157 ], [ 62.25189, 43.510859 ], [ 62.308424, 43.518404 ], [ 62.364854, 43.526001 ], [ 62.421285, 43.533597 ], [ 62.477716, 43.541116 ], [ 62.568976, 43.551891 ], [ 62.660237, 43.562717 ], [ 62.751497, 43.573491 ], [ 62.842861, 43.584292 ], [ 62.934122, 43.595066 ], [ 63.025383, 43.605841 ], [ 63.116643, 43.616615 ], [ 63.208007, 43.627467 ], [ 63.360349, 43.617416 ], [ 63.512691, 43.607262 ], [ 63.665137, 43.597288 ], [ 63.817376, 43.587237 ], [ 63.95592, 43.578065 ], [ 64.094671, 43.568918 ], [ 64.233164, 43.55972 ], [ 64.371657, 43.550599 ], [ 64.426744, 43.547033 ], [ 64.444211, 43.550676 ], [ 64.461574, 43.554319 ], [ 64.562136, 43.594808 ], [ 64.658358, 43.633591 ], [ 64.757628, 43.673614 ], [ 64.855038, 43.712914 ], [ 64.873073, 43.717824 ], [ 64.891005, 43.722785 ], [ 64.907025, 43.720976 ], [ 64.922941, 43.719115 ], [ 64.939581, 43.708289 ], [ 64.956531, 43.69736 ], [ 65.064224, 43.595557 ], [ 65.171918, 43.493677 ], [ 65.221734, 43.455281 ], [ 65.271447, 43.417015 ], [ 65.37449, 43.369912 ], [ 65.477378, 43.322809 ], [ 65.49717, 43.310019 ], [ 65.51691, 43.297229 ], [ 65.601866, 43.16902 ], [ 65.656126, 43.087216 ], [ 65.731057, 42.974226 ], [ 65.795239, 42.877203 ], [ 65.804024, 42.87648 ], [ 65.812603, 42.875756 ], [ 65.956935, 42.933014 ], [ 66.101267, 42.990323 ], [ 66.079718, 42.74194 ], [ 66.058169, 42.493609 ], [ 66.055689, 42.467254 ], [ 66.053208, 42.440873 ], [ 66.048144, 42.432269 ], [ 66.043183, 42.423665 ], [ 66.031401, 42.420254 ], [ 66.019618, 42.416844 ], [ 66.016724, 42.409945 ], [ 66.013727, 42.40302 ], [ 66.013159, 42.37287 ], [ 66.010058, 42.208226 ], [ 66.006493, 42.013431 ], [ 66.007526, 42.008057 ], [ 66.008663, 42.002657 ], [ 66.0129, 42.000073 ], [ 66.017241, 41.997619 ], [ 66.137647, 41.997231 ], [ 66.247356, 41.996921 ], [ 66.3566, 41.996637 ], [ 66.477368, 41.996223 ], [ 66.481192, 41.996637 ], [ 66.48481, 41.997024 ], [ 66.488634, 41.996895 ], [ 66.492406, 41.996792 ], [ 66.495765, 41.996172 ], [ 66.499176, 41.995603 ], [ 66.501656, 41.994518 ], [ 66.504137, 41.993484 ], [ 66.521448, 41.86711 ], [ 66.538863, 41.740761 ], [ 66.570696, 41.617306 ], [ 66.602632, 41.493799 ], [ 66.645523, 41.34647 ], [ 66.688208, 41.199192 ], [ 66.710739, 41.178625 ], [ 66.73296, 41.158057 ], [ 66.75789, 41.15314 ], [ 66.774094, 41.149944 ], [ 66.81528, 41.141883 ], [ 66.931397, 41.147154 ], [ 67.028962, 41.151494 ], [ 67.174793, 41.158109 ], [ 67.281712, 41.162967 ], [ 67.409301, 41.168703 ], [ 67.490536, 41.172423 ], [ 67.620244, 41.178366 ], [ 67.748143, 41.184102 ], [ 67.759564, 41.181673 ], [ 67.770933, 41.179296 ], [ 67.792017, 41.170976 ], [ 67.812997, 41.162708 ], [ 67.823953, 41.159763 ], [ 67.834908, 41.156869 ], [ 67.84452, 41.157902 ], [ 67.854132, 41.158988 ], [ 67.883071, 41.173457 ], [ 67.912009, 41.187978 ], [ 67.92467, 41.194179 ], [ 67.937434, 41.20038 ], [ 67.943532, 41.186118 ], [ 67.949475, 41.171907 ], [ 67.950767, 41.171235 ], [ 67.951904, 41.170563 ], [ 67.955418, 41.164982 ], [ 67.958932, 41.159453 ], [ 67.980946, 41.13749 ], [ 68.003063, 41.115631 ], [ 68.008127, 41.106743 ], [ 68.013192, 41.097854 ], [ 68.017119, 41.078527 ], [ 68.02115, 41.059149 ], [ 68.027661, 41.050932 ], [ 68.034379, 41.042716 ], [ 68.040322, 41.046436 ], [ 68.046368, 41.050209 ], [ 68.052776, 41.052534 ], [ 68.05908, 41.054756 ], [ 68.065178, 41.054084 ], [ 68.071379, 41.053309 ], [ 68.076857, 41.047987 ], [ 68.082128, 41.042716 ], [ 68.089053, 41.053929 ], [ 68.095977, 41.065143 ], [ 68.106623, 41.065918 ], [ 68.117371, 41.066745 ], [ 68.119335, 41.0561 ], [ 68.121196, 41.045506 ], [ 68.121299, 41.044369 ], [ 68.121454, 41.043284 ], [ 68.120162, 41.038685 ], [ 68.118922, 41.034034 ], [ 68.123676, 41.032845 ], [ 68.128482, 41.031657 ], [ 68.129981, 41.030623 ], [ 68.131324, 41.029641 ], [ 68.119852, 41.023234 ], [ 68.108225, 41.016826 ], [ 68.104039, 41.015224 ], [ 68.099698, 41.013622 ], [ 68.103781, 41.011916 ], [ 68.107863, 41.010263 ], [ 68.110343, 41.007886 ], [ 68.112669, 41.005509 ], [ 68.116751, 40.999669 ], [ 68.120885, 40.99383 ], [ 68.120782, 40.979515 ], [ 68.120575, 40.965304 ], [ 68.115718, 40.948509 ], [ 68.110757, 40.931663 ], [ 68.103315, 40.915333 ], [ 68.095977, 40.898952 ], [ 68.088226, 40.885929 ], [ 68.080578, 40.872958 ], [ 68.075152, 40.866396 ], [ 68.069519, 40.859833 ], [ 68.062129, 40.853528 ], [ 68.05474, 40.847224 ], [ 68.046523, 40.842263 ], [ 68.038203, 40.837198 ], [ 68.020633, 40.831152 ], [ 68.003063, 40.825158 ], [ 67.998619, 40.822057 ], [ 67.994071, 40.818957 ], [ 67.992521, 40.815029 ], [ 67.990919, 40.811102 ], [ 67.994227, 40.809345 ], [ 67.997482, 40.807536 ], [ 68.017326, 40.80428 ], [ 68.037066, 40.801077 ], [ 68.052259, 40.794514 ], [ 68.067504, 40.788002 ], [ 68.113237, 40.753534 ], [ 68.158919, 40.719118 ], [ 68.192406, 40.699016 ], [ 68.226099, 40.678862 ], [ 68.266497, 40.662703 ], [ 68.343921, 40.631733 ], [ 68.461743, 40.584656 ], [ 68.463397, 40.587188 ], [ 68.46505, 40.58972 ], [ 68.471148, 40.594474 ], [ 68.477349, 40.599228 ], [ 68.484894, 40.598918 ], [ 68.492439, 40.598608 ], [ 68.496315, 40.602122 ], [ 68.49988, 40.605636 ], [ 68.502671, 40.609977 ], [ 68.505461, 40.614318 ], [ 68.510112, 40.616747 ], [ 68.514815, 40.619124 ], [ 68.520551, 40.618349 ], [ 68.526339, 40.617574 ], [ 68.546338, 40.610029 ], [ 68.566233, 40.602484 ], [ 68.579669, 40.600934 ], [ 68.593001, 40.599487 ], [ 68.603543, 40.604293 ], [ 68.61424, 40.609099 ], [ 68.617393, 40.615662 ], [ 68.62039, 40.622224 ], [ 68.610675, 40.6261 ], [ 68.601115, 40.630028 ], [ 68.613259, 40.645169 ], [ 68.625454, 40.660413 ], [ 68.626384, 40.663772 ], [ 68.627418, 40.667131 ], [ 68.623129, 40.672712 ], [ 68.61884, 40.678242 ], [ 68.615429, 40.684443 ], [ 68.612122, 40.690541 ], [ 68.610365, 40.696949 ], [ 68.608504, 40.703356 ], [ 68.609021, 40.709609 ], [ 68.609434, 40.71581 ], [ 68.596929, 40.718084 ], [ 68.584216, 40.720358 ], [ 68.579359, 40.722425 ], [ 68.574605, 40.724492 ], [ 68.57047, 40.728471 ], [ 68.566336, 40.732502 ], [ 68.563029, 40.741804 ], [ 68.559773, 40.751312 ], [ 68.554657, 40.79317 ], [ 68.549696, 40.835028 ], [ 68.551453, 40.842728 ], [ 68.553417, 40.850428 ], [ 68.556156, 40.852908 ], [ 68.558998, 40.855492 ], [ 68.562099, 40.857352 ], [ 68.565406, 40.859161 ], [ 68.568713, 40.864845 ], [ 68.571866, 40.870478 ], [ 68.572537, 40.875284 ], [ 68.573158, 40.880141 ], [ 68.571814, 40.891355 ], [ 68.570574, 40.902517 ], [ 68.570677, 40.907995 ], [ 68.570884, 40.913524 ], [ 68.573003, 40.912543 ], [ 68.575328, 40.911612 ], [ 68.579979, 40.910217 ], [ 68.584733, 40.908822 ], [ 68.586904, 40.907685 ], [ 68.589177, 40.9066 ], [ 68.594655, 40.918382 ], [ 68.600133, 40.930061 ], [ 68.613982, 40.937296 ], [ 68.627935, 40.94453 ], [ 68.649524, 40.951691 ], [ 68.65863, 40.954711 ], [ 68.689378, 40.964943 ], [ 68.699558, 40.974399 ], [ 68.709532, 40.983753 ], [ 68.727877, 41.023802 ], [ 68.746274, 41.0638 ], [ 68.759865, 41.07553 ], [ 68.773766, 41.087261 ], [ 68.808182, 41.098681 ], [ 68.842443, 41.110102 ], [ 68.854898, 41.12638 ], [ 68.867352, 41.142554 ], [ 68.873656, 41.149066 ], [ 68.880219, 41.155525 ], [ 68.890503, 41.158109 ], [ 68.900838, 41.160641 ], [ 68.922232, 41.16276 ], [ 68.943781, 41.164879 ], [ 68.961713, 41.171597 ], [ 68.979748, 41.178211 ], [ 68.997008, 41.1871 ], [ 69.014061, 41.19604 ], [ 69.022588, 41.202396 ], [ 69.031217, 41.208752 ], [ 69.035145, 41.214488 ], [ 69.039176, 41.220276 ], [ 69.046927, 41.26787 ], [ 69.054782, 41.315412 ], [ 69.054369, 41.323629 ], [ 69.053955, 41.331897 ], [ 69.052508, 41.337788 ], [ 69.051165, 41.343627 ], [ 69.049718, 41.345436 ], [ 69.048322, 41.347245 ], [ 69.045997, 41.348537 ], [ 69.043516, 41.34988 ], [ 69.038866, 41.354324 ], [ 69.034266, 41.358717 ], [ 69.032974, 41.362851 ], [ 69.031579, 41.366985 ], [ 69.033905, 41.370499 ], [ 69.036178, 41.374013 ], [ 69.040313, 41.376649 ], [ 69.044447, 41.379181 ], [ 69.067546, 41.387759 ], [ 69.090645, 41.396286 ], [ 69.10005, 41.398508 ], [ 69.109456, 41.400678 ], [ 69.118809, 41.397939 ], [ 69.128059, 41.395149 ], [ 69.133123, 41.405536 ], [ 69.138188, 41.415923 ], [ 69.150383, 41.424966 ], [ 69.162682, 41.434061 ], [ 69.189864, 41.447084 ], [ 69.217149, 41.460054 ], [ 69.225314, 41.461398 ], [ 69.233324, 41.462638 ], [ 69.248155, 41.458556 ], [ 69.262935, 41.454577 ], [ 69.270273, 41.455352 ], [ 69.277559, 41.456179 ], [ 69.296834, 41.46548 ], [ 69.316161, 41.474834 ], [ 69.323551, 41.476384 ], [ 69.331148, 41.477934 ], [ 69.36081, 41.4738 ], [ 69.390679, 41.469718 ], [ 69.396467, 41.472353 ], [ 69.402358, 41.474834 ], [ 69.401738, 41.480002 ], [ 69.401117, 41.485169 ], [ 69.392746, 41.496745 ], [ 69.384478, 41.508217 ], [ 69.382721, 41.513488 ], [ 69.380809, 41.518811 ], [ 69.387371, 41.531885 ], [ 69.393779, 41.544959 ], [ 69.407112, 41.552245 ], [ 69.420341, 41.559532 ], [ 69.448815, 41.566353 ], [ 69.477288, 41.573122 ], [ 69.52819, 41.603198 ], [ 69.578988, 41.633377 ], [ 69.593199, 41.645831 ], [ 69.607565, 41.658285 ], [ 69.615988, 41.663272 ], [ 69.624566, 41.66831 ], [ 69.692004, 41.682392 ], [ 69.759442, 41.696448 ], [ 69.815149, 41.69805 ], [ 69.870856, 41.699575 ], [ 69.891733, 41.706215 ], [ 69.912404, 41.712856 ], [ 69.927649, 41.726317 ], [ 69.942893, 41.739727 ], [ 69.949714, 41.747453 ], [ 69.956536, 41.755179 ], [ 69.964287, 41.759907 ], [ 69.972039, 41.764584 ], [ 69.999996, 41.772335 ], [ 70.027953, 41.779983 ], [ 70.069449, 41.802928 ], [ 70.1111, 41.825975 ], [ 70.123657, 41.83706 ], [ 70.13637, 41.848093 ], [ 70.170373, 41.891992 ], [ 70.204169, 41.935813 ], [ 70.211404, 41.941395 ], [ 70.218587, 41.946924 ], [ 70.227113, 41.950645 ], [ 70.235795, 41.954288 ], [ 70.24489, 41.956717 ], [ 70.253882, 41.95912 ], [ 70.26215, 41.962324 ], [ 70.270315, 41.965553 ], [ 70.276671, 41.970876 ], [ 70.282976, 41.97625 ], [ 70.286748, 41.984984 ], [ 70.290262, 41.993769 ], [ 70.302664, 42.014129 ], [ 70.315067, 42.034593 ], [ 70.336357, 42.048416 ], [ 70.357907, 42.06224 ], [ 70.406741, 42.078001 ], [ 70.45542, 42.093737 ], [ 70.462758, 42.092651 ], [ 70.470199, 42.091618 ], [ 70.479398, 42.086709 ], [ 70.488493, 42.081877 ], [ 70.496503, 42.075133 ], [ 70.504461, 42.068467 ], [ 70.508233, 42.061982 ], [ 70.511851, 42.055419 ], [ 70.515365, 42.046039 ], [ 70.518879, 42.036686 ], [ 70.52663, 42.030821 ], [ 70.534227, 42.024981 ], [ 70.54482, 42.021855 ], [ 70.555259, 42.018702 ], [ 70.567093, 42.017514 ], [ 70.57903, 42.016248 ], [ 70.594533, 42.021855 ], [ 70.610243, 42.02741 ], [ 70.620836, 42.042164 ], [ 70.631482, 42.056866 ], [ 70.640732, 42.075133 ], [ 70.649827, 42.093401 ], [ 70.661454, 42.109679 ], [ 70.673184, 42.125983 ], [ 70.68724, 42.138463 ], [ 70.701141, 42.150942 ], [ 70.706412, 42.157635 ], [ 70.711838, 42.164327 ], [ 70.715869, 42.173654 ], [ 70.7199, 42.182904 ], [ 70.727135, 42.190139 ], [ 70.734266, 42.197296 ], [ 70.746255, 42.197658 ], [ 70.758141, 42.19802 ], [ 70.781395, 42.193214 ], [ 70.804546, 42.188434 ], [ 70.82346, 42.190501 ], [ 70.842373, 42.192542 ], [ 70.861183, 42.199699 ], [ 70.879994, 42.206934 ], [ 70.913893, 42.227553 ], [ 70.947793, 42.248146 ], [ 70.9696, 42.263468 ], [ 71.014042, 42.287704 ], [ 71.045772, 42.29096 ], [ 71.077604, 42.281167 ], [ 71.217854, 42.206365 ], [ 71.249868, 42.198385 ], [ 71.253201, 42.197555 ], [ 71.238215, 42.160244 ], [ 71.201008, 42.140788 ], [ 71.118429, 42.122908 ], [ 70.977145, 42.044231 ], [ 70.935907, 42.036867 ], [ 70.886711, 42.038495 ], [ 70.845474, 42.030356 ], [ 70.828059, 41.993743 ], [ 70.825113, 41.93633 ], [ 70.814003, 41.919535 ], [ 70.779328, 41.909665 ], [ 70.679696, 41.901113 ], [ 70.648948, 41.887393 ], [ 70.550091, 41.824063 ], [ 70.506476, 41.78559 ], [ 70.477227, 41.738435 ], [ 70.453663, 41.71208 ], [ 70.423484, 41.696913 ], [ 70.390824, 41.685054 ], [ 70.33119, 41.649629 ], [ 70.169288, 41.578342 ], [ 70.148255, 41.552452 ], [ 70.166549, 41.520206 ], [ 70.203446, 41.505633 ], [ 70.344419, 41.493799 ], [ 70.344522, 41.493696 ], [ 70.344729, 41.493644 ], [ 70.344936, 41.493489 ], [ 70.382246, 41.476436 ], [ 70.398989, 41.464964 ], [ 70.413614, 41.450701 ], [ 70.438057, 41.416078 ], [ 70.453198, 41.405484 ], [ 70.470782, 41.404879 ], [ 70.477227, 41.404657 ], [ 70.511334, 41.414476 ], [ 70.633807, 41.467496 ], [ 70.66781, 41.471372 ], [ 70.686724, 41.462483 ], [ 70.70357, 41.445482 ], [ 70.759691, 41.372515 ], [ 70.769199, 41.352102 ], [ 70.77106, 41.331018 ], [ 70.75628, 41.269627 ], [ 70.758037, 41.25216 ], [ 70.770439, 41.238518 ], [ 70.786563, 41.24043 ], [ 70.805993, 41.247458 ], [ 70.828524, 41.249111 ], [ 70.847747, 41.243065 ], [ 70.865731, 41.233195 ], [ 70.882164, 41.220482 ], [ 70.895962, 41.206116 ], [ 70.914203, 41.193042 ], [ 70.93415, 41.19144 ], [ 70.977145, 41.19635 ], [ 71.024688, 41.189787 ], [ 71.047012, 41.182035 ], [ 71.067579, 41.169736 ], [ 71.085769, 41.162036 ], [ 71.123079, 41.158212 ], [ 71.139099, 41.148394 ], [ 71.164421, 41.116199 ], [ 71.18013, 41.108138 ], [ 71.189949, 41.127465 ], [ 71.187882, 41.148446 ], [ 71.183024, 41.166377 ], [ 71.185711, 41.180227 ], [ 71.206382, 41.188753 ], [ 71.230153, 41.187255 ], [ 71.241522, 41.175162 ], [ 71.253821, 41.13749 ], [ 71.263381, 41.123486 ], [ 71.276145, 41.113151 ], [ 71.289478, 41.113874 ], [ 71.300226, 41.133046 ], [ 71.325238, 41.157334 ], [ 71.393657, 41.112737 ], [ 71.416085, 41.127362 ], [ 71.421459, 41.162088 ], [ 71.412571, 41.334687 ], [ 71.418772, 41.3474 ], [ 71.432466, 41.344816 ], [ 71.480629, 41.310761 ], [ 71.52383, 41.296654 ], [ 71.557937, 41.301718 ], [ 71.585532, 41.323525 ], [ 71.618811, 41.377786 ], [ 71.633074, 41.411324 ], [ 71.637415, 41.431271 ], [ 71.633694, 41.449616 ], [ 71.605582, 41.476849 ], [ 71.595557, 41.493489 ], [ 71.595557, 41.493696 ], [ 71.595454, 41.493747 ], [ 71.615297, 41.532143 ], [ 71.62739, 41.543202 ], [ 71.649507, 41.54992 ], [ 71.671418, 41.547388 ], [ 71.68413, 41.534055 ], [ 71.689401, 41.514625 ], [ 71.689505, 41.493799 ], [ 71.671108, 41.437627 ], [ 71.671935, 41.425483 ], [ 71.681443, 41.422847 ], [ 71.687334, 41.431012 ], [ 71.691469, 41.441916 ], [ 71.696119, 41.447445 ], [ 71.706868, 41.444086 ], [ 71.712242, 41.428015 ], [ 71.721648, 41.424759 ], [ 71.729709, 41.430082 ], [ 71.730433, 41.451166 ], [ 71.73684, 41.455404 ], [ 71.745212, 41.45282 ], [ 71.75317, 41.44729 ], [ 71.847015, 41.341819 ], [ 71.863034, 41.312208 ], [ 71.868822, 41.279239 ], [ 71.866342, 41.236606 ], [ 71.871613, 41.194489 ], [ 71.897658, 41.184929 ], [ 71.977033, 41.195213 ], [ 72.001217, 41.18002 ], [ 72.016513, 41.163535 ], [ 72.033773, 41.15661 ], [ 72.063642, 41.170201 ], [ 72.085243, 41.184877 ], [ 72.108497, 41.196401 ], [ 72.132889, 41.199295 ], [ 72.158417, 41.187875 ], [ 72.169889, 41.168651 ], [ 72.174643, 41.141418 ], [ 72.1764, 41.112892 ], [ 72.185599, 41.060647 ], [ 72.185599, 41.041062 ], [ 72.178777, 41.023182 ], [ 72.165135, 40.999359 ], [ 72.195486, 41.006358 ], [ 72.252985, 41.019616 ], [ 72.289778, 41.023544 ], [ 72.297323, 41.028143 ], [ 72.308795, 41.054446 ], [ 72.314066, 41.061681 ], [ 72.33236, 41.072843 ], [ 72.345692, 41.06597 ], [ 72.374321, 41.031967 ], [ 72.395198, 41.022045 ], [ 72.423517, 41.01574 ], [ 72.476744, 41.011813 ], [ 72.481911, 41.008816 ], [ 72.484702, 41.004682 ], [ 72.485219, 40.999566 ], [ 72.483565, 40.99352 ], [ 72.483358, 40.970575 ], [ 72.501445, 40.963496 ], [ 72.52625, 40.962204 ], [ 72.545577, 40.956519 ], [ 72.588468, 40.905825 ], [ 72.619474, 40.88009 ], [ 72.658231, 40.867171 ], [ 72.701226, 40.863243 ], [ 72.830107, 40.87208 ], [ 72.868658, 40.864122 ], [ 72.872998, 40.834821 ], [ 72.870311, 40.818181 ], [ 72.883127, 40.819628 ], [ 72.929429, 40.844175 ], [ 73.00343, 40.870168 ], [ 73.01945, 40.8619 ], [ 73.033299, 40.847224 ], [ 73.053556, 40.83632 ], [ 73.112467, 40.839162 ], [ 73.135042, 40.835274 ], [ 73.143292, 40.833853 ], [ 73.14337, 40.833839 ], [ 73.148641, 40.813686 ], [ 73.118048, 40.782938 ], [ 73.070609, 40.762474 ], [ 72.976765, 40.736068 ], [ 72.890982, 40.695088 ], [ 72.818945, 40.681084 ], [ 72.783908, 40.669663 ], [ 72.760034, 40.641758 ], [ 72.748355, 40.575096 ], [ 72.719209, 40.564864 ], [ 72.682416, 40.577679 ], [ 72.664226, 40.577783 ], [ 72.656474, 40.561143 ], [ 72.655131, 40.546363 ], [ 72.65048, 40.532152 ], [ 72.640868, 40.519853 ], [ 72.625468, 40.5105 ], [ 72.585781, 40.508743 ], [ 72.515294, 40.54564 ], [ 72.476744, 40.549567 ], [ 72.447908, 40.560471 ], [ 72.414835, 40.589875 ], [ 72.381556, 40.612148 ], [ 72.351893, 40.601967 ], [ 72.348509, 40.585508 ], [ 72.348483, 40.585379 ], [ 72.369928, 40.557931 ], [ 72.370083, 40.557732 ], [ 72.36998, 40.539852 ], [ 72.363262, 40.523574 ], [ 72.363467, 40.51241 ], [ 72.363469, 40.512309 ], [ 72.372254, 40.503265 ], [ 72.415585, 40.47933 ], [ 72.415662, 40.479287 ], [ 72.420028, 40.471027 ], [ 72.426096, 40.459545 ], [ 72.426204, 40.45934 ], [ 72.425171, 40.435983 ], [ 72.414422, 40.410713 ], [ 72.394061, 40.389422 ], [ 72.370497, 40.38565 ], [ 72.343418, 40.393401 ], [ 72.284301, 40.41986 ], [ 72.269624, 40.424045 ], [ 72.224356, 40.422443 ], [ 72.211644, 40.425596 ], [ 72.211768, 40.425836 ], [ 72.216501, 40.434949 ], [ 72.228077, 40.437533 ], [ 72.24513, 40.438721 ], [ 72.259599, 40.44239 ], [ 72.26363, 40.452519 ], [ 72.263415, 40.452651 ], [ 72.254225, 40.458307 ], [ 72.235931, 40.459909 ], [ 72.228328, 40.459606 ], [ 72.182705, 40.45779 ], [ 72.165858, 40.454431 ], [ 72.099299, 40.426371 ], [ 72.090101, 40.416035 ], [ 72.084106, 40.39738 ], [ 72.069637, 40.369423 ], [ 72.043178, 40.349321 ], [ 71.956672, 40.31568 ], [ 71.951091, 40.30152 ], [ 71.958222, 40.286534 ], [ 71.977033, 40.276096 ], [ 72.005971, 40.26576 ], [ 72.013239, 40.262072 ], [ 72.019821, 40.258732 ], [ 72.025402, 40.250878 ], [ 72.01889, 40.240026 ], [ 72.004834, 40.237287 ], [ 71.989021, 40.239302 ], [ 71.977033, 40.243074 ], [ 71.969178, 40.244418 ], [ 71.96339, 40.243746 ], [ 71.951814, 40.240904 ], [ 71.912334, 40.243436 ], [ 71.872956, 40.250774 ], [ 71.836473, 40.249172 ], [ 71.805467, 40.225298 ], [ 71.78676, 40.193517 ], [ 71.775908, 40.179926 ], [ 71.759785, 40.168092 ], [ 71.707178, 40.144269 ], [ 71.693329, 40.141117 ], [ 71.673072, 40.147886 ], [ 71.666871, 40.163131 ], [ 71.667181, 40.204162 ], [ 71.660153, 40.224471 ], [ 71.645993, 40.247105 ], [ 71.62832, 40.258887 ], [ 71.61013, 40.246382 ], [ 71.604032, 40.227261 ], [ 71.601655, 40.20995 ], [ 71.592973, 40.198426 ], [ 71.568272, 40.196566 ], [ 71.521246, 40.203749 ], [ 71.498405, 40.210518 ], [ 71.477115, 40.220802 ], [ 71.458925, 40.234134 ], [ 71.450966, 40.248914 ], [ 71.441355, 40.260903 ], [ 71.396551, 40.271548 ], [ 71.365132, 40.294131 ], [ 71.344926, 40.295216 ], [ 71.313559, 40.292684 ], [ 71.297074, 40.293821 ], [ 71.283225, 40.29842 ], [ 71.272838, 40.307722 ], [ 71.263949, 40.318212 ], [ 71.253821, 40.324413 ], [ 71.239558, 40.321106 ], [ 71.223952, 40.302864 ], [ 71.215115, 40.280747 ], [ 71.201008, 40.263848 ], [ 71.169382, 40.26142 ], [ 71.053213, 40.274235 ], [ 70.995129, 40.266587 ], [ 70.958955, 40.238372 ], [ 70.938336, 40.239922 ] ], [ [ 70.549781, 41.015224 ], [ 70.56146, 40.994605 ], [ 70.562494, 40.993778 ], [ 70.579133, 40.980859 ], [ 70.608382, 40.950938 ], [ 70.625229, 40.938691 ], [ 70.645072, 40.935177 ], [ 70.643419, 40.952282 ], [ 70.6305, 40.976415 ], [ 70.61665, 40.99352 ], [ 70.593448, 41.009384 ], [ 70.565904, 41.018376 ], [ 70.549781, 41.015224 ] ] ], [ [ [ 71.181887, 40.043397 ], [ 71.192946, 40.05027 ], [ 71.198217, 40.052595 ], [ 71.223745, 40.057866 ], [ 71.236354, 40.056057 ], [ 71.244002, 40.046756 ], [ 71.237284, 40.031098 ], [ 71.190982, 40.006241 ], [ 71.174704, 39.993994 ], [ 71.17703, 39.968156 ], [ 71.221058, 39.931724 ], [ 71.219094, 39.900925 ], [ 71.208449, 39.888781 ], [ 71.1946, 39.884802 ], [ 71.16101, 39.884233 ], [ 71.113674, 39.874466 ], [ 71.098895, 39.8755 ], [ 71.087216, 39.88382 ], [ 71.084787, 39.894827 ], [ 71.079981, 39.903405 ], [ 71.060964, 39.904129 ], [ 71.049802, 39.897979 ], [ 71.036056, 39.887541 ], [ 71.021897, 39.880823 ], [ 71.009288, 39.885732 ], [ 71.007634, 39.911157 ], [ 71.050371, 39.962885 ], [ 71.045823, 39.99203 ], [ 71.034299, 39.99911 ], [ 71.007634, 40.003503 ], [ 70.994509, 40.008877 ], [ 70.98314, 40.021383 ], [ 70.958438, 40.063085 ], [ 70.952961, 40.079208 ], [ 70.954046, 40.095797 ], [ 70.959885, 40.113418 ], [ 70.977145, 40.144579 ], [ 71.008564, 40.157757 ], [ 71.031199, 40.146905 ], [ 71.047942, 40.122513 ], [ 71.06174, 40.095176 ], [ 71.078844, 40.07864 ], [ 71.105975, 40.064946 ], [ 71.162043, 40.046911 ], [ 71.165454, 40.044637 ], [ 71.169382, 40.042828 ], [ 71.176926, 40.042001 ], [ 71.181887, 40.043397 ] ] ] ] } },
{ "type": "Feature", "properties": { "ADMIN": "Mongolia", "SOVEREIGNT": "Mongolia", "TYPE": "Sovereign country", "NAME": "Mongolia", "ISO_A3": "MNG" }, "geometry": { "type": "Polygon", "coordinates": [ [ [ 91.975088, 45.073374 ], [ 91.919071, 45.065571 ], [ 91.746989, 45.072444 ], [ 91.724664, 45.070738 ], [ 91.683633, 45.061178 ], [ 91.662963, 45.059525 ], [ 91.563951, 45.077146 ], [ 91.552272, 45.075338 ], [ 91.54328, 45.071824 ], [ 91.533978, 45.0711 ], [ 91.521783, 45.077456 ], [ 91.45605, 45.137453 ], [ 91.43848, 45.146134 ], [ 91.41688, 45.145669 ], [ 91.399723, 45.136884 ], [ 91.3836, 45.124224 ], [ 91.366547, 45.11425 ], [ 91.346703, 45.113733 ], [ 91.249138, 45.129701 ], [ 91.184336, 45.153834 ], [ 91.169763, 45.163549 ], [ 91.147749, 45.187217 ], [ 91.135036, 45.197862 ], [ 91.101343, 45.210678 ], [ 91.056798, 45.217551 ], [ 91.011323, 45.218946 ], [ 90.975149, 45.214864 ], [ 90.90549, 45.185977 ], [ 90.873243, 45.186184 ], [ 90.857637, 45.215071 ], [ 90.860324, 45.231659 ], [ 90.865905, 45.242563 ], [ 90.866629, 45.25357 ], [ 90.854433, 45.270623 ], [ 90.837173, 45.280028 ], [ 90.796556, 45.292844 ], [ 90.790975, 45.304316 ], [ 90.790458, 45.337699 ], [ 90.778055, 45.365294 ], [ 90.762553, 45.391597 ], [ 90.753251, 45.42095 ], [ 90.737955, 45.441724 ], [ 90.672325, 45.475675 ], [ 90.651138, 45.493142 ], [ 90.696613, 45.730026 ], [ 90.710773, 45.752196 ], [ 90.919235, 45.950065 ], [ 90.975149, 45.987323 ], [ 90.986208, 45.993111 ], [ 91.002435, 46.021843 ], [ 91.005432, 46.068094 ], [ 90.995923, 46.113724 ], [ 90.975149, 46.140544 ], [ 90.948794, 46.168294 ], [ 90.899185, 46.281672 ], [ 90.896188, 46.302033 ], [ 90.906006, 46.317303 ], [ 90.935772, 46.343865 ], [ 90.975149, 46.416548 ], [ 90.986105, 46.435255 ], [ 91.001401, 46.475045 ], [ 91.014113, 46.493184 ], [ 91.035611, 46.529073 ], [ 91.045326, 46.551087 ], [ 91.047496, 46.566409 ], [ 91.03251, 46.579923 ], [ 91.011323, 46.585323 ], [ 90.995923, 46.594625 ], [ 90.998094, 46.620256 ], [ 91.011736, 46.662941 ], [ 91.014292, 46.689844 ], [ 91.01556, 46.703197 ], [ 91.004812, 46.74043 ], [ 90.975149, 46.774149 ], [ 90.939389, 46.79885 ], [ 90.925333, 46.813139 ], [ 90.919959, 46.833628 ], [ 90.922749, 46.841586 ], [ 90.934428, 46.856831 ], [ 90.936495, 46.864427 ], [ 90.932775, 46.874789 ], [ 90.92585, 46.880654 ], [ 90.917685, 46.885408 ], [ 90.91014, 46.892384 ], [ 90.900322, 46.910678 ], [ 90.893707, 46.92817 ], [ 90.885129, 46.944733 ], [ 90.869833, 46.960339 ], [ 90.849472, 46.973206 ], [ 90.828182, 46.982301 ], [ 90.805547, 46.986849 ], [ 90.78188, 46.986332 ], [ 90.742399, 46.991861 ], [ 90.712116, 47.014702 ], [ 90.46872, 47.308922 ], [ 90.466343, 47.316338 ], [ 90.468514, 47.323521 ], [ 90.475232, 47.33029 ], [ 90.485567, 47.344915 ], [ 90.490011, 47.361839 ], [ 90.487221, 47.378194 ], [ 90.475232, 47.391088 ], [ 90.448153, 47.404033 ], [ 90.441745, 47.430543 ], [ 90.443606, 47.462789 ], [ 90.441228, 47.493045 ], [ 90.427276, 47.506559 ], [ 90.394616, 47.524671 ], [ 90.381594, 47.538391 ], [ 90.352035, 47.588311 ], [ 90.338496, 47.60278 ], [ 90.327437, 47.623037 ], [ 90.337462, 47.63699 ], [ 90.349554, 47.64779 ], [ 90.3448, 47.658642 ], [ 90.32351, 47.670166 ], [ 90.302116, 47.678512 ], [ 90.209718, 47.695746 ], [ 90.163416, 47.710009 ], [ 90.119956, 47.730137 ], [ 90.082852, 47.756104 ], [ 90.070657, 47.76985 ], [ 90.058771, 47.789513 ], [ 90.052157, 47.8107 ], [ 90.055981, 47.828916 ], [ 90.064352, 47.85062 ], [ 90.059856, 47.868811 ], [ 90.044612, 47.879766 ], [ 90.002496, 47.880386 ], [ 89.96317, 47.888654 ], [ 89.946685, 47.883177 ], [ 89.939037, 47.870852 ], [ 89.937642, 47.857545 ], [ 89.934438, 47.844264 ], [ 89.921364, 47.832094 ], [ 89.889066, 47.824317 ], [ 89.783543, 47.818504 ], [ 89.751296, 47.824317 ], [ 89.740238, 47.836151 ], [ 89.731143, 47.864754 ], [ 89.723391, 47.878164 ], [ 89.707268, 47.889042 ], [ 89.672025, 47.89408 ], [ 89.655282, 47.899816 ], [ 89.643913, 47.912761 ], [ 89.636161, 47.929582 ], [ 89.627376, 47.943948 ], [ 89.613424, 47.949581 ], [ 89.596577, 47.952578 ], [ 89.583245, 47.962035 ], [ 89.575648, 47.976039 ], [ 89.576217, 47.992886 ], [ 89.571876, 48.020455 ], [ 89.5418, 48.031023 ], [ 89.503663, 48.029989 ], [ 89.475344, 48.022961 ], [ 89.425425, 48.021644 ], [ 89.409198, 48.023116 ], [ 89.369201, 48.038154 ], [ 89.354266, 48.038774 ], [ 89.334268, 48.032366 ], [ 89.285692, 48.005598 ], [ 89.268587, 47.993144 ], [ 89.243989, 47.980225 ], [ 89.218719, 47.976969 ], [ 89.167146, 47.983997 ], [ 89.074697, 47.984256 ], [ 89.045913, 47.992886 ], [ 89.04581, 47.992989 ], [ 89.045551, 47.992989 ], [ 88.932328, 48.096962 ], [ 88.916825, 48.105954 ], [ 88.889282, 48.110915 ], [ 88.831456, 48.105153 ], [ 88.805411, 48.105954 ], [ 88.775335, 48.120552 ], [ 88.709189, 48.166363 ], [ 88.680664, 48.17303 ], [ 88.655446, 48.171169 ], [ 88.635809, 48.175846 ], [ 88.596225, 48.197679 ], [ 88.580774, 48.211994 ], [ 88.573487, 48.229719 ], [ 88.568836, 48.249201 ], [ 88.56124, 48.268269 ], [ 88.558759, 48.288087 ], [ 88.57297, 48.32532 ], [ 88.565116, 48.342993 ], [ 88.50269, 48.392551 ], [ 88.479126, 48.400148 ], [ 88.459127, 48.398132 ], [ 88.439645, 48.393714 ], [ 88.416701, 48.394101 ], [ 88.383421, 48.408674 ], [ 88.332107, 48.453994 ], [ 88.304873, 48.469006 ], [ 88.235627, 48.493191 ], [ 88.21785, 48.495 ], [ 88.183485, 48.492752 ], [ 88.165967, 48.493734 ], [ 88.148293, 48.499366 ], [ 88.115737, 48.516497 ], [ 88.088245, 48.526083 ], [ 88.071812, 48.538795 ], [ 88.062511, 48.542878 ], [ 88.051969, 48.543188 ], [ 88.028301, 48.539622 ], [ 88.016622, 48.539803 ], [ 87.983032, 48.552335 ], [ 87.95182, 48.575202 ], [ 87.942828, 48.599489 ], [ 87.975488, 48.616517 ], [ 87.989647, 48.624165 ], [ 87.997812, 48.635172 ], [ 88.003393, 48.645998 ], [ 88.010162, 48.653414 ], [ 88.055018, 48.673413 ], [ 88.063854, 48.682611 ], [ 88.05941, 48.708087 ], [ 88.033779, 48.72912 ], [ 87.975488, 48.755992 ], [ 87.95244, 48.761107 ], [ 87.907585, 48.758834 ], [ 87.841697, 48.779349 ], [ 87.821078, 48.788289 ], [ 87.805885, 48.800588 ], [ 87.802165, 48.80958 ], [ 87.800511, 48.830302 ], [ 87.796067, 48.839759 ], [ 87.787489, 48.84658 ], [ 87.77674, 48.85118 ], [ 87.754726, 48.857277 ], [ 87.737879, 48.86937 ], [ 87.735709, 48.886733 ], [ 87.743615, 48.905181 ], [ 87.756896, 48.920374 ], [ 87.835858, 48.945902 ], [ 87.8726, 48.96802 ], [ 87.872238, 49.00409 ], [ 87.856942, 49.015614 ], [ 87.837821, 49.02042 ], [ 87.821905, 49.02874 ], [ 87.815962, 49.050599 ], [ 87.821078, 49.071838 ], [ 87.829657, 49.085997 ], [ 87.835548, 49.100725 ], [ 87.832447, 49.123876 ], [ 87.818081, 49.154003 ], [ 87.816324, 49.165837 ], [ 87.836995, 49.159998 ], [ 87.855185, 49.158964 ], [ 87.956781, 49.168886 ], [ 87.975488, 49.175811 ], [ 87.992954, 49.191727 ], [ 88.029748, 49.21555 ], [ 88.108503, 49.247434 ], [ 88.143953, 49.27074 ], [ 88.148397, 49.296579 ], [ 88.129173, 49.325931 ], [ 88.115531, 49.356575 ], [ 88.135788, 49.386082 ], [ 88.145606, 49.397193 ], [ 88.161729, 49.430111 ], [ 88.174752, 49.443857 ], [ 88.19997, 49.454347 ], [ 88.37877, 49.475793 ], [ 88.401921, 49.475844 ], [ 88.451117, 49.465147 ], [ 88.475405, 49.463649 ], [ 88.538761, 49.466542 ], [ 88.557829, 49.47109 ], [ 88.599739, 49.488918 ], [ 88.614157, 49.492794 ], [ 88.615759, 49.492949 ], [ 88.633535, 49.491244 ], [ 88.648676, 49.483596 ], [ 88.67467, 49.459825 ], [ 88.69565, 49.446957 ], [ 88.719421, 49.442926 ], [ 88.870627, 49.436002 ], [ 88.875329, 49.441789 ], [ 88.854865, 49.473881 ], [ 88.856157, 49.511501 ], [ 88.858741, 49.527366 ], [ 88.868198, 49.538114 ], [ 88.88892, 49.54168 ], [ 88.90835, 49.535944 ], [ 88.919099, 49.52318 ], [ 88.926954, 49.507419 ], [ 88.937599, 49.492846 ], [ 88.947573, 49.482821 ], [ 88.954704, 49.471865 ], [ 88.962662, 49.46215 ], [ 88.975323, 49.455845 ], [ 89.01408, 49.460548 ], [ 89.160738, 49.502716 ], [ 89.195258, 49.521526 ], [ 89.215619, 49.545452 ], [ 89.201563, 49.570619 ], [ 89.178205, 49.598472 ], [ 89.187352, 49.621985 ], [ 89.216445, 49.634491 ], [ 89.252205, 49.629427 ], [ 89.310703, 49.59315 ], [ 89.339435, 49.580799 ], [ 89.37194, 49.581678 ], [ 89.39783, 49.598989 ], [ 89.418604, 49.624207 ], [ 89.4416, 49.643586 ], [ 89.475344, 49.643431 ], [ 89.520303, 49.663171 ], [ 89.616318, 49.685444 ], [ 89.682308, 49.708336 ], [ 89.702411, 49.719964 ], [ 89.712642, 49.735157 ], [ 89.701532, 49.75314 ], [ 89.683704, 49.76115 ], [ 89.638952, 49.775464 ], [ 89.626446, 49.788022 ], [ 89.627376, 49.796807 ], [ 89.641949, 49.808124 ], [ 89.643551, 49.818872 ], [ 89.638952, 49.824815 ], [ 89.621072, 49.835047 ], [ 89.615336, 49.84192 ], [ 89.615284, 49.854529 ], [ 89.621072, 49.893338 ], [ 89.623862, 49.902692 ], [ 89.633211, 49.907939 ], [ 89.667684, 49.92729 ], [ 89.720704, 49.939744 ], [ 89.866432, 49.942741 ], [ 89.920175, 49.950854 ], [ 89.969423, 49.96708 ], [ 89.996243, 49.992764 ], [ 89.997091, 50.003664 ], [ 89.998723, 50.024648 ], [ 90.004924, 50.050745 ], [ 90.020531, 50.070743 ], [ 90.051226, 50.084179 ], [ 90.182433, 50.102473 ], [ 90.222947, 50.11441 ], [ 90.34387, 50.174665 ], [ 90.363921, 50.179781 ], [ 90.404952, 50.182623 ], [ 90.425002, 50.186912 ], [ 90.475232, 50.21461 ], [ 90.51895, 50.218383 ], [ 90.604939, 50.205981 ], [ 90.648451, 50.206652 ], [ 90.666434, 50.210373 ], [ 90.683901, 50.216212 ], [ 90.699714, 50.225152 ], [ 90.712633, 50.237968 ], [ 90.717387, 50.252024 ], [ 90.717594, 50.280756 ], [ 90.726586, 50.291867 ], [ 90.762449, 50.305716 ], [ 90.839964, 50.320806 ], [ 90.877068, 50.339357 ], [ 90.948588, 50.397493 ], [ 90.975149, 50.413926 ], [ 91.012046, 50.425295 ], [ 91.129765, 50.426174 ], [ 91.163355, 50.432788 ], [ 91.260093, 50.466585 ], [ 91.297507, 50.466378 ], [ 91.382153, 50.454958 ], [ 91.415743, 50.461365 ], [ 91.432486, 50.478057 ], [ 91.440031, 50.498572 ], [ 91.450366, 50.519088 ], [ 91.475067, 50.535986 ], [ 91.575733, 50.561979 ], [ 91.602708, 50.579601 ], [ 91.653144, 50.640063 ], [ 91.679602, 50.656547 ], [ 91.749779, 50.684091 ], [ 91.824193, 50.701558 ], [ 91.899951, 50.707242 ], [ 92.0, 50.694378548362522 ], [ 92.0, 45.075437355113223 ], [ 91.975088, 45.073374 ] ] ] } },
{ "type": "Feature", "properties": { "ADMIN": "Kazakhstan", "SOVEREIGNT": "Kazakhstan", "TYPE": "Sovereignty", "NAME": "Kazakhstan", "ISO_A3": "KAZ" }, "geometry": { "type": "MultiPolygon", "coordinates": [ [ [ [ 87.200651, 49.108735 ], [ 87.161997, 49.122791 ], [ 87.116315, 49.129767 ], [ 86.975445, 49.092405 ], [ 86.946558, 49.094472 ], [ 86.887337, 49.106823 ], [ 86.859483, 49.105324 ], [ 86.838193, 49.093852 ], [ 86.816178, 49.058454 ], [ 86.798918, 49.042227 ], [ 86.760058, 49.02011 ], [ 86.743521, 49.007707 ], [ 86.727502, 48.990344 ], [ 86.713859, 48.969932 ], [ 86.709415, 48.954222 ], [ 86.711585, 48.937066 ], [ 86.718045, 48.912519 ], [ 86.741868, 48.878723 ], [ 86.7737, 48.858518 ], [ 86.789462, 48.839139 ], [ 86.764657, 48.807616 ], [ 86.746105, 48.792837 ], [ 86.739181, 48.783535 ], [ 86.740524, 48.771701 ], [ 86.751893, 48.729171 ], [ 86.751996, 48.715426 ], [ 86.744503, 48.70354 ], [ 86.669004, 48.634242 ], [ 86.6211, 48.603158 ], [ 86.605545, 48.59011 ], [ 86.593556, 48.574142 ], [ 86.57516, 48.539829 ], [ 86.565083, 48.527323 ], [ 86.546427, 48.517221 ], [ 86.430621, 48.485879 ], [ 86.333831, 48.4904 ], [ 86.307372, 48.483088 ], [ 86.286288, 48.469704 ], [ 86.246704, 48.437355 ], [ 86.19203, 48.418234 ], [ 86.005995, 48.429551 ], [ 85.783683, 48.407589 ], [ 85.747406, 48.390097 ], [ 85.718674, 48.358832 ], [ 85.586383, 48.141249 ], [ 85.561785, 48.030661 ], [ 85.547109, 47.992989 ], [ 85.528712, 47.966608 ], [ 85.517808, 47.944646 ], [ 85.515379, 47.92028 ], [ 85.595426, 47.624071 ], [ 85.595788, 47.590895 ], [ 85.579975, 47.523767 ], [ 85.584574, 47.493097 ], [ 85.584574, 47.492942 ], [ 85.600232, 47.463202 ], [ 85.670357, 47.384344 ], [ 85.678884, 47.363828 ], [ 85.674026, 47.344295 ], [ 85.667205, 47.326053 ], [ 85.670202, 47.309051 ], [ 85.678987, 47.290706 ], [ 85.678987, 47.274893 ], [ 85.668393, 47.241872 ], [ 85.664414, 47.221305 ], [ 85.65966, 47.206525 ], [ 85.647309, 47.197895 ], [ 85.601627, 47.194433 ], [ 85.577494, 47.189162 ], [ 85.556824, 47.178749 ], [ 85.547109, 47.162032 ], [ 85.544266, 47.143222 ], [ 85.538634, 47.127926 ], [ 85.529745, 47.114283 ], [ 85.516878, 47.100304 ], [ 85.508093, 47.082528 ], [ 85.505767, 47.063898 ], [ 85.498636, 47.051832 ], [ 85.432129, 47.053124 ], [ 85.303713, 47.039404 ], [ 85.246145, 47.044416 ], [ 85.225836, 47.041574 ], [ 85.205114, 47.033719 ], [ 85.191523, 47.023281 ], [ 85.16739, 46.992998 ], [ 85.145996, 46.97809 ], [ 85.077163, 46.943311 ], [ 85.048224, 46.920703 ], [ 85.035357, 46.914967 ], [ 84.990398, 46.907681 ], [ 84.975774, 46.901996 ], [ 84.959393, 46.890886 ], [ 84.93681, 46.861017 ], [ 84.916036, 46.850552 ], [ 84.840175, 46.839132 ], [ 84.767105, 46.818074 ], [ 84.739613, 46.814766 ], [ 84.719769, 46.821303 ], [ 84.715531, 46.835179 ], [ 84.72442, 46.850268 ], [ 84.738579, 46.866159 ], [ 84.749586, 46.882462 ], [ 84.751602, 46.91799 ], [ 84.731655, 46.947756 ], [ 84.699202, 46.970235 ], [ 84.663545, 46.983852 ], [ 84.616003, 46.98628 ], [ 84.521021, 46.969796 ], [ 84.475753, 46.975247 ], [ 84.421803, 46.993102 ], [ 84.405886, 46.994239 ], [ 84.38935, 46.993153 ], [ 84.388626, 46.992998 ], [ 84.265843, 47.00013 ], [ 84.15908, 46.993257 ], [ 84.158718, 46.993153 ], [ 84.158149, 46.993102 ], [ 84.157839, 46.992998 ], [ 84.093967, 46.967419 ], [ 84.069628, 46.964421 ], [ 83.999193, 46.974317 ], [ 83.905348, 46.973956 ], [ 83.524493, 47.067102 ], [ 83.353392, 47.144979 ], [ 83.31417, 47.15795 ], [ 83.221979, 47.171902 ], [ 83.201929, 47.180351 ], [ 83.150356, 47.211538 ], [ 83.126378, 47.217584 ], [ 83.099093, 47.219703 ], [ 83.071601, 47.218514 ], [ 83.046899, 47.214664 ], [ 83.021475, 47.205905 ], [ 83.013516, 47.194588 ], [ 83.01517, 47.154384 ], [ 83.012173, 47.142653 ], [ 83.001321, 47.121363 ], [ 82.99822, 47.110252 ], [ 82.99946, 47.100046 ], [ 83.006282, 47.080616 ], [ 83.005455, 47.06979 ], [ 82.990159, 47.032169 ], [ 82.985508, 47.012532 ], [ 82.98835, 46.992998 ], [ 82.993363, 46.975609 ], [ 82.991812, 46.958737 ], [ 82.985508, 46.94251 ], [ 82.838953, 46.732446 ], [ 82.747435, 46.493339 ], [ 82.70785, 46.434169 ], [ 82.701287, 46.416858 ], [ 82.689299, 46.362546 ], [ 82.674364, 46.331127 ], [ 82.607856, 46.255214 ], [ 82.568272, 46.19651 ], [ 82.541866, 46.131501 ], [ 82.515872, 45.993111 ], [ 82.488949, 45.901695 ], [ 82.475823, 45.87317 ], [ 82.447505, 45.825421 ], [ 82.372212, 45.73416 ], [ 82.336038, 45.635148 ], [ 82.304619, 45.582852 ], [ 82.297137, 45.554545 ], [ 82.291493, 45.533191 ], [ 82.32746, 45.493348 ], [ 82.327615, 45.493348 ], [ 82.32777, 45.493297 ], [ 82.362652, 45.481204 ], [ 82.51303, 45.465753 ], [ 82.615711, 45.435419 ], [ 82.631989, 45.415834 ], [ 82.636382, 45.378885 ], [ 82.63385, 45.339353 ], [ 82.614574, 45.248557 ], [ 82.585222, 45.17683 ], [ 82.539747, 45.123655 ], [ 82.475823, 45.115697 ], [ 82.427454, 45.137246 ], [ 82.341826, 45.20489 ], [ 82.294594, 45.228197 ], [ 82.245295, 45.231814 ], [ 82.191758, 45.222202 ], [ 82.000452, 45.153524 ], [ 81.950119, 45.144481 ], [ 81.910121, 45.15802 ], [ 81.891001, 45.17373 ], [ 81.875343, 45.181068 ], [ 81.807285, 45.188716 ], [ 81.793643, 45.19564 ], [ 81.788475, 45.209128 ], [ 81.787338, 45.232331 ], [ 81.781447, 45.266644 ], [ 81.765169, 45.307727 ], [ 81.739279, 45.338061 ], [ 81.704759, 45.339869 ], [ 81.665227, 45.347982 ], [ 81.622594, 45.33434 ], [ 81.54203, 45.293309 ], [ 81.144173, 45.204684 ], [ 81.062524, 45.172231 ], [ 81.021907, 45.161637 ], [ 80.976018, 45.161069 ], [ 80.853855, 45.126497 ], [ 80.827552, 45.125774 ], [ 80.745696, 45.144274 ], [ 80.69712, 45.143654 ], [ 80.53682, 45.101072 ], [ 80.467574, 45.106292 ], [ 80.445353, 45.104225 ], [ 80.425096, 45.092132 ], [ 80.406389, 45.056631 ], [ 80.390059, 45.045779 ], [ 80.365048, 45.043195 ], [ 80.29053, 45.046244 ], [ 80.21901, 45.026038 ], [ 80.147593, 45.034462 ], [ 80.103358, 45.032188 ], [ 80.061707, 45.018959 ], [ 80.023776, 44.993275 ], [ 79.924661, 44.931677 ], [ 79.878152, 44.914727 ], [ 79.858205, 44.90372 ], [ 79.843012, 44.873489 ], [ 79.868644, 44.849357 ], [ 79.991737, 44.793649 ], [ 80.039383, 44.790497 ], [ 80.218287, 44.818092 ], [ 80.244745, 44.815974 ], [ 80.263245, 44.809359 ], [ 80.314508, 44.780317 ], [ 80.476152, 44.73541 ], [ 80.492275, 44.727969 ], [ 80.497443, 44.714946 ], [ 80.491965, 44.701717 ], [ 80.476152, 44.693655 ], [ 80.411143, 44.682803 ], [ 80.376313, 44.67128 ], [ 80.355849, 44.652883 ], [ 80.354506, 44.641772 ], [ 80.359157, 44.632574 ], [ 80.377243, 44.615314 ], [ 80.383755, 44.602808 ], [ 80.37993, 44.591336 ], [ 80.364531, 44.569684 ], [ 80.337866, 44.494029 ], [ 80.330424, 44.45305 ], [ 80.332905, 44.417393 ], [ 80.373006, 44.270219 ], [ 80.373213, 44.230996 ], [ 80.346031, 44.158908 ], [ 80.338899, 44.121494 ], [ 80.345101, 44.103097 ], [ 80.359777, 44.0893 ], [ 80.392333, 44.065477 ], [ 80.403805, 44.04894 ], [ 80.410006, 44.031939 ], [ 80.412383, 44.013594 ], [ 80.412693, 43.993336 ], [ 80.412693, 43.993233 ], [ 80.423132, 43.972149 ], [ 80.439875, 43.948998 ], [ 80.476152, 43.910241 ], [ 80.594439, 43.684557 ], [ 80.712727, 43.458873 ], [ 80.710143, 43.425852 ], [ 80.694227, 43.394717 ], [ 80.64286, 43.32622 ], [ 80.658466, 43.310639 ], [ 80.695984, 43.303275 ], [ 80.735464, 43.288883 ], [ 80.748487, 43.275163 ], [ 80.755825, 43.257619 ], [ 80.759132, 43.23824 ], [ 80.759959, 43.218784 ], [ 80.76523, 43.199948 ], [ 80.788174, 43.168245 ], [ 80.793445, 43.14946 ], [ 80.787864, 43.12804 ], [ 80.773395, 43.112925 ], [ 80.753448, 43.104037 ], [ 80.731537, 43.101091 ], [ 80.710763, 43.104786 ], [ 80.660017, 43.132821 ], [ 80.618469, 43.134267 ], [ 80.575887, 43.119411 ], [ 80.497856, 43.076183 ], [ 80.410213, 43.048665 ], [ 80.368148, 43.02846 ], [ 80.355126, 43.000581 ], [ 80.373833, 42.975182 ], [ 80.407732, 42.954692 ], [ 80.476152, 42.930275 ], [ 80.521937, 42.925443 ], [ 80.542918, 42.916658 ], [ 80.554493, 42.898933 ], [ 80.548602, 42.878469 ], [ 80.526692, 42.868392 ], [ 80.476152, 42.863896 ], [ 80.400498, 42.843019 ], [ 80.381687, 42.831418 ], [ 80.333938, 42.817078 ], [ 80.316782, 42.815605 ], [ 80.281745, 42.822736 ], [ 80.264899, 42.823666 ], [ 80.248259, 42.816199 ], [ 80.227485, 42.790981 ], [ 80.205367, 42.731088 ], [ 80.188934, 42.701581 ], [ 80.152451, 42.660369 ], [ 80.143769, 42.644762 ], [ 80.140048, 42.622955 ], [ 80.145423, 42.607116 ], [ 80.153484, 42.591536 ], [ 80.162373, 42.552391 ], [ 80.173741, 42.536914 ], [ 80.200096, 42.508388 ], [ 80.210535, 42.490844 ], [ 80.212085, 42.478752 ], [ 80.206298, 42.465962 ], [ 80.194722, 42.446299 ], [ 80.196169, 42.434594 ], [ 80.2187, 42.354935 ], [ 80.225521, 42.339019 ], [ 80.235547, 42.324575 ], [ 80.249499, 42.309951 ], [ 80.268413, 42.237966 ], [ 80.260455, 42.216494 ], [ 80.249086, 42.204893 ], [ 80.210328, 42.189519 ], [ 80.16661, 42.208717 ], [ 80.136534, 42.23887 ], [ 80.110076, 42.273338 ], [ 80.077003, 42.305765 ], [ 80.012098, 42.349509 ], [ 79.97396, 42.39147 ], [ 79.960111, 42.403511 ], [ 79.917943, 42.42444 ], [ 79.696458, 42.459838 ], [ 79.652533, 42.461053 ], [ 79.571918, 42.449529 ], [ 79.47642, 42.453973 ], [ 79.425673, 42.469605 ], [ 79.398388, 42.496942 ], [ 79.353016, 42.577299 ], [ 79.321287, 42.602181 ], [ 79.242119, 42.629776 ], [ 79.206359, 42.656467 ], [ 79.192199, 42.674838 ], [ 79.181864, 42.693597 ], [ 79.176076, 42.713931 ], [ 79.175146, 42.737031 ], [ 79.180831, 42.77553 ], [ 79.173389, 42.785632 ], [ 79.148274, 42.790981 ], [ 79.108794, 42.785348 ], [ 79.030866, 42.756151 ], [ 78.992935, 42.757133 ], [ 78.954281, 42.768424 ], [ 78.888135, 42.771215 ], [ 78.807933, 42.79558 ], [ 78.687114, 42.804598 ], [ 78.669957, 42.811161 ], [ 78.635437, 42.832477 ], [ 78.594303, 42.850228 ], [ 78.496118, 42.875601 ], [ 78.429559, 42.880665 ], [ 78.38553, 42.878237 ], [ 78.364653, 42.872526 ], [ 78.328376, 42.855292 ], [ 78.31122, 42.850512 ], [ 78.290136, 42.851442 ], [ 78.249104, 42.862398 ], [ 78.229777, 42.865007 ], [ 78.183579, 42.86015 ], [ 78.137897, 42.861984 ], [ 78.030616, 42.854672 ], [ 77.986175, 42.860202 ], [ 77.929331, 42.885006 ], [ 77.907006, 42.891285 ], [ 77.883855, 42.893223 ], [ 77.861221, 42.89082 ], [ 77.852229, 42.887952 ], [ 77.83559, 42.879839 ], [ 77.809958, 42.871286 ], [ 77.798176, 42.877513 ], [ 77.791665, 42.883043 ], [ 77.787531, 42.889709 ], [ 77.781226, 42.895626 ], [ 77.71384, 42.907589 ], [ 77.647797, 42.909501 ], [ 77.62692, 42.906555 ], [ 77.574417, 42.887848 ], [ 77.557777, 42.888133 ], [ 77.53845, 42.896272 ], [ 77.520984, 42.906917 ], [ 77.501553, 42.914539 ], [ 77.461762, 42.914384 ], [ 77.43396, 42.921412 ], [ 77.418561, 42.922239 ], [ 77.403265, 42.919759 ], [ 77.36089, 42.90454 ], [ 77.328127, 42.897564 ], [ 77.229632, 42.909811 ], [ 77.21189, 42.909944 ], [ 77.195112, 42.910069 ], [ 77.178679, 42.913196 ], [ 77.163693, 42.921981 ], [ 77.135064, 42.951746 ], [ 77.124005, 42.958904 ], [ 77.089899, 42.968154 ], [ 76.976417, 42.98221 ], [ 76.956884, 42.988514 ], [ 76.93735, 42.986034 ], [ 76.897662, 42.974536 ], [ 76.853427, 42.974122 ], [ 76.83348, 42.971745 ], [ 76.814153, 42.961487 ], [ 76.792966, 42.943065 ], [ 76.785214, 42.939654 ], [ 76.77953, 42.939292 ], [ 76.76134, 42.942057 ], [ 76.753899, 42.940765 ], [ 76.751625, 42.937096 ], [ 76.750385, 42.932574 ], [ 76.74625, 42.928879 ], [ 76.707907, 42.913661 ], [ 76.688786, 42.910328 ], [ 76.644345, 42.911129 ], [ 76.605897, 42.898494 ], [ 76.58502, 42.894799 ], [ 76.558768, 42.89821 ], [ 76.506885, 42.914488 ], [ 76.48053, 42.916968 ], [ 76.461927, 42.910999 ], [ 76.432058, 42.88958 ], [ 76.414074, 42.885497 ], [ 76.404463, 42.889244 ], [ 76.3933, 42.905263 ], [ 76.382965, 42.910069 ], [ 76.370976, 42.909604 ], [ 76.351132, 42.902886 ], [ 76.340487, 42.901672 ], [ 76.254498, 42.921154 ], [ 76.163754, 42.921154 ], [ 76.09058, 42.93428 ], [ 76.064535, 42.93397 ], [ 75.999113, 42.91764 ], [ 75.976582, 42.918725 ], [ 75.898033, 42.935701 ], [ 75.858966, 42.939809 ], [ 75.807059, 42.936771 ], [ 75.797161, 42.936192 ], [ 75.782072, 42.933324 ], [ 75.770599, 42.92565 ], [ 75.73825, 42.861571 ], [ 75.727605, 42.848678 ], [ 75.703833, 42.830488 ], [ 75.675308, 42.815372 ], [ 75.646163, 42.806096 ], [ 75.620428, 42.805295 ], [ 75.555936, 42.825217 ], [ 75.535988, 42.827025 ], [ 75.496611, 42.823925 ], [ 75.271198, 42.845758 ], [ 75.204639, 42.84519 ], [ 75.178594, 42.84966 ], [ 75.118133, 42.876531 ], [ 75.094258, 42.890303 ], [ 75.066146, 42.902602 ], [ 75.005375, 42.9164 ], [ 74.976849, 42.926477 ], [ 74.948531, 42.944848 ], [ 74.862851, 42.975828 ], [ 74.74875, 42.990013 ], [ 74.71392, 42.999883 ], [ 74.61129, 43.058174 ], [ 74.597028, 43.070344 ], [ 74.572016, 43.102202 ], [ 74.558167, 43.115044 ], [ 74.539253, 43.122899 ], [ 74.498222, 43.131115 ], [ 74.462772, 43.148634 ], [ 74.420604, 43.151837 ], [ 74.400554, 43.159537 ], [ 74.348774, 43.191034 ], [ 74.320042, 43.201654 ], [ 74.286969, 43.207209 ], [ 74.25865, 43.215761 ], [ 74.207697, 43.24979 ], [ 74.178759, 43.261702 ], [ 74.206044, 43.234106 ], [ 74.216586, 43.216924 ], [ 74.213899, 43.202635 ], [ 74.197362, 43.195788 ], [ 74.039852, 43.181861 ], [ 74.021456, 43.186306 ], [ 73.985385, 43.211679 ], [ 73.965335, 43.216924 ], [ 73.935053, 43.199716 ], [ 73.90167, 43.13096 ], [ 73.864256, 43.116103 ], [ 73.822811, 43.117318 ], [ 73.805551, 43.114734 ], [ 73.634089, 43.062463 ], [ 73.58665, 43.042283 ], [ 73.57094, 43.031922 ], [ 73.559675, 43.017298 ], [ 73.521744, 42.936166 ], [ 73.501177, 42.909346 ], [ 73.493012, 42.894954 ], [ 73.489498, 42.877823 ], [ 73.491979, 42.861003 ], [ 73.504278, 42.827594 ], [ 73.507068, 42.809404 ], [ 73.503554, 42.794082 ], [ 73.476889, 42.75088 ], [ 73.423869, 42.662772 ], [ 73.412707, 42.627322 ], [ 73.41002, 42.58965 ], [ 73.417565, 42.556163 ], [ 73.432964, 42.524847 ], [ 73.505077, 42.421557 ], [ 73.505518, 42.420926 ], [ 73.505105, 42.402943 ], [ 73.476889, 42.399067 ], [ 73.417461, 42.41705 ], [ 73.326201, 42.428677 ], [ 73.314419, 42.441571 ], [ 73.313385, 42.463171 ], [ 73.316589, 42.493712 ], [ 73.301396, 42.507071 ], [ 73.278348, 42.513401 ], [ 73.206828, 42.517173 ], [ 73.189052, 42.520765 ], [ 73.172722, 42.527845 ], [ 73.152671, 42.539213 ], [ 73.115051, 42.550841 ], [ 73.070609, 42.551926 ], [ 72.942348, 42.536035 ], [ 72.908345, 42.536965 ], [ 72.874549, 42.543993 ], [ 72.840752, 42.555698 ], [ 72.815224, 42.573036 ], [ 72.780601, 42.620449 ], [ 72.756933, 42.640215 ], [ 72.725824, 42.652876 ], [ 72.583817, 42.678275 ], [ 72.51178, 42.677551 ], [ 72.476744, 42.682564 ], [ 72.358405, 42.741397 ], [ 72.292362, 42.76106 ], [ 72.164101, 42.765091 ], [ 72.148805, 42.76199 ], [ 72.11997, 42.75181 ], [ 72.10488, 42.750337 ], [ 72.072737, 42.757185 ], [ 71.956982, 42.804598 ], [ 71.895384, 42.816044 ], [ 71.878847, 42.821341 ], [ 71.863241, 42.829041 ], [ 71.847738, 42.834053 ], [ 71.831408, 42.831573 ], [ 71.796682, 42.822297 ], [ 71.726402, 42.819661 ], [ 71.693536, 42.811807 ], [ 71.583568, 42.759639 ], [ 71.566308, 42.757236 ], [ 71.553803, 42.760905 ], [ 71.514322, 42.78571 ], [ 71.504193, 42.789612 ], [ 71.493651, 42.788914 ], [ 71.477115, 42.78354 ], [ 71.428849, 42.79558 ], [ 71.404613, 42.794883 ], [ 71.386939, 42.783074 ], [ 71.376294, 42.768321 ], [ 71.363065, 42.75411 ], [ 71.347562, 42.742844 ], [ 71.329785, 42.737031 ], [ 71.308495, 42.740105 ], [ 71.284723, 42.7484 ], [ 71.262502, 42.753567 ], [ 71.245449, 42.747133 ], [ 71.223849, 42.717936 ], [ 71.211446, 42.705224 ], [ 71.19522, 42.69724 ], [ 71.157548, 42.687938 ], [ 71.149021, 42.677939 ], [ 71.146437, 42.656855 ], [ 71.148091, 42.6174 ], [ 71.142768, 42.602543 ], [ 71.127007, 42.590606 ], [ 71.040656, 42.580529 ], [ 71.00319, 42.563527 ], [ 71.012699, 42.526036 ], [ 71.022724, 42.51645 ], [ 71.057554, 42.493609 ], [ 71.057554, 42.493506 ], [ 71.057657, 42.493402 ], [ 71.057864, 42.493402 ], [ 71.066287, 42.482137 ], [ 71.064168, 42.470329 ], [ 71.054712, 42.460381 ], [ 71.041017, 42.4548 ], [ 71.024739, 42.455963 ], [ 70.977145, 42.478752 ], [ 70.961952, 42.468107 ], [ 70.947586, 42.451286 ], [ 70.936114, 42.431623 ], [ 70.929913, 42.412296 ], [ 70.931773, 42.401496 ], [ 70.937354, 42.394778 ], [ 70.939835, 42.387827 ], [ 70.932703, 42.3762 ], [ 70.900354, 42.346744 ], [ 70.888825, 42.338575 ], [ 70.864801, 42.321552 ], [ 70.852657, 42.306075 ], [ 70.858134, 42.291063 ], [ 70.897822, 42.261608 ], [ 70.918648, 42.253365 ], [ 70.947793, 42.248146 ], [ 70.913893, 42.227553 ], [ 70.879994, 42.206934 ], [ 70.861183, 42.199699 ], [ 70.842373, 42.192542 ], [ 70.82346, 42.190501 ], [ 70.804546, 42.188434 ], [ 70.781395, 42.193214 ], [ 70.758141, 42.19802 ], [ 70.746255, 42.197658 ], [ 70.734266, 42.197296 ], [ 70.727135, 42.190139 ], [ 70.7199, 42.182904 ], [ 70.715869, 42.173654 ], [ 70.711838, 42.164327 ], [ 70.706412, 42.157635 ], [ 70.701141, 42.150942 ], [ 70.68724, 42.138463 ], [ 70.673184, 42.125983 ], [ 70.661454, 42.109679 ], [ 70.649827, 42.093401 ], [ 70.640732, 42.075133 ], [ 70.631482, 42.056866 ], [ 70.620836, 42.042164 ], [ 70.610243, 42.02741 ], [ 70.594533, 42.021855 ], [ 70.57903, 42.016248 ], [ 70.567093, 42.017514 ], [ 70.555259, 42.018702 ], [ 70.54482, 42.021855 ], [ 70.534227, 42.024981 ], [ 70.52663, 42.030821 ], [ 70.518879, 42.036686 ], [ 70.515365, 42.046039 ], [ 70.511851, 42.055419 ], [ 70.508233, 42.061982 ], [ 70.504461, 42.068467 ], [ 70.496503, 42.075133 ], [ 70.488493, 42.081877 ], [ 70.479398, 42.086709 ], [ 70.470199, 42.091618 ], [ 70.462758, 42.092651 ], [ 70.45542, 42.093737 ], [ 70.406741, 42.078001 ], [ 70.357907, 42.06224 ], [ 70.336357, 42.048416 ], [ 70.315067, 42.034593 ], [ 70.302664, 42.014129 ], [ 70.290262, 41.993769 ], [ 70.286748, 41.984984 ], [ 70.282976, 41.97625 ], [ 70.276671, 41.970876 ], [ 70.270315, 41.965553 ], [ 70.26215, 41.962324 ], [ 70.253882, 41.95912 ], [ 70.24489, 41.956717 ], [ 70.235795, 41.954288 ], [ 70.227113, 41.950645 ], [ 70.218587, 41.946924 ], [ 70.211404, 41.941395 ], [ 70.204169, 41.935813 ], [ 70.170373, 41.891992 ], [ 70.13637, 41.848093 ], [ 70.123657, 41.83706 ], [ 70.1111, 41.825975 ], [ 70.069449, 41.802928 ], [ 70.027953, 41.779983 ], [ 69.999996, 41.772335 ], [ 69.972039, 41.764584 ], [ 69.964287, 41.759907 ], [ 69.956536, 41.755179 ], [ 69.949714, 41.747453 ], [ 69.942893, 41.739727 ], [ 69.927649, 41.726317 ], [ 69.912404, 41.712856 ], [ 69.891733, 41.706215 ], [ 69.870856, 41.699575 ], [ 69.815149, 41.69805 ], [ 69.759442, 41.696448 ], [ 69.692004, 41.682392 ], [ 69.624566, 41.66831 ], [ 69.615988, 41.663272 ], [ 69.607565, 41.658285 ], [ 69.593199, 41.645831 ], [ 69.578988, 41.633377 ], [ 69.52819, 41.603198 ], [ 69.477288, 41.573122 ], [ 69.448815, 41.566353 ], [ 69.420341, 41.559532 ], [ 69.407112, 41.552245 ], [ 69.393779, 41.544959 ], [ 69.387371, 41.531885 ], [ 69.380809, 41.518811 ], [ 69.382721, 41.513488 ], [ 69.384478, 41.508217 ], [ 69.392746, 41.496745 ], [ 69.401117, 41.485169 ], [ 69.401738, 41.480002 ], [ 69.402358, 41.474834 ], [ 69.396467, 41.472353 ], [ 69.390679, 41.469718 ], [ 69.36081, 41.4738 ], [ 69.331148, 41.477934 ], [ 69.323551, 41.476384 ], [ 69.316161, 41.474834 ], [ 69.296834, 41.46548 ], [ 69.277559, 41.456179 ], [ 69.270273, 41.455352 ], [ 69.262935, 41.454577 ], [ 69.248155, 41.458556 ], [ 69.233324, 41.462638 ], [ 69.225314, 41.461398 ], [ 69.217149, 41.460054 ], [ 69.189864, 41.447084 ], [ 69.162682, 41.434061 ], [ 69.150383, 41.424966 ], [ 69.138188, 41.415923 ], [ 69.133123, 41.405536 ], [ 69.128059, 41.395149 ], [ 69.118809, 41.397939 ], [ 69.109456, 41.400678 ], [ 69.10005, 41.398508 ], [ 69.090645, 41.396286 ], [ 69.067546, 41.387759 ], [ 69.044447, 41.379181 ], [ 69.040313, 41.376649 ], [ 69.036178, 41.374013 ], [ 69.033905, 41.370499 ], [ 69.031579, 41.366985 ], [ 69.032974, 41.362851 ], [ 69.034266, 41.358717 ], [ 69.038866, 41.354324 ], [ 69.043516, 41.34988 ], [ 69.045997, 41.348537 ], [ 69.048322, 41.347245 ], [ 69.049718, 41.345436 ], [ 69.051165, 41.343627 ], [ 69.052508, 41.337788 ], [ 69.053955, 41.331897 ], [ 69.054369, 41.323629 ], [ 69.054782, 41.315412 ], [ 69.046927, 41.26787 ], [ 69.039176, 41.220276 ], [ 69.035145, 41.214488 ], [ 69.031217, 41.208752 ], [ 69.022588, 41.202396 ], [ 69.014061, 41.19604 ], [ 68.997008, 41.1871 ], [ 68.979748, 41.178211 ], [ 68.961713, 41.171597 ], [ 68.943781, 41.164879 ], [ 68.922232, 41.16276 ], [ 68.900838, 41.160641 ], [ 68.890503, 41.158109 ], [ 68.880219, 41.155525 ], [ 68.873656, 41.149066 ], [ 68.867352, 41.142554 ], [ 68.854898, 41.12638 ], [ 68.842443, 41.110102 ], [ 68.808182, 41.098681 ], [ 68.773766, 41.087261 ], [ 68.759865, 41.07553 ], [ 68.746274, 41.0638 ], [ 68.727877, 41.023802 ], [ 68.709532, 40.983753 ], [ 68.699558, 40.974399 ], [ 68.689378, 40.964943 ], [ 68.65863, 40.954711 ], [ 68.649524, 40.951691 ], [ 68.627935, 40.94453 ], [ 68.613982, 40.937296 ], [ 68.600133, 40.930061 ], [ 68.594655, 40.918382 ], [ 68.589177, 40.9066 ], [ 68.586904, 40.907685 ], [ 68.584733, 40.908822 ], [ 68.579979, 40.910217 ], [ 68.575328, 40.911612 ], [ 68.573003, 40.912543 ], [ 68.570884, 40.913524 ], [ 68.570677, 40.907995 ], [ 68.570574, 40.902517 ], [ 68.571814, 40.891355 ], [ 68.573158, 40.880141 ], [ 68.572537, 40.875284 ], [ 68.571866, 40.870478 ], [ 68.568713, 40.864845 ], [ 68.565406, 40.859161 ], [ 68.562099, 40.857352 ], [ 68.558998, 40.855492 ], [ 68.556156, 40.852908 ], [ 68.553417, 40.850428 ], [ 68.551453, 40.842728 ], [ 68.549696, 40.835028 ], [ 68.554657, 40.79317 ], [ 68.559773, 40.751312 ], [ 68.563029, 40.741804 ], [ 68.566336, 40.732502 ], [ 68.57047, 40.728471 ], [ 68.574605, 40.724492 ], [ 68.579359, 40.722425 ], [ 68.584216, 40.720358 ], [ 68.596929, 40.718084 ], [ 68.609434, 40.71581 ], [ 68.609021, 40.709609 ], [ 68.608504, 40.703356 ], [ 68.610365, 40.696949 ], [ 68.612122, 40.690541 ], [ 68.615429, 40.684443 ], [ 68.61884, 40.678242 ], [ 68.623129, 40.672712 ], [ 68.627418, 40.667131 ], [ 68.626384, 40.663772 ], [ 68.625454, 40.660413 ], [ 68.613259, 40.645169 ], [ 68.601115, 40.630028 ], [ 68.610675, 40.6261 ], [ 68.62039, 40.622224 ], [ 68.617393, 40.615662 ], [ 68.61424, 40.609099 ], [ 68.603543, 40.604293 ], [ 68.593001, 40.599487 ], [ 68.579669, 40.600934 ], [ 68.566233, 40.602484 ], [ 68.546338, 40.610029 ], [ 68.526339, 40.617574 ], [ 68.520551, 40.618349 ], [ 68.514815, 40.619124 ], [ 68.510112, 40.616747 ], [ 68.505461, 40.614318 ], [ 68.502671, 40.609977 ], [ 68.49988, 40.605636 ], [ 68.496315, 40.602122 ], [ 68.492439, 40.598608 ], [ 68.484894, 40.598918 ], [ 68.477349, 40.599228 ], [ 68.471148, 40.594474 ], [ 68.46505, 40.58972 ], [ 68.463397, 40.587188 ], [ 68.461743, 40.584656 ], [ 68.343921, 40.631733 ], [ 68.266497, 40.662703 ], [ 68.226099, 40.678862 ], [ 68.192406, 40.699016 ], [ 68.158919, 40.719118 ], [ 68.113237, 40.753534 ], [ 68.067504, 40.788002 ], [ 68.052259, 40.794514 ], [ 68.037066, 40.801077 ], [ 68.017326, 40.80428 ], [ 67.997482, 40.807536 ], [ 67.994227, 40.809345 ], [ 67.990919, 40.811102 ], [ 67.992521, 40.815029 ], [ 67.994071, 40.818957 ], [ 67.998619, 40.822057 ], [ 68.003063, 40.825158 ], [ 68.020633, 40.831152 ], [ 68.038203, 40.837198 ], [ 68.046523, 40.842263 ], [ 68.05474, 40.847224 ], [ 68.062129, 40.853528 ], [ 68.069519, 40.859833 ], [ 68.075152, 40.866396 ], [ 68.080578, 40.872958 ], [ 68.088226, 40.885929 ], [ 68.095977, 40.898952 ], [ 68.103315, 40.915333 ], [ 68.110757, 40.931663 ], [ 68.115718, 40.948509 ], [ 68.120575, 40.965304 ], [ 68.120782, 40.979515 ], [ 68.120885, 40.99383 ], [ 68.116751, 40.999669 ], [ 68.112669, 41.005509 ], [ 68.110343, 41.007886 ], [ 68.107863, 41.010263 ], [ 68.103781, 41.011916 ], [ 68.099698, 41.013622 ], [ 68.104039, 41.015224 ], [ 68.108225, 41.016826 ], [ 68.119852, 41.023234 ], [ 68.131324, 41.029641 ], [ 68.129981, 41.030623 ], [ 68.128482, 41.031657 ], [ 68.123676, 41.032845 ], [ 68.118922, 41.034034 ], [ 68.120162, 41.038685 ], [ 68.121454, 41.043284 ], [ 68.121299, 41.044369 ], [ 68.121196, 41.045506 ], [ 68.119335, 41.0561 ], [ 68.117371, 41.066745 ], [ 68.106623, 41.065918 ], [ 68.095977, 41.065143 ], [ 68.089053, 41.053929 ], [ 68.082128, 41.042716 ], [ 68.076857, 41.047987 ], [ 68.071379, 41.053309 ], [ 68.065178, 41.054084 ], [ 68.05908, 41.054756 ], [ 68.052776, 41.052534 ], [ 68.046368, 41.050209 ], [ 68.040322, 41.046436 ], [ 68.034379, 41.042716 ], [ 68.027661, 41.050932 ], [ 68.02115, 41.059149 ], [ 68.017119, 41.078527 ], [ 68.013192, 41.097854 ], [ 68.008127, 41.106743 ], [ 68.003063, 41.115631 ], [ 67.980946, 41.13749 ], [ 67.958932, 41.159453 ], [ 67.955418, 41.164982 ], [ 67.951904, 41.170563 ], [ 67.950767, 41.171235 ], [ 67.949475, 41.171907 ], [ 67.943532, 41.186118 ], [ 67.937434, 41.20038 ], [ 67.92467, 41.194179 ], [ 67.912009, 41.187978 ], [ 67.883071, 41.173457 ], [ 67.854132, 41.158988 ], [ 67.84452, 41.157902 ], [ 67.834908, 41.156869 ], [ 67.823953, 41.159763 ], [ 67.812997, 41.162708 ], [ 67.792017, 41.170976 ], [ 67.770933, 41.179296 ], [ 67.759564, 41.181673 ], [ 67.748143, 41.184102 ], [ 67.620244, 41.178366 ], [ 67.490536, 41.172423 ], [ 67.409301, 41.168703 ], [ 67.281712, 41.162967 ], [ 67.174793, 41.158109 ], [ 67.028962, 41.151494 ], [ 66.931397, 41.147154 ], [ 66.81528, 41.141883 ], [ 66.774094, 41.149944 ], [ 66.75789, 41.15314 ], [ 66.73296, 41.158057 ], [ 66.710739, 41.178625 ], [ 66.688208, 41.199192 ], [ 66.645523, 41.34647 ], [ 66.602632, 41.493799 ], [ 66.570696, 41.617306 ], [ 66.538863, 41.740761 ], [ 66.521448, 41.86711 ], [ 66.504137, 41.993484 ], [ 66.501656, 41.994518 ], [ 66.499176, 41.995603 ], [ 66.495765, 41.996172 ], [ 66.492406, 41.996792 ], [ 66.488634, 41.996895 ], [ 66.48481, 41.997024 ], [ 66.481192, 41.996637 ], [ 66.477368, 41.996223 ], [ 66.3566, 41.996637 ], [ 66.247356, 41.996921 ], [ 66.137647, 41.997231 ], [ 66.017241, 41.997619 ], [ 66.0129, 42.000073 ], [ 66.008663, 42.002657 ], [ 66.007526, 42.008057 ], [ 66.006493, 42.013431 ], [ 66.010058, 42.208226 ], [ 66.013159, 42.37287 ], [ 66.013727, 42.40302 ], [ 66.016724, 42.409945 ], [ 66.019618, 42.416844 ], [ 66.031401, 42.420254 ], [ 66.043183, 42.423665 ], [ 66.048144, 42.432269 ], [ 66.053208, 42.440873 ], [ 66.055689, 42.467254 ], [ 66.058169, 42.493609 ], [ 66.079718, 42.74194 ], [ 66.101267, 42.990323 ], [ 65.956935, 42.933014 ], [ 65.812603, 42.875756 ], [ 65.804024, 42.87648 ], [ 65.795239, 42.877203 ], [ 65.731057, 42.974226 ], [ 65.656126, 43.087216 ], [ 65.601866, 43.16902 ], [ 65.51691, 43.297229 ], [ 65.49717, 43.310019 ], [ 65.477378, 43.322809 ], [ 65.37449, 43.369912 ], [ 65.271447, 43.417015 ], [ 65.221734, 43.455281 ], [ 65.171918, 43.493677 ], [ 65.064224, 43.595557 ], [ 64.956531, 43.69736 ], [ 64.939581, 43.708289 ], [ 64.922941, 43.719115 ], [ 64.907025, 43.720976 ], [ 64.891005, 43.722785 ], [ 64.873073, 43.717824 ], [ 64.855038, 43.712914 ], [ 64.757628, 43.673614 ], [ 64.658358, 43.633591 ], [ 64.562136, 43.594808 ], [ 64.461574, 43.554319 ], [ 64.444211, 43.550676 ], [ 64.426744, 43.547033 ], [ 64.371657, 43.550599 ], [ 64.233164, 43.55972 ], [ 64.094671, 43.568918 ], [ 63.95592, 43.578065 ], [ 63.817376, 43.587237 ], [ 63.665137, 43.597288 ], [ 63.512691, 43.607262 ], [ 63.360349, 43.617416 ], [ 63.208007, 43.627467 ], [ 63.116643, 43.616615 ], [ 63.025383, 43.605841 ], [ 62.934122, 43.595066 ], [ 62.842861, 43.584292 ], [ 62.751497, 43.573491 ], [ 62.660237, 43.562717 ], [ 62.568976, 43.551891 ], [ 62.477716, 43.541116 ], [ 62.421285, 43.533597 ], [ 62.364854, 43.526001 ], [ 62.308424, 43.518404 ], [ 62.25189, 43.510859 ], [ 62.21675, 43.506157 ], [ 62.181403, 43.501429 ], [ 62.146056, 43.496674 ], [ 62.110916, 43.49192 ], [ 62.028321, 43.480922 ], [ 62.026115, 43.480629 ], [ 62.005962, 43.486985 ], [ 61.985704, 43.493341 ], [ 61.91067, 43.555818 ], [ 61.85455, 43.602688 ], [ 61.798326, 43.649585 ], [ 61.742102, 43.696533 ], [ 61.685981, 43.743429 ], [ 61.628517, 43.791359 ], [ 61.571053, 43.839289 ], [ 61.513485, 43.887245 ], [ 61.456124, 43.935175 ], [ 61.386051, 43.99344 ], [ 61.331171, 44.036176 ], [ 61.276394, 44.078861 ], [ 61.161672, 44.168106 ], [ 61.102864, 44.236061 ], [ 61.093149, 44.259418 ], [ 61.086638, 44.311198 ], [ 61.08023, 44.335486 ], [ 61.062143, 44.361996 ], [ 61.036305, 44.382822 ], [ 60.973983, 44.412432 ], [ 60.886237, 44.454135 ], [ 60.766864, 44.510824 ], [ 60.621137, 44.580071 ], [ 60.454015, 44.659446 ], [ 60.270874, 44.746469 ], [ 60.076674, 44.83866 ], [ 59.876582, 44.933796 ], [ 59.675768, 45.029139 ], [ 59.479397, 45.122467 ], [ 59.292432, 45.211247 ], [ 59.12035, 45.29305 ], [ 59.055132, 45.324023 ], [ 58.967904, 45.365449 ], [ 58.84047, 45.426014 ], [ 58.743112, 45.472264 ], [ 58.68079, 45.501823 ], [ 58.658982, 45.512262 ], [ 58.582191, 45.548694 ], [ 58.554906, 45.557169 ], [ 58.531445, 45.558719 ], [ 58.450416, 45.542389 ], [ 58.390265, 45.530142 ], [ 58.33001, 45.517843 ], [ 58.269755, 45.505544 ], [ 58.209604, 45.493348 ], [ 58.151623, 45.481204 ], [ 58.093849, 45.469112 ], [ 58.036075, 45.457071 ], [ 57.9783, 45.444927 ], [ 57.853243, 45.417901 ], [ 57.728186, 45.390926 ], [ 57.603233, 45.363899 ], [ 57.478279, 45.336924 ], [ 57.384538, 45.315633 ], [ 57.290797, 45.294342 ], [ 57.197056, 45.273 ], [ 57.103212, 45.251761 ], [ 57.009471, 45.230419 ], [ 56.91573, 45.209128 ], [ 56.822092, 45.187889 ], [ 56.728248, 45.166598 ], [ 56.70761, 45.161911 ], [ 56.634506, 45.145308 ], [ 56.540869, 45.124017 ], [ 56.447128, 45.102726 ], [ 56.353387, 45.081435 ], [ 56.259439, 45.060093 ], [ 56.165801, 45.038802 ], [ 56.07206, 45.017563 ], [ 55.978422, 44.996221 ], [ 55.978319, 44.996221 ], [ 55.978216, 44.996169 ], [ 55.978112, 44.996169 ], [ 55.978009, 44.996066 ], [ 55.977906, 44.996066 ], [ 55.977802, 44.996066 ], [ 55.977699, 44.995963 ], [ 55.977596, 44.995911 ], [ 55.977492, 44.995911 ], [ 55.977389, 44.995859 ], [ 55.977286, 44.995859 ], [ 55.977182, 44.995808 ], [ 55.977079, 44.995756 ], [ 55.976976, 44.995704 ], [ 55.976872, 44.995601 ], [ 55.976769, 44.995601 ], [ 55.976769, 44.995498 ], [ 55.976665, 44.995446 ], [ 55.976562, 44.995394 ], [ 55.976459, 44.995343 ], [ 55.976355, 44.995239 ], [ 55.976252, 44.995136 ], [ 55.976149, 44.995084 ], [ 55.976149, 44.994981 ], [ 55.976149, 44.994826 ], [ 55.976045, 44.994774 ], [ 55.976045, 44.994671 ], [ 55.976045, 44.994567 ], [ 55.975942, 44.994464 ], [ 55.975839, 44.994412 ], [ 55.975839, 44.994309 ], [ 55.975839, 44.994206 ], [ 55.975839, 44.994051 ], [ 55.975839, 44.993896 ], [ 55.975839, 44.993741 ], [ 55.975839, 44.993586 ], [ 55.975839, 44.993482 ], [ 55.975839, 44.993379 ], [ 55.975839, 44.993275 ], [ 55.976045, 44.76378 ], [ 55.976149, 44.534285 ], [ 55.976355, 44.304842 ], [ 55.976459, 44.075295 ], [ 55.976665, 43.845852 ], [ 55.976769, 43.616383 ], [ 55.976976, 43.386914 ], [ 55.977079, 43.15747 ], [ 55.977286, 42.928001 ], [ 55.977389, 42.698532 ], [ 55.977596, 42.469088 ], [ 55.977699, 42.239619 ], [ 55.977906, 42.01015 ], [ 55.978009, 41.780681 ], [ 55.978216, 41.551263 ], [ 55.978422, 41.321717 ], [ 55.910106, 41.326626 ], [ 55.87662, 41.324507 ], [ 55.787323, 41.291693 ], [ 55.694409, 41.281564 ], [ 55.635498, 41.264356 ], [ 55.509304, 41.258878 ], [ 55.478298, 41.266785 ], [ 55.450289, 41.278877 ], [ 55.429515, 41.290814 ], [ 55.412669, 41.307919 ], [ 55.38466, 41.358562 ], [ 55.372568, 41.375563 ], [ 55.356755, 41.389051 ], [ 55.294123, 41.421504 ], [ 55.25919, 41.444655 ], [ 55.228391, 41.472819 ], [ 55.164932, 41.557464 ], [ 55.100026, 41.644152 ], [ 55.054758, 41.690015 ], [ 54.950682, 41.795564 ], [ 54.940243, 41.813599 ], [ 54.934972, 41.833727 ], [ 54.936419, 41.855276 ], [ 54.940553, 41.872717 ], [ 54.94076, 41.889615 ], [ 54.930838, 41.909226 ], [ 54.907067, 41.932144 ], [ 54.738291, 42.04821 ], [ 54.619642, 42.107198 ], [ 54.518977, 42.157273 ], [ 54.350512, 42.240911 ], [ 54.195276, 42.318064 ], [ 54.122618, 42.337598 ], [ 54.047171, 42.345401 ], [ 53.807599, 42.313077 ], [ 53.65443, 42.292484 ], [ 53.47842, 42.268661 ], [ 53.412274, 42.258171 ], [ 53.191719, 42.193033 ], [ 53.135082, 42.167841 ], [ 52.978709, 42.126629 ], [ 52.764665, 41.993769 ], [ 52.764665, 41.993588 ], [ 52.764355, 41.993484 ], [ 52.631443, 41.89424 ], [ 52.478843, 41.780345 ], [ 52.437671, 41.748876 ], [ 52.435802, 41.768541 ], [ 52.443614, 41.79092 ], [ 52.481944, 41.863959 ], [ 52.490977, 41.902045 ], [ 52.484548, 41.941636 ], [ 52.474132, 41.962592 ], [ 52.461192, 41.978949 ], [ 52.451671, 41.986314 ], [ 52.441661, 41.992377 ], [ 52.433767, 42.000434 ], [ 52.430512, 42.013739 ], [ 52.437266, 42.047838 ], [ 52.436778, 42.057807 ], [ 52.430837, 42.067125 ], [ 52.402029, 42.092515 ], [ 52.413097, 42.106676 ], [ 52.422211, 42.125312 ], [ 52.428396, 42.145453 ], [ 52.430512, 42.163886 ], [ 52.43629, 42.179877 ], [ 52.450531, 42.187812 ], [ 52.468272, 42.193101 ], [ 52.484548, 42.201728 ], [ 52.533539, 42.271918 ], [ 52.587576, 42.32685 ], [ 52.594086, 42.335273 ], [ 52.599132, 42.344713 ], [ 52.601248, 42.35635 ], [ 52.600108, 42.377672 ], [ 52.601085, 42.388617 ], [ 52.604828, 42.396674 ], [ 52.634451, 42.418647 ], [ 52.642833, 42.42829 ], [ 52.646007, 42.43651 ], [ 52.647472, 42.453599 ], [ 52.649669, 42.461859 ], [ 52.66627, 42.501776 ], [ 52.67628, 42.538479 ], [ 52.676524, 42.57453 ], [ 52.663341, 42.612698 ], [ 52.63795, 42.655504 ], [ 52.6185, 42.678412 ], [ 52.575694, 42.698635 ], [ 52.56422, 42.720893 ], [ 52.563813, 42.742255 ], [ 52.574474, 42.749823 ], [ 52.581554, 42.739244 ], [ 52.589122, 42.718248 ], [ 52.600434, 42.697659 ], [ 52.618907, 42.688422 ], [ 52.628103, 42.685858 ], [ 52.663341, 42.667914 ], [ 52.668305, 42.660631 ], [ 52.669932, 42.652981 ], [ 52.671723, 42.64765 ], [ 52.676931, 42.647406 ], [ 52.690929, 42.610989 ], [ 52.700938, 42.593207 ], [ 52.71046, 42.585395 ], [ 52.721446, 42.593492 ], [ 52.732595, 42.613837 ], [ 52.741222, 42.637885 ], [ 52.74464, 42.657375 ], [ 52.736339, 42.701361 ], [ 52.712901, 42.73078 ], [ 52.676524, 42.746649 ], [ 52.629161, 42.749823 ], [ 52.625011, 42.774726 ], [ 52.574229, 42.798529 ], [ 52.470876, 42.826239 ], [ 52.371837, 42.832424 ], [ 52.357432, 42.831732 ], [ 52.345063, 42.829413 ], [ 52.333181, 42.825181 ], [ 52.320649, 42.818752 ], [ 52.315115, 42.812974 ], [ 52.30421, 42.79564 ], [ 52.299571, 42.790839 ], [ 52.27296, 42.798774 ], [ 52.206309, 42.866116 ], [ 52.1692, 42.88703 ], [ 52.145518, 42.888495 ], [ 52.05836, 42.878485 ], [ 51.99171, 42.859687 ], [ 51.955089, 42.840644 ], [ 51.932791, 42.834947 ], [ 51.912446, 42.842353 ], [ 51.853852, 42.893785 ], [ 51.839854, 42.909369 ], [ 51.817882, 42.941148 ], [ 51.802582, 42.958686 ], [ 51.792735, 42.974189 ], [ 51.7824, 43.011379 ], [ 51.771983, 43.030992 ], [ 51.724457, 43.070502 ], [ 51.711436, 43.090888 ], [ 51.698497, 43.094306 ], [ 51.684418, 43.096096 ], [ 51.675792, 43.099921 ], [ 51.670746, 43.112738 ], [ 51.673839, 43.121161 ], [ 51.679698, 43.129096 ], [ 51.683116, 43.140855 ], [ 51.679373, 43.159735 ], [ 51.667735, 43.179755 ], [ 51.651052, 43.191392 ], [ 51.612315, 43.177069 ], [ 51.563243, 43.179185 ], [ 51.539806, 43.174994 ], [ 51.531912, 43.169379 ], [ 51.525645, 43.162584 ], [ 51.518728, 43.156928 ], [ 51.508556, 43.154486 ], [ 51.49586, 43.156806 ], [ 51.47283, 43.166571 ], [ 51.460297, 43.16885 ], [ 51.367849, 43.154486 ], [ 51.275727, 43.154486 ], [ 51.262706, 43.164618 ], [ 51.266287, 43.187567 ], [ 51.302419, 43.268988 ], [ 51.312836, 43.311184 ], [ 51.319591, 43.442532 ], [ 51.314708, 43.46247 ], [ 51.283214, 43.508368 ], [ 51.278575, 43.517646 ], [ 51.276703, 43.527167 ], [ 51.275401, 43.549791 ], [ 51.27296, 43.55858 ], [ 51.25766, 43.572252 ], [ 51.21811, 43.593329 ], [ 51.210216, 43.610093 ], [ 51.206879, 43.624457 ], [ 51.198497, 43.626166 ], [ 51.187348, 43.622504 ], [ 51.176117, 43.620673 ], [ 51.163422, 43.622707 ], [ 51.156016, 43.624823 ], [ 51.141856, 43.633734 ], [ 51.115001, 43.660834 ], [ 51.023123, 43.800971 ], [ 51.014903, 43.818549 ], [ 51.011567, 43.836005 ], [ 51.008637, 43.845608 ], [ 51.001964, 43.854193 ], [ 50.994965, 43.861477 ], [ 50.991059, 43.867092 ], [ 50.990408, 43.876939 ], [ 50.992849, 43.898586 ], [ 50.991059, 43.908108 ], [ 50.983246, 43.919013 ], [ 50.953298, 43.938788 ], [ 50.946788, 43.947211 ], [ 50.938731, 43.965725 ], [ 50.923595, 43.983059 ], [ 50.911306, 44.002387 ], [ 50.901703, 44.011054 ], [ 50.891368, 44.015448 ], [ 50.868826, 44.020331 ], [ 50.86085, 44.025377 ], [ 50.852794, 44.038764 ], [ 50.853689, 44.047553 ], [ 50.858165, 44.05622 ], [ 50.86085, 44.069403 ], [ 50.857188, 44.152777 ], [ 50.852794, 44.173407 ], [ 50.847179, 44.189276 ], [ 50.821625, 44.215033 ], [ 50.781261, 44.235907 ], [ 50.6963, 44.26435 ], [ 50.344574, 44.311265 ], [ 50.299083, 44.326361 ], [ 50.27768, 44.336493 ], [ 50.255219, 44.35102 ], [ 50.237478, 44.36933 ], [ 50.230154, 44.390937 ], [ 50.236827, 44.435981 ], [ 50.237559, 44.45775 ], [ 50.230154, 44.47663 ], [ 50.237559, 44.484076 ], [ 50.22755, 44.502183 ], [ 50.222179, 44.534817 ], [ 50.22462, 44.567694 ], [ 50.237559, 44.586493 ], [ 50.25408, 44.557522 ], [ 50.268321, 44.570543 ], [ 50.278494, 44.598375 ], [ 50.281749, 44.613756 ], [ 50.292735, 44.618964 ], [ 50.295258, 44.631171 ], [ 50.295421, 44.644965 ], [ 50.299083, 44.655341 ], [ 50.311209, 44.66234 ], [ 50.32016, 44.659898 ], [ 50.328868, 44.653266 ], [ 50.340017, 44.647895 ], [ 50.497813, 44.6258 ], [ 50.545421, 44.627427 ], [ 50.592296, 44.639716 ], [ 50.616954, 44.639716 ], [ 50.627452, 44.62401 ], [ 50.642751, 44.620795 ], [ 50.730479, 44.620551 ], [ 50.745616, 44.609198 ], [ 50.756847, 44.605048 ], [ 50.768321, 44.610338 ], [ 50.775401, 44.620551 ], [ 50.779063, 44.628079 ], [ 50.78419, 44.632717 ], [ 50.795909, 44.634263 ], [ 50.847911, 44.632799 ], [ 50.872895, 44.628852 ], [ 50.894867, 44.620551 ], [ 50.930349, 44.59691 ], [ 50.96046, 44.569729 ], [ 50.970063, 44.565375 ], [ 50.994477, 44.568264 ], [ 51.004731, 44.565985 ], [ 51.011241, 44.55801 ], [ 51.008637, 44.551459 ], [ 51.000743, 44.547024 ], [ 50.991059, 44.545478 ], [ 51.007335, 44.528795 ], [ 51.033458, 44.515815 ], [ 51.114594, 44.488471 ], [ 51.143321, 44.484768 ], [ 51.172618, 44.485582 ], [ 51.20281, 44.490912 ], [ 51.225271, 44.499742 ], [ 51.278575, 44.538642 ], [ 51.281016, 44.541205 ], [ 51.282725, 44.544745 ], [ 51.285655, 44.54857 ], [ 51.292247, 44.552314 ], [ 51.299164, 44.553656 ], [ 51.323497, 44.552314 ], [ 51.338634, 44.554023 ], [ 51.366222, 44.560207 ], [ 51.381521, 44.55976 ], [ 51.37379, 44.527737 ], [ 51.402517, 44.52143 ], [ 51.470958, 44.531887 ], [ 51.537934, 44.509345 ], [ 51.560313, 44.511379 ], [ 51.573904, 44.523912 ], [ 51.568696, 44.537746 ], [ 51.554373, 44.550482 ], [ 51.539806, 44.55976 ], [ 51.479503, 44.583157 ], [ 51.438975, 44.610053 ], [ 51.415538, 44.612128 ], [ 51.367849, 44.600775 ], [ 51.319347, 44.596381 ], [ 51.29184, 44.614488 ], [ 51.257986, 44.68891 ], [ 51.234386, 44.719062 ], [ 51.200938, 44.740912 ], [ 51.12086, 44.778266 ], [ 51.110606, 44.785468 ], [ 51.10377, 44.79206 ], [ 51.096039, 44.796861 ], [ 51.060232, 44.800238 ], [ 51.049571, 44.803453 ], [ 51.045177, 44.809638 ], [ 51.03419, 44.817857 ], [ 50.970714, 44.847154 ], [ 50.962413, 44.863674 ], [ 50.959972, 44.886461 ], [ 50.965505, 44.906684 ], [ 50.980805, 44.915432 ], [ 50.989757, 44.918931 ], [ 50.993826, 44.927151 ], [ 50.993988, 44.936469 ], [ 50.991059, 44.943345 ], [ 50.979666, 44.948717 ], [ 50.965994, 44.949449 ], [ 50.954356, 44.952216 ], [ 50.949555, 44.963813 ], [ 50.959321, 44.978827 ], [ 50.982188, 44.989488 ], [ 51.008556, 44.995836 ], [ 51.028331, 44.997992 ], [ 51.053559, 44.995429 ], [ 51.065196, 44.997016 ], [ 51.079356, 45.004828 ], [ 51.086274, 45.011461 ], [ 51.09783, 45.025295 ], [ 51.107188, 45.032172 ], [ 51.150238, 45.053616 ], [ 51.174571, 45.062201 ], [ 51.196544, 45.065619 ], [ 51.213552, 45.057563 ], [ 51.231619, 45.040676 ], [ 51.25115, 45.026068 ], [ 51.27296, 45.024644 ], [ 51.281749, 45.037543 ], [ 51.274913, 45.05683 ], [ 51.260753, 45.076606 ], [ 51.247813, 45.090481 ], [ 51.243419, 45.10106 ], [ 51.247732, 45.112982 ], [ 51.254405, 45.124661 ], [ 51.257986, 45.134508 ], [ 51.256521, 45.141303 ], [ 51.248302, 45.156684 ], [ 51.244395, 45.161811 ], [ 51.251231, 45.175482 ], [ 51.263194, 45.192572 ], [ 51.29363, 45.225491 ], [ 51.299571, 45.240953 ], [ 51.309255, 45.25731 ], [ 51.397227, 45.332587 ], [ 51.406098, 45.348578 ], [ 51.409516, 45.371039 ], [ 51.415701, 45.38996 ], [ 51.429942, 45.380927 ], [ 51.456716, 45.347398 ], [ 51.493907, 45.334703 ], [ 51.543712, 45.334906 ], [ 51.592947, 45.344713 ], [ 51.62794, 45.36107 ], [ 51.658702, 45.385321 ], [ 51.667735, 45.389553 ], [ 51.690196, 45.388617 ], [ 51.699962, 45.392076 ], [ 51.714854, 45.409654 ], [ 51.72641, 45.429389 ], [ 51.739513, 45.446845 ], [ 51.758311, 45.457261 ], [ 51.770356, 45.44774 ], [ 51.781423, 45.434231 ], [ 51.789317, 45.419338 ], [ 51.792491, 45.405463 ], [ 51.878429, 45.395209 ], [ 51.894298, 45.390855 ], [ 51.921153, 45.371649 ], [ 51.940115, 45.367336 ], [ 51.957774, 45.371649 ], [ 51.990082, 45.390855 ], [ 52.0088, 45.395209 ], [ 52.031423, 45.393012 ], [ 52.072032, 45.383612 ], [ 52.094086, 45.381537 ], [ 52.403087, 45.40941 ], [ 52.445811, 45.40058 ], [ 52.519298, 45.408881 ], [ 52.566661, 45.400702 ], [ 52.735199, 45.347846 ], [ 52.835134, 45.336656 ], [ 52.88502, 45.318305 ], [ 52.909679, 45.31269 ], [ 53.002208, 45.320136 ], [ 53.028494, 45.316474 ], [ 53.083344, 45.301663 ], [ 53.108246, 45.299628 ], [ 53.129242, 45.304877 ], [ 53.170909, 45.322496 ], [ 53.194347, 45.326361 ], [ 53.20045, 45.328437 ], [ 53.212413, 45.338039 ], [ 53.21811, 45.340562 ], [ 53.242849, 45.335395 ], [ 53.245453, 45.333808 ], [ 53.252208, 45.336982 ], [ 53.261241, 45.342841 ], [ 53.267345, 45.350898 ], [ 53.26588, 45.36107 ], [ 53.247569, 45.369696 ], [ 53.142914, 45.383979 ], [ 53.134532, 45.389594 ], [ 53.128673, 45.396389 ], [ 53.121918, 45.402045 ], [ 53.112071, 45.406155 ], [ 53.081716, 45.408881 ], [ 53.035655, 45.418769 ], [ 52.909679, 45.463446 ], [ 52.885102, 45.467475 ], [ 52.875743, 45.471137 ], [ 52.85727, 45.488715 ], [ 52.850108, 45.494208 ], [ 52.840668, 45.49726 ], [ 52.80421, 45.501044 ], [ 52.755219, 45.516791 ], [ 52.738455, 45.52558 ], [ 52.743419, 45.538316 ], [ 52.738048, 45.546942 ], [ 52.731944, 45.554145 ], [ 52.73463, 45.562812 ], [ 52.742686, 45.573432 ], [ 52.743012, 45.580797 ], [ 52.740245, 45.587836 ], [ 52.738455, 45.597235 ], [ 52.740001, 45.620836 ], [ 52.745616, 45.639146 ], [ 52.757091, 45.651068 ], [ 52.77589, 45.65526 ], [ 52.792247, 45.662909 ], [ 52.803884, 45.680732 ], [ 52.820323, 45.717353 ], [ 52.858735, 45.764838 ], [ 52.875499, 45.778795 ], [ 52.886241, 45.783677 ], [ 52.910899, 45.790513 ], [ 52.919932, 45.796129 ], [ 52.954356, 45.830308 ], [ 52.967459, 45.847805 ], [ 52.986583, 45.886135 ], [ 53.002208, 45.906073 ], [ 53.031261, 45.927395 ], [ 53.04005, 45.936469 ], [ 53.04477, 45.945054 ], [ 53.053966, 45.967231 ], [ 53.060395, 45.978013 ], [ 53.081798, 46.005113 ], [ 53.086599, 46.020494 ], [ 53.081716, 46.038804 ], [ 53.081716, 46.03266 ], [ 53.076996, 46.047838 ], [ 53.082367, 46.060736 ], [ 53.105235, 46.083889 ], [ 53.11378, 46.097846 ], [ 53.118419, 46.114325 ], [ 53.127615, 46.183295 ], [ 53.156749, 46.272284 ], [ 53.156749, 46.341702 ], [ 53.128266, 46.393948 ], [ 53.082856, 46.434963 ], [ 53.032563, 46.470893 ], [ 53.053233, 46.468695 ], [ 53.083181, 46.450141 ], [ 53.102061, 46.443549 ], [ 53.102061, 46.450995 ], [ 53.084158, 46.46015 ], [ 53.07545, 46.475653 ], [ 53.075043, 46.494208 ], [ 53.081716, 46.512437 ], [ 53.063243, 46.505845 ], [ 53.040782, 46.49018 ], [ 53.017833, 46.478664 ], [ 52.998383, 46.484565 ], [ 52.996593, 46.504788 ], [ 53.009613, 46.531684 ], [ 53.04005, 46.57392 ], [ 53.041759, 46.555365 ], [ 53.05421, 46.5456 ], [ 53.071788, 46.544745 ], [ 53.087901, 46.553412 ], [ 53.095714, 46.568345 ], [ 53.100108, 46.605129 ], [ 53.108246, 46.621731 ], [ 53.117686, 46.601508 ], [ 53.125743, 46.606635 ], [ 53.133637, 46.622707 ], [ 53.142426, 46.635321 ], [ 53.152029, 46.637681 ], [ 53.174978, 46.634955 ], [ 53.184093, 46.635321 ], [ 53.195811, 46.639838 ], [ 53.200531, 46.643297 ], [ 53.2046, 46.655829 ], [ 53.207774, 46.695014 ], [ 53.188162, 46.718004 ], [ 53.156912, 46.728909 ], [ 53.125743, 46.731594 ], [ 53.105805, 46.73725 ], [ 53.099457, 46.751125 ], [ 53.102061, 46.783108 ], [ 53.083507, 46.853258 ], [ 53.064789, 46.879462 ], [ 53.060395, 46.89232 ], [ 53.051931, 46.898424 ], [ 53.009044, 46.894843 ], [ 52.992198, 46.895453 ], [ 52.974132, 46.908433 ], [ 52.935557, 46.94892 ], [ 52.919932, 46.957465 ], [ 52.875011, 46.956773 ], [ 52.782725, 46.943834 ], [ 52.727387, 46.950019 ], [ 52.614757, 46.950019 ], [ 52.590343, 46.954413 ], [ 52.571544, 46.962226 ], [ 52.536957, 46.988837 ], [ 52.519379, 46.994208 ], [ 52.455903, 47.001166 ], [ 52.436778, 46.999091 ], [ 52.427257, 46.99018 ], [ 52.42335, 46.979071 ], [ 52.423106, 46.953803 ], [ 52.419281, 46.943996 ], [ 52.374034, 46.903632 ], [ 52.357188, 46.893622 ], [ 52.262218, 46.870103 ], [ 52.235037, 46.868883 ], [ 52.201834, 46.885443 ], [ 52.188813, 46.883775 ], [ 52.180675, 46.875556 ], [ 52.182872, 46.861884 ], [ 52.189464, 46.85871 ], [ 52.215831, 46.85163 ], [ 52.224376, 46.848293 ], [ 52.230642, 46.841946 ], [ 52.237315, 46.832343 ], [ 52.242686, 46.821194 ], [ 52.244884, 46.810045 ], [ 52.238943, 46.80683 ], [ 52.112559, 46.81273 ], [ 52.087901, 46.82095 ], [ 52.078136, 46.825751 ], [ 52.071788, 46.830024 ], [ 52.06837, 46.837388 ], [ 52.067393, 46.851386 ], [ 52.06186, 46.850043 ], [ 52.049571, 46.856879 ], [ 52.017263, 46.880683 ], [ 52.007009, 46.885077 ], [ 52.000011, 46.89057 ], [ 51.997895, 46.902899 ], [ 52.003591, 46.909613 ], [ 52.014496, 46.917222 ], [ 52.022472, 46.926215 ], [ 52.018891, 46.936998 ], [ 51.999034, 46.940985 ], [ 51.981212, 46.923326 ], [ 51.960704, 46.88581 ], [ 51.941417, 46.87995 ], [ 51.909679, 46.88109 ], [ 51.87672, 46.886949 ], [ 51.853852, 46.895453 ], [ 51.885427, 46.924465 ], [ 51.895518, 46.930813 ], [ 51.874034, 46.935614 ], [ 51.84962, 46.928209 ], [ 51.806, 46.909084 ], [ 51.784923, 46.909125 ], [ 51.763682, 46.915717 ], [ 51.743907, 46.926825 ], [ 51.727712, 46.940416 ], [ 51.68922, 46.961493 ], [ 51.675792, 46.978583 ], [ 51.696056, 47.021186 ], [ 51.694021, 47.041734 ], [ 51.680186, 47.057034 ], [ 51.655284, 47.059882 ], [ 51.635753, 47.048774 ], [ 51.626801, 47.029283 ], [ 51.621104, 47.007392 ], [ 51.611013, 46.988837 ], [ 51.592296, 46.98725 ], [ 51.572032, 47.004828 ], [ 51.546072, 47.040025 ], [ 51.527192, 47.052965 ], [ 51.502615, 47.061347 ], [ 51.437836, 47.069159 ], [ 51.381847, 47.083686 ], [ 51.253591, 47.102973 ], [ 51.212576, 47.120917 ], [ 51.187022, 47.116889 ], [ 51.141856, 47.094672 ], [ 51.102712, 47.080471 ], [ 50.970714, 47.059882 ], [ 50.951915, 47.052191 ], [ 50.922862, 47.02497 ], [ 50.905447, 47.018948 ], [ 50.890798, 47.022284 ], [ 50.868337, 47.03677 ], [ 50.857432, 47.040025 ], [ 50.846528, 47.03677 ], [ 50.840587, 47.029486 ], [ 50.839529, 47.022284 ], [ 50.843761, 47.018948 ], [ 50.838145, 47.009914 ], [ 50.757823, 46.915513 ], [ 50.740571, 46.906155 ], [ 50.730479, 46.923326 ], [ 50.733897, 46.934963 ], [ 50.753184, 46.955064 ], [ 50.757823, 46.968004 ], [ 50.752126, 46.974677 ], [ 50.739513, 46.969224 ], [ 50.703787, 46.942694 ], [ 50.678233, 46.932685 ], [ 50.651378, 46.92829 ], [ 50.631114, 46.933905 ], [ 50.616059, 46.935614 ], [ 50.610362, 46.915269 ], [ 50.606944, 46.868109 ], [ 50.598643, 46.852444 ], [ 50.58546, 46.837226 ], [ 50.569102, 46.829047 ], [ 50.551606, 46.834621 ], [ 50.569835, 46.852362 ], [ 50.580821, 46.867621 ], [ 50.578136, 46.878363 ], [ 50.555431, 46.882392 ], [ 50.521332, 46.874661 ], [ 50.514415, 46.871812 ], [ 50.502778, 46.863593 ], [ 50.493663, 46.86579 ], [ 50.486176, 46.872016 ], [ 50.45338, 46.89175 ], [ 50.443044, 46.895453 ], [ 50.434744, 46.896877 ], [ 50.430186, 46.896715 ], [ 50.425141, 46.892727 ], [ 50.415782, 46.882392 ], [ 50.383637, 46.817776 ], [ 50.367361, 46.806627 ], [ 50.372081, 46.819322 ], [ 50.374278, 46.854438 ], [ 50.36085, 46.846503 ], [ 50.353038, 46.834866 ], [ 50.347341, 46.822821 ], [ 50.340017, 46.813463 ], [ 50.333018, 46.811021 ], [ 50.314138, 46.809312 ], [ 50.305919, 46.806627 ], [ 50.298676, 46.801947 ], [ 50.2942, 46.797919 ], [ 50.251475, 46.742418 ], [ 50.230968, 46.72602 ], [ 50.213145, 46.728176 ], [ 50.213145, 46.737738 ], [ 50.2199, 46.75019 ], [ 50.223155, 46.761054 ], [ 50.213145, 46.765692 ], [ 50.200369, 46.763088 ], [ 50.168793, 46.749091 ], [ 50.079356, 46.683783 ], [ 50.050792, 46.649604 ], [ 50.034028, 46.635159 ], [ 50.014171, 46.629136 ], [ 49.976573, 46.632229 ], [ 49.962657, 46.629136 ], [ 49.95281, 46.623684 ], [ 49.937185, 46.607896 ], [ 49.928559, 46.601264 ], [ 49.893321, 46.590766 ], [ 49.882335, 46.575873 ], [ 49.8685, 46.575588 ], [ 49.839692, 46.580756 ], [ 49.82545, 46.571479 ], [ 49.823253, 46.55329 ], [ 49.817393, 46.540432 ], [ 49.79184, 46.547268 ], [ 49.779552, 46.561835 ], [ 49.771332, 46.567084 ], [ 49.760916, 46.563381 ], [ 49.760916, 46.541734 ], [ 49.757498, 46.531684 ], [ 49.747325, 46.536322 ], [ 49.726817, 46.554592 ], [ 49.713634, 46.561428 ], [ 49.702647, 46.560248 ], [ 49.700857, 46.552476 ], [ 49.704356, 46.527167 ], [ 49.702647, 46.519273 ], [ 49.637706, 46.577338 ], [ 49.622569, 46.582831 ], [ 49.61964, 46.563788 ], [ 49.626801, 46.519273 ], [ 49.608084, 46.527004 ], [ 49.597667, 46.521145 ], [ 49.590017, 46.509223 ], [ 49.578949, 46.498847 ], [ 49.570649, 46.521918 ], [ 49.557872, 46.534369 ], [ 49.498057, 46.552802 ], [ 49.480805, 46.560614 ], [ 49.469737, 46.573554 ], [ 49.469086, 46.594387 ], [ 49.469249, 46.562649 ], [ 49.472341, 46.546617 ], [ 49.486176, 46.534654 ], [ 49.496593, 46.509019 ], [ 49.50408, 46.498847 ], [ 49.492849, 46.499579 ], [ 49.475597, 46.50495 ], [ 49.465668, 46.506293 ], [ 49.456798, 46.509589 ], [ 49.45753, 46.517279 ], [ 49.461681, 46.52619 ], [ 49.46225, 46.532945 ], [ 49.458263, 46.53677 ], [ 49.438487, 46.55036 ], [ 49.428966, 46.554877 ], [ 49.423676, 46.550523 ], [ 49.421641, 46.543524 ], [ 49.421397, 46.53974 ], [ 49.389496, 46.544013 ], [ 49.353852, 46.553534 ], [ 49.323009, 46.568061 ], [ 49.305349, 46.587592 ], [ 49.312999, 46.562079 ], [ 49.378591, 46.510199 ], [ 49.394216, 46.478339 ], [ 49.374522, 46.484076 ], [ 49.337576, 46.485256 ], [ 49.333263, 46.484565 ], [ 49.319184, 46.49726 ], [ 49.309581, 46.512274 ], [ 49.297862, 46.523749 ], [ 49.278087, 46.525458 ], [ 49.278087, 46.519273 ], [ 49.294688, 46.508002 ], [ 49.297618, 46.486884 ], [ 49.303559, 46.466457 ], [ 49.329438, 46.457221 ], [ 49.366873, 46.429877 ], [ 49.37086, 46.420885 ], [ 49.372732, 46.410386 ], [ 49.37143, 46.399359 ], [ 49.366873, 46.388983 ], [ 49.325694, 46.410346 ], [ 49.306326, 46.423896 ], [ 49.291759, 46.437405 ], [ 49.277843, 46.453803 ], [ 49.266287, 46.464057 ], [ 49.250336, 46.469387 ], [ 49.223399, 46.470893 ], [ 49.23463, 46.464748 ], [ 49.243175, 46.458564 ], [ 49.24879, 46.449205 ], [ 49.250743, 46.433661 ], [ 49.255382, 46.42414 ], [ 49.291759, 46.39643 ], [ 49.287852, 46.394721 ], [ 49.278087, 46.388983 ], [ 49.263845, 46.396145 ], [ 49.184906, 46.413804 ], [ 49.173595, 46.41352 ], [ 49.168224, 46.40941 ], [ 49.170421, 46.399115 ], [ 49.178396, 46.392808 ], [ 49.188975, 46.389716 ], [ 49.199229, 46.388983 ], [ 49.215831, 46.380316 ], [ 49.222179, 46.361274 ], [ 49.223888, 46.342271 ], [ 49.22641, 46.333686 ], [ 49.227061, 46.327948 ], [ 49.227131, 46.327879 ], [ 49.033162, 46.404895 ], [ 48.959884, 46.445254 ], [ 48.917975, 46.474322 ], [ 48.897046, 46.482177 ], [ 48.868727, 46.482358 ], [ 48.844129, 46.478534 ], [ 48.819635, 46.479257 ], [ 48.758553, 46.513131 ], [ 48.732922, 46.534034 ], [ 48.705016, 46.550441 ], [ 48.665225, 46.557185 ], [ 48.573241, 46.55827 ], [ 48.539393, 46.56796 ], [ 48.563009, 46.591317 ], [ 48.546886, 46.599276 ], [ 48.541925, 46.613254 ], [ 48.539238, 46.627956 ], [ 48.53004, 46.638188 ], [ 48.493453, 46.653484 ], [ 48.474023, 46.65922 ], [ 48.455109, 46.660796 ], [ 48.479087, 46.683457 ], [ 48.505752, 46.732601 ], [ 48.556705, 46.761746 ], [ 48.6182, 46.770428 ], [ 48.676594, 46.758026 ], [ 48.697265, 46.745081 ], [ 48.712664, 46.728777 ], [ 48.739536, 46.690562 ], [ 48.764031, 46.682836 ], [ 48.91689, 46.702577 ], [ 48.948102, 46.71994 ], [ 49.00629, 46.76911 ], [ 48.697265, 47.100976 ], [ 48.546163, 47.369435 ], [ 48.535828, 47.393491 ], [ 48.525079, 47.410234 ], [ 48.5103, 47.417443 ], [ 48.473196, 47.420414 ], [ 48.437539, 47.429199 ], [ 48.411081, 47.445761 ], [ 48.360955, 47.492942 ], [ 48.360593, 47.493097 ], [ 48.174351, 47.712851 ], [ 48.112494, 47.748508 ], [ 48.044488, 47.769695 ], [ 48.0, 47.769232038818913 ], [ 48.0, 50.17030766736783 ], [ 48.000356, 50.169704 ], [ 48.005059, 50.156009 ], [ 48.012242, 50.142108 ], [ 48.024748, 50.131256 ], [ 48.074564, 50.105263 ], [ 48.096371, 50.078546 ], [ 48.105983, 50.050641 ], [ 48.112494, 50.021961 ], [ 48.12531, 49.99297 ], [ 48.132235, 49.98372 ], [ 48.142363, 49.963773 ], [ 48.149288, 49.954936 ], [ 48.160863, 49.946461 ], [ 48.200448, 49.925016 ], [ 48.219878, 49.901503 ], [ 48.227113, 49.879489 ], [ 48.239308, 49.864761 ], [ 48.274035, 49.863056 ], [ 48.30287, 49.866725 ], [ 48.312172, 49.863572 ], [ 48.359508, 49.833962 ], [ 48.417592, 49.811689 ], [ 48.429891, 49.809674 ], [ 48.44281, 49.814997 ], [ 48.465858, 49.835822 ], [ 48.479087, 49.84316 ], [ 48.683519, 49.895457 ], [ 48.784598, 49.933387 ], [ 48.862009, 49.992919 ], [ 48.878184, 50.010023 ], [ 48.885677, 50.019894 ], [ 48.885884, 50.030436 ], [ 48.874102, 50.069813 ], [ 48.865523, 50.086195 ], [ 48.851829, 50.097253 ], [ 48.782841, 50.111464 ], [ 48.780981, 50.137561 ], [ 48.789042, 50.173011 ], [ 48.770955, 50.211045 ], [ 48.728891, 50.265408 ], [ 48.701296, 50.334603 ], [ 48.674424, 50.47847 ], [ 48.678661, 50.548544 ], [ 48.67339, 50.579549 ], [ 48.648482, 50.601564 ], [ 48.597426, 50.608023 ], [ 48.572931, 50.61686 ], [ 48.56828, 50.636549 ], [ 48.58399, 50.649623 ], [ 48.608795, 50.647917 ], [ 48.739588, 50.597533 ], [ 48.786252, 50.590608 ], [ 48.830435, 50.596034 ], [ 49.012698, 50.683419 ], [ 49.102408, 50.757988 ], [ 49.144059, 50.781708 ], [ 49.283689, 50.803722 ], [ 49.36942, 50.82677 ], [ 49.408436, 50.848267 ], [ 49.423732, 50.882063 ], [ 49.40549, 50.913534 ], [ 49.371539, 50.939424 ], [ 49.347354, 50.96428 ], [ 49.359137, 50.992651 ], [ 49.383321, 51.019393 ], [ 49.392726, 51.034199 ], [ 49.401046, 51.067091 ], [ 49.410606, 51.085539 ], [ 49.423112, 51.101998 ], [ 49.436548, 51.112333 ], [ 49.460112, 51.116158 ], [ 49.539746, 51.100784 ], [ 49.779059, 51.102179 ], [ 49.795906, 51.109569 ], [ 49.842828, 51.150677 ], [ 49.98685, 51.22982 ], [ 50.02876, 51.242997 ], [ 50.207457, 51.265942 ], [ 50.325383, 51.303459 ], [ 50.342281, 51.312735 ], [ 50.348947, 51.322605 ], [ 50.347448, 51.33524 ], [ 50.34042, 51.352861 ], [ 50.337578, 51.372033 ], [ 50.346725, 51.381206 ], [ 50.361866, 51.387381 ], [ 50.376232, 51.397019 ], [ 50.372925, 51.40105 ], [ 50.36445, 51.406915 ], [ 50.359592, 51.413323 ], [ 50.367447, 51.418956 ], [ 50.379643, 51.421152 ], [ 50.439226, 51.423012 ], [ 50.457467, 51.426888 ], [ 50.471058, 51.436112 ], [ 50.478965, 51.453734 ], [ 50.502684, 51.456137 ], [ 50.518342, 51.459754 ], [ 50.527231, 51.470089 ], [ 50.531365, 51.492698 ], [ 50.522166, 51.550756 ], [ 50.52537, 51.565587 ], [ 50.542837, 51.57737 ], [ 50.561854, 51.580651 ], [ 50.575703, 51.588428 ], [ 50.577615, 51.613362 ], [ 50.581698, 51.635299 ], [ 50.599836, 51.634731 ], [ 50.639265, 51.616179 ], [ 50.685774, 51.615636 ], [ 50.694197, 51.611166 ], [ 50.675025, 51.594397 ], [ 50.658696, 51.576181 ], [ 50.670891, 51.567525 ], [ 50.696523, 51.565587 ], [ 50.719984, 51.567422 ], [ 50.764322, 51.578662 ], [ 50.790677, 51.597291 ], [ 50.794501, 51.625971 ], [ 50.747372, 51.709041 ], [ 50.744168, 51.742373 ], [ 50.767009, 51.7594 ], [ 50.820856, 51.752553 ], [ 50.839253, 51.745525 ], [ 50.857753, 51.735293 ], [ 50.873669, 51.721883 ], [ 50.884315, 51.705553 ], [ 50.900748, 51.68713 ], [ 50.925449, 51.679689 ], [ 51.169775, 51.669483 ], [ 51.190239, 51.674108 ], [ 51.212564, 51.681756 ], [ 51.233854, 51.685477 ], [ 51.251838, 51.678526 ], [ 51.276229, 51.651603 ], [ 51.288425, 51.64287 ], [ 51.308475, 51.637056 ], [ 51.352503, 51.636229 ], [ 51.371934, 51.629589 ], [ 51.381959, 51.609797 ], [ 51.381132, 51.587059 ], [ 51.373174, 51.571608 ], [ 51.358963, 51.561479 ], [ 51.339171, 51.55502 ], [ 51.241657, 51.543702 ], [ 51.236541, 51.535899 ], [ 51.247807, 51.521094 ], [ 51.263827, 51.504893 ], [ 51.273025, 51.492879 ], [ 51.273025, 51.492595 ], [ 51.304238, 51.47164 ], [ 51.379478, 51.467092 ], [ 51.461851, 51.475283 ], [ 51.514974, 51.492698 ], [ 51.532079, 51.508407 ], [ 51.54474, 51.524117 ], [ 51.559829, 51.534582 ], [ 51.584324, 51.534918 ], [ 51.609955, 51.527734 ], [ 51.620497, 51.518691 ], [ 51.622978, 51.504248 ], [ 51.624425, 51.481019 ], [ 51.647369, 51.451228 ], [ 51.693309, 51.454096 ], [ 51.744314, 51.473448 ], [ 51.782296, 51.492853 ], [ 51.782968, 51.529827 ], [ 51.767775, 51.562978 ], [ 51.764726, 51.593312 ], [ 51.820175, 51.632974 ], [ 51.850871, 51.661654 ], [ 51.869164, 51.673074 ], [ 51.896759, 51.679741 ], [ 51.924768, 51.678268 ], [ 51.952518, 51.670956 ], [ 51.978615, 51.660362 ], [ 52.004557, 51.654859 ], [ 52.035252, 51.652404 ], [ 52.065948, 51.653437 ], [ 52.091786, 51.658708 ], [ 52.11101, 51.67031 ], [ 52.133334, 51.702039 ], [ 52.14801, 51.716069 ], [ 52.174107, 51.725242 ], [ 52.230176, 51.722451 ], [ 52.258184, 51.724208 ], [ 52.279578, 51.735345 ], [ 52.292239, 51.765627 ], [ 52.307794, 51.774541 ], [ 52.334872, 51.763715 ], [ 52.352132, 51.730203 ], [ 52.364586, 51.690283 ], [ 52.37766, 51.660104 ], [ 52.44453, 51.580186 ], [ 52.472435, 51.515022 ], [ 52.478843, 51.504868 ], [ 52.490212, 51.492595 ], [ 52.505818, 51.478874 ], [ 52.52499, 51.467531 ], [ 52.545815, 51.459522 ], [ 52.55367, 51.457971 ], [ 52.575064, 51.467144 ], [ 52.663689, 51.463449 ], [ 52.668547, 51.455129 ], [ 52.679812, 51.459005 ], [ 52.692318, 51.468436 ], [ 52.700896, 51.476756 ], [ 52.709475, 51.482078 ], [ 52.721464, 51.485153 ], [ 52.745545, 51.487013 ], [ 52.752573, 51.490476 ], [ 52.757327, 51.497943 ], [ 52.764665, 51.505255 ], [ 52.779755, 51.508123 ], [ 52.789677, 51.504764 ], [ 52.810967, 51.490734 ], [ 52.820682, 51.487013 ], [ 52.876286, 51.490088 ], [ 52.896543, 51.485282 ], [ 52.882797, 51.467144 ], [ 52.903365, 51.464999 ], [ 52.929203, 51.455362 ], [ 52.944292, 51.452881 ], [ 52.959795, 51.455853 ], [ 52.973231, 51.463604 ], [ 52.98584, 51.472699 ], [ 52.998863, 51.480192 ], [ 53.037103, 51.489726 ], [ 53.157199, 51.487013 ], [ 53.148621, 51.504764 ], [ 53.153272, 51.512671 ], [ 53.165778, 51.514557 ], [ 53.181074, 51.514299 ], [ 53.190479, 51.51249 ], [ 53.19513, 51.508046 ], [ 53.198644, 51.502439 ], [ 53.204948, 51.49722 ], [ 53.214147, 51.494765 ], [ 53.220555, 51.49647 ], [ 53.226032, 51.499493 ], [ 53.232234, 51.500682 ], [ 53.307371, 51.493835 ], [ 53.322357, 51.495333 ], [ 53.346335, 51.503033 ], [ 53.366902, 51.493602 ], [ 53.369486, 51.493886 ], [ 53.407313, 51.484171 ], [ 53.419199, 51.474895 ], [ 53.439663, 51.45115 ], [ 53.453409, 51.4419 ], [ 53.555418, 51.415519 ], [ 53.597483, 51.397174 ], [ 53.610298, 51.388415 ], [ 53.617946, 51.372137 ], [ 53.609368, 51.364101 ], [ 53.574435, 51.353223 ], [ 53.593245, 51.339115 ], [ 53.593142, 51.322605 ], [ 53.588594, 51.305345 ], [ 53.594072, 51.289429 ], [ 53.627972, 51.267776 ], [ 53.642544, 51.255426 ], [ 53.649366, 51.237339 ], [ 53.67386, 51.219872 ], [ 53.857725, 51.184603 ], [ 53.908988, 51.190442 ], [ 53.93586, 51.185611 ], [ 53.974721, 51.16649 ], [ 53.994047, 51.15339 ], [ 54.017612, 51.119077 ], [ 54.039833, 51.11037 ], [ 54.091923, 51.105228 ], [ 54.11156, 51.096004 ], [ 54.120138, 51.081173 ], [ 54.129957, 51.042338 ], [ 54.138328, 51.028643 ], [ 54.145666, 51.019652 ], [ 54.149077, 51.009652 ], [ 54.145356, 50.992651 ], [ 54.176569, 50.967898 ], [ 54.194035, 50.958183 ], [ 54.233516, 50.943093 ], [ 54.247675, 50.931001 ], [ 54.260284, 50.91741 ], [ 54.275787, 50.904284 ], [ 54.300075, 50.894724 ], [ 54.381001, 50.885422 ], [ 54.391646, 50.880513 ], [ 54.409939, 50.868731 ], [ 54.419655, 50.864493 ], [ 54.464303, 50.858034 ], [ 54.478566, 50.853486 ], [ 54.485904, 50.845115 ], [ 54.487867, 50.835555 ], [ 54.485284, 50.825426 ], [ 54.478566, 50.815711 ], [ 54.421928, 50.768685 ], [ 54.414384, 50.74848 ], [ 54.41242, 50.704038 ], [ 54.407149, 50.684814 ], [ 54.385341, 50.639442 ], [ 54.37976, 50.619444 ], [ 54.383584, 50.59991 ], [ 54.399501, 50.578671 ], [ 54.435778, 50.54751 ], [ 54.455725, 50.535521 ], [ 54.478566, 50.525961 ], [ 54.499443, 50.523274 ], [ 54.545517, 50.530519 ], [ 54.550706, 50.531335 ], [ 54.591427, 50.542342 ], [ 54.647548, 50.573245 ], [ 54.67628, 50.602545 ], [ 54.673593, 50.634326 ], [ 54.639073, 50.706984 ], [ 54.638659, 50.728016 ], [ 54.650958, 50.765636 ], [ 54.650235, 50.786307 ], [ 54.645377, 50.792663 ], [ 54.630184, 50.80367 ], [ 54.626877, 50.811577 ], [ 54.629874, 50.82031 ], [ 54.645997, 50.837725 ], [ 54.651785, 50.846252 ], [ 54.638246, 50.885732 ], [ 54.583676, 50.905679 ], [ 54.526005, 50.916428 ], [ 54.502957, 50.928262 ], [ 54.515876, 50.937254 ], [ 54.534686, 50.94361 ], [ 54.545952, 50.953273 ], [ 54.525281, 50.991101 ], [ 54.533756, 51.003245 ], [ 54.55267, 51.010169 ], [ 54.638246, 51.027687 ], [ 54.662224, 51.027894 ], [ 54.685788, 51.023553 ], [ 54.706872, 51.016293 ], [ 54.74625, 50.992961 ], [ 54.811672, 50.972394 ], [ 54.831206, 50.95932 ], [ 54.861281, 50.933895 ], [ 54.894251, 50.912397 ], [ 55.04773, 50.884234 ], [ 55.063233, 50.862168 ], [ 55.061373, 50.822687 ], [ 55.084007, 50.796901 ], [ 55.305389, 50.664971 ], [ 55.329366, 50.655152 ], [ 55.347763, 50.65138 ], [ 55.366057, 50.652465 ], [ 55.415976, 50.661405 ], [ 55.442331, 50.661663 ], [ 55.467756, 50.656961 ], [ 55.491114, 50.64585 ], [ 55.505686, 50.630244 ], [ 55.513748, 50.614018 ], [ 55.52429, 50.600685 ], [ 55.570385, 50.588334 ], [ 55.586198, 50.578413 ], [ 55.616791, 50.549939 ], [ 55.659992, 50.530043 ], [ 55.694305, 50.538777 ], [ 55.764895, 50.586836 ], [ 55.932327, 50.646522 ], [ 56.078881, 50.72476 ], [ 56.100069, 50.74786 ], [ 56.137379, 50.868782 ], [ 56.147508, 50.892295 ], [ 56.15836, 50.905524 ], [ 56.174896, 50.908677 ], [ 56.258199, 50.884492 ], [ 56.288584, 50.880306 ], [ 56.315456, 50.88382 ], [ 56.335713, 50.895861 ], [ 56.343878, 50.911416 ], [ 56.350493, 50.948002 ], [ 56.364962, 50.957873 ], [ 56.415812, 50.962679 ], [ 56.432038, 50.976218 ], [ 56.431935, 50.989809 ], [ 56.420359, 51.018644 ], [ 56.421186, 51.033527 ], [ 56.430695, 51.045438 ], [ 56.446508, 51.056575 ], [ 56.47834, 51.073034 ], [ 56.508003, 51.066264 ], [ 56.596576, 50.984021 ], [ 56.616626, 50.978336 ], [ 56.688353, 50.969138 ], [ 56.707474, 50.97043 ], [ 56.709644, 50.981592 ], [ 56.702719, 50.99818 ], [ 56.682462, 51.03053 ], [ 56.680292, 51.049779 ], [ 56.694554, 51.063499 ], [ 56.716052, 51.072465 ], [ 56.735586, 51.077581 ], [ 56.76008, 51.080242 ], [ 56.776307, 51.075979 ], [ 56.813617, 51.05704 ], [ 56.838628, 51.051407 ], [ 56.865087, 51.051769 ], [ 56.891235, 51.056575 ], [ 56.915833, 51.064171 ], [ 56.941051, 51.068331 ], [ 57.02518, 51.062672 ], [ 57.072413, 51.069726 ], [ 57.137938, 51.095875 ], [ 57.154475, 51.099957 ], [ 57.168221, 51.093782 ], [ 57.181243, 51.073499 ], [ 57.189925, 51.034845 ], [ 57.19747, 51.017352 ], [ 57.213593, 51.010117 ], [ 57.237157, 51.009497 ], [ 57.256277, 51.006035 ], [ 57.272917, 50.997457 ], [ 57.288523, 50.98123 ], [ 57.297618, 50.964952 ], [ 57.310124, 50.929347 ], [ 57.318909, 50.913224 ], [ 57.334309, 50.897411 ], [ 57.352706, 50.885991 ], [ 57.418128, 50.862375 ], [ 57.443036, 50.857775 ], [ 57.467634, 50.858499 ], [ 57.491405, 50.86687 ], [ 57.508872, 50.881288 ], [ 57.51993, 50.896584 ], [ 57.53285, 50.909969 ], [ 57.555897, 50.918754 ], [ 57.596205, 50.915705 ], [ 57.689222, 50.896739 ], [ 57.722399, 50.908728 ], [ 57.737282, 50.938236 ], [ 57.737902, 50.970895 ], [ 57.728186, 51.037093 ], [ 57.734388, 51.073886 ], [ 57.752888, 51.097477 ], [ 57.768804, 51.119672 ], [ 57.796193, 51.123263 ], [ 57.841771, 51.105796 ], [ 57.857688, 51.103393 ], [ 57.912258, 51.103393 ], [ 57.925074, 51.099647 ], [ 57.934065, 51.093963 ], [ 57.950085, 51.079209 ], [ 57.960214, 51.077478 ], [ 57.988429, 51.087425 ], [ 58.001658, 51.089777 ], [ 58.077312, 51.097942 ], [ 58.084134, 51.096624 ], [ 58.088785, 51.091921 ], [ 58.089715, 51.085617 ], [ 58.089611, 51.079622 ], [ 58.090955, 51.076108 ], [ 58.113693, 51.065179 ], [ 58.140564, 51.056652 ], [ 58.167643, 51.055179 ], [ 58.190587, 51.06554 ], [ 58.202369, 51.083446 ], [ 58.211464, 51.104944 ], [ 58.223763, 51.123134 ], [ 58.245261, 51.13073 ], [ 58.268102, 51.134554 ], [ 58.308409, 51.150031 ], [ 58.323396, 51.141944 ], [ 58.353575, 51.121997 ], [ 58.365977, 51.108923 ], [ 58.369284, 51.095074 ], [ 58.370835, 51.081922 ], [ 58.377966, 51.070656 ], [ 58.398016, 51.063706 ], [ 58.52049, 51.061949 ], [ 58.563484, 51.049262 ], [ 58.595007, 51.023372 ], [ 58.602655, 50.98123 ], [ 58.596351, 50.962472 ], [ 58.585292, 50.947796 ], [ 58.570822, 50.935962 ], [ 58.554389, 50.92542 ], [ 58.546534, 50.911932 ], [ 58.550152, 50.893277 ], [ 58.55997, 50.87519 ], [ 58.571443, 50.863511 ], [ 58.590459, 50.861083 ], [ 58.640999, 50.863408 ], [ 58.651231, 50.85328 ], [ 58.643893, 50.814677 ], [ 58.646683, 50.801293 ], [ 58.664357, 50.789924 ], [ 58.689782, 50.788374 ], [ 58.719547, 50.79349 ], [ 58.747762, 50.795092 ], [ 58.768433, 50.78269 ], [ 58.785073, 50.74972 ], [ 58.793961, 50.737679 ], [ 58.811531, 50.725484 ], [ 58.886772, 50.688948 ], [ 58.925943, 50.678148 ], [ 59.197451, 50.662749 ], [ 59.219362, 50.658356 ], [ 59.235691, 50.64461 ], [ 59.246957, 50.629624 ], [ 59.259049, 50.620374 ], [ 59.273312, 50.615981 ], [ 59.290778, 50.615465 ], [ 59.386483, 50.630347 ], [ 59.437643, 50.631123 ], [ 59.478157, 50.614379 ], [ 59.498104, 50.599703 ], [ 59.551021, 50.586009 ], [ 59.563423, 50.57986 ], [ 59.560426, 50.553815 ], [ 59.535311, 50.54658 ], [ 59.478157, 50.552419 ], [ 59.451699, 50.537278 ], [ 59.450769, 50.522292 ], [ 59.466272, 50.507357 ], [ 59.522806, 50.474646 ], [ 59.555052, 50.484361 ], [ 59.587711, 50.506169 ], [ 59.622231, 50.524101 ], [ 59.673081, 50.529527 ], [ 59.725481, 50.527666 ], [ 59.774677, 50.533712 ], [ 59.815708, 50.56291 ], [ 59.859219, 50.622544 ], [ 59.872035, 50.63598 ], [ 59.903971, 50.660268 ], [ 59.915133, 50.673807 ], [ 59.919577, 50.690912 ], [ 59.913893, 50.726 ], [ 59.914616, 50.745896 ], [ 59.920197, 50.763052 ], [ 59.962159, 50.829508 ], [ 59.969083, 50.837363 ], [ 59.978075, 50.843771 ], [ 60.021276, 50.854055 ], [ 60.083288, 50.857155 ], [ 60.136205, 50.844495 ], [ 60.152121, 50.807701 ], [ 60.154808, 50.770907 ], [ 60.176719, 50.742175 ], [ 60.209482, 50.719748 ], [ 60.245449, 50.701971 ], [ 60.300433, 50.684659 ], [ 60.718495, 50.652672 ], [ 60.818334, 50.662904 ], [ 61.095216, 50.722693 ], [ 61.372098, 50.782483 ], [ 61.404034, 50.802585 ], [ 61.426875, 50.833074 ], [ 61.441758, 50.874984 ], [ 61.456744, 50.965004 ], [ 61.465426, 50.992651 ], [ 61.513175, 51.159514 ], [ 61.534156, 51.206075 ], [ 61.567332, 51.233876 ], [ 61.61105, 51.24925 ], [ 61.663657, 51.258397 ], [ 61.646259, 51.263193 ], [ 61.59317, 51.277827 ], [ 61.562991, 51.295526 ], [ 61.538703, 51.323173 ], [ 61.498396, 51.400533 ], [ 61.478035, 51.421152 ], [ 61.473798, 51.425803 ], [ 61.437624, 51.432236 ], [ 61.393699, 51.449832 ], [ 61.356182, 51.459651 ], [ 61.342126, 51.458436 ], [ 61.318355, 51.45345 ], [ 61.304919, 51.452881 ], [ 61.291483, 51.455026 ], [ 61.25717, 51.467144 ], [ 61.232985, 51.470555 ], [ 61.164049, 51.467144 ], [ 61.141518, 51.469185 ], [ 61.101831, 51.478151 ], [ 61.08147, 51.480192 ], [ 61.048501, 51.4789 ], [ 61.038062, 51.480192 ], [ 61.02938, 51.482673 ], [ 61.023283, 51.485515 ], [ 61.018942, 51.488667 ], [ 61.015221, 51.492078 ], [ 61.010673, 51.496238 ], [ 61.003956, 51.500682 ], [ 60.970986, 51.515616 ], [ 60.958997, 51.524866 ], [ 60.944631, 51.544374 ], [ 60.937396, 51.55688 ], [ 60.934399, 51.56582 ], [ 60.933469, 51.598428 ], [ 60.937396, 51.611166 ], [ 60.921067, 51.611476 ], [ 60.515096, 51.61791 ], [ 60.505795, 51.61977 ], [ 60.499904, 51.627108 ], [ 60.498457, 51.637159 ], [ 60.495356, 51.646254 ], [ 60.484711, 51.651034 ], [ 60.37588, 51.662532 ], [ 60.355106, 51.671421 ], [ 60.356036, 51.692272 ], [ 60.371539, 51.705166 ], [ 60.418358, 51.719351 ], [ 60.437375, 51.728394 ], [ 60.441199, 51.736223 ], [ 60.440166, 51.753948 ], [ 60.44585, 51.760046 ], [ 60.465797, 51.769193 ], [ 60.475512, 51.776195 ], [ 60.47975, 51.784256 ], [ 60.452051, 51.805469 ], [ 60.274491, 51.832832 ], [ 60.171965, 51.880374 ], [ 60.138065, 51.888875 ], [ 60.12649, 51.879108 ], [ 60.117808, 51.863554 ], [ 60.09228, 51.854769 ], [ 60.060757, 51.85867 ], [ 60.040087, 51.871202 ], [ 59.994611, 51.936288 ], [ 59.985723, 51.952282 ], [ 59.987273, 51.968845 ], [ 60.00319, 51.992512 ], [ 60.029776, 51.99261 ], [ 60.202764, 51.992745 ], [ 60.213616578845226, 52.0 ], [ 79.036187193591545, 52.0 ], [ 79.042751, 51.992512 ], [ 79.042854, 51.992512 ], [ 79.042958, 51.992512 ], [ 79.149721, 51.867585 ], [ 79.256381, 51.742553 ], [ 79.304323, 51.686378 ], [ 79.363042, 51.617574 ], [ 79.469805, 51.492595 ], [ 79.559205, 51.372498 ], [ 79.648502, 51.252428 ], [ 79.738006, 51.132436 ], [ 79.827303, 51.012391 ], [ 79.873605, 50.950173 ], [ 79.926935, 50.878498 ], [ 79.955254, 50.825994 ], [ 79.966519, 50.810181 ], [ 79.990083, 50.788116 ], [ 80.021296, 50.766877 ], [ 80.054989, 50.752872 ], [ 80.085995, 50.752149 ], [ 80.031115, 50.808786 ], [ 80.015405, 50.839482 ], [ 80.049305, 50.852349 ], [ 80.066978, 50.846613 ], [ 80.101601, 50.82155 ], [ 80.119171, 50.814936 ], [ 80.142736, 50.817106 ], [ 80.154518, 50.827235 ], [ 80.16816, 50.859842 ], [ 80.181286, 50.875655 ], [ 80.195446, 50.882322 ], [ 80.234823, 50.893225 ], [ 80.243711, 50.898651 ], [ 80.258181, 50.911312 ], [ 80.267276, 50.915653 ], [ 80.279575, 50.917152 ], [ 80.320399, 50.914103 ], [ 80.36019, 50.919219 ], [ 80.402875, 50.93374 ], [ 80.439048, 50.958131 ], [ 80.459409, 50.992651 ], [ 80.46313, 51.007844 ], [ 80.46499, 51.025775 ], [ 80.464473, 51.043707 ], [ 80.461062, 51.058952 ], [ 80.451657, 51.073499 ], [ 80.424062, 51.092102 ], [ 80.410523, 51.10484 ], [ 80.407112, 51.117217 ], [ 80.407629, 51.135743 ], [ 80.413417, 51.168428 ], [ 80.421995, 51.187574 ], [ 80.434397, 51.200623 ], [ 80.452071, 51.207935 ], [ 80.476152, 51.20964 ], [ 80.561315, 51.202095 ], [ 80.599245, 51.208555 ], [ 80.612474, 51.233876 ], [ 80.614128, 51.249664 ], [ 80.621466, 51.264546 ], [ 80.632422, 51.277956 ], [ 80.645031, 51.289248 ], [ 80.664564, 51.300151 ], [ 80.682754, 51.302012 ], [ 80.816596, 51.261007 ], [ 80.842538, 51.257518 ], [ 80.854527, 51.264624 ], [ 80.864087, 51.275838 ], [ 80.882484, 51.284855 ], [ 80.905738, 51.283563 ], [ 80.914213, 51.270179 ], [ 80.91628, 51.235375 ], [ 80.924238, 51.216074 ], [ 80.936072, 51.205687 ], [ 80.976018, 51.191088 ], [ 81.022113, 51.177394 ], [ 81.044851, 51.173518 ], [ 81.070121, 51.171994 ], [ 81.098336, 51.190907 ], [ 81.112857, 51.195946 ], [ 81.132753, 51.194473 ], [ 81.152028, 51.186541 ], [ 81.158643, 51.174268 ], [ 81.155955, 51.157421 ], [ 81.14717, 51.13595 ], [ 81.080508, 51.030866 ], [ 81.05405, 50.969862 ], [ 81.051517, 50.955702 ], [ 81.058287, 50.947072 ], [ 81.077924, 50.940664 ], [ 81.104382, 50.936685 ], [ 81.158849, 50.938236 ], [ 81.277447, 50.962679 ], [ 81.400798, 50.959113 ], [ 81.401212, 50.922991 ], [ 81.416095, 50.88966 ], [ 81.439504, 50.859687 ], [ 81.466117, 50.833746 ], [ 81.444723, 50.813385 ], [ 81.42612, 50.788167 ], [ 81.418782, 50.762484 ], [ 81.431081, 50.740728 ], [ 81.460226, 50.730341 ], [ 81.674115, 50.736026 ], [ 81.697214, 50.745017 ], [ 81.72574, 50.774628 ], [ 81.744137, 50.784912 ], [ 81.763464, 50.784343 ], [ 81.800877, 50.767858 ], [ 81.822426, 50.76574 ], [ 81.895032, 50.774215 ], [ 81.945365, 50.769202 ], [ 81.990323, 50.759642 ], [ 82.012544, 50.750133 ], [ 82.073109, 50.715665 ], [ 82.095536, 50.70812 ], [ 82.147316, 50.701609 ], [ 82.173671, 50.703056 ], [ 82.198786, 50.708792 ], [ 82.216614, 50.719438 ], [ 82.236303, 50.734475 ], [ 82.255733, 50.745224 ], [ 82.273148, 50.743054 ], [ 82.288393, 50.737421 ], [ 82.301157, 50.740935 ], [ 82.313663, 50.747756 ], [ 82.32839, 50.752097 ], [ 82.341206, 50.750288 ], [ 82.351335, 50.745534 ], [ 82.362497, 50.742124 ], [ 82.408282, 50.748376 ], [ 82.430296, 50.741142 ], [ 82.475823, 50.714012 ], [ 82.604239, 50.769047 ], [ 82.672762, 50.789769 ], [ 82.698032, 50.810957 ], [ 82.699996, 50.880978 ], [ 82.726454, 50.900718 ], [ 82.764539, 50.906661 ], [ 82.844121, 50.891727 ], [ 82.975896, 50.881908 ], [ 83.021475, 50.891778 ], [ 83.057855, 50.917152 ], [ 83.08607, 50.95255 ], [ 83.107568, 50.992651 ], [ 83.117386, 50.994563 ], [ 83.127411, 50.995235 ], [ 83.13754, 50.994666 ], [ 83.163275, 50.988465 ], [ 83.179605, 50.987277 ], [ 83.195934, 50.988775 ], [ 83.212057, 50.992651 ], [ 83.323782, 51.002418 ], [ 83.433956, 50.992651 ], [ 83.462016, 50.964332 ], [ 83.477002, 50.953377 ], [ 83.498345, 50.945419 ], [ 83.609759, 50.932034 ], [ 83.632652, 50.9248 ], [ 83.690581, 50.89183 ], [ 83.712802, 50.882218 ], [ 83.732646, 50.879635 ], [ 83.778173, 50.879428 ], [ 83.800445, 50.875655 ], [ 83.820496, 50.868007 ], [ 83.838272, 50.856277 ], [ 83.869692, 50.821395 ], [ 83.882817, 50.81199 ], [ 83.921988, 50.800725 ], [ 83.950565, 50.780416 ], [ 83.949738, 50.717887 ], [ 83.975835, 50.686365 ], [ 84.088597, 50.634613 ], [ 84.101719, 50.62859 ], [ 84.133035, 50.600788 ], [ 84.142336, 50.581513 ], [ 84.145024, 50.566062 ], [ 84.151225, 50.552574 ], [ 84.185951, 50.527976 ], [ 84.195615, 50.51144 ], [ 84.19794, 50.493146 ], [ 84.176753, 50.439145 ], [ 84.191842, 50.407725 ], [ 84.218404, 50.377701 ], [ 84.239385, 50.344628 ], [ 84.241865, 50.321891 ], [ 84.239488, 50.299308 ], [ 84.239643, 50.278224 ], [ 84.249978, 50.259931 ], [ 84.261812, 50.253626 ], [ 84.291578, 50.248045 ], [ 84.304394, 50.243239 ], [ 84.312145, 50.236366 ], [ 84.324341, 50.219623 ], [ 84.331369, 50.213474 ], [ 84.368783, 50.21182 ], [ 84.405266, 50.230837 ], [ 84.440768, 50.244635 ], [ 84.475753, 50.227065 ], [ 84.504588, 50.204585 ], [ 84.535697, 50.190943 ], [ 84.569287, 50.185517 ], [ 84.605977, 50.187429 ], [ 84.641996, 50.184897 ], [ 84.666697, 50.170014 ], [ 84.689383, 50.151048 ], [ 84.720286, 50.136631 ], [ 84.738114, 50.135391 ], [ 84.773202, 50.138336 ], [ 84.790669, 50.132755 ], [ 84.801521, 50.123763 ], [ 84.826119, 50.086711 ], [ 84.838676, 50.08082 ], [ 84.855885, 50.084851 ], [ 84.873765, 50.092447 ], [ 84.887976, 50.096737 ], [ 84.910248, 50.095083 ], [ 84.975774, 50.075187 ], [ 84.986729, 50.066971 ], [ 85.020112, 50.033071 ], [ 85.028329, 50.020514 ], [ 85.025435, 50.004081 ], [ 85.009364, 49.997828 ], [ 84.964715, 49.992764 ], [ 84.964612, 49.992764 ], [ 84.962183, 49.991885 ], [ 84.954793, 49.99049 ], [ 84.950659, 49.933284 ], [ 84.954587, 49.906929 ], [ 84.975774, 49.89401 ], [ 85.032618, 49.884967 ], [ 85.056286, 49.873339 ], [ 85.070755, 49.85024 ], [ 85.075923, 49.813911 ], [ 85.081711, 49.80001 ], [ 85.098144, 49.782182 ], [ 85.163256, 49.733968 ], [ 85.185115, 49.705029 ], [ 85.195037, 49.625654 ], [ 85.223614, 49.595734 ], [ 85.263095, 49.581523 ], [ 85.302782, 49.590101 ], [ 85.320352, 49.599454 ], [ 85.342057, 49.608188 ], [ 85.364226, 49.61413 ], [ 85.384018, 49.615681 ], [ 85.407272, 49.609635 ], [ 85.45099, 49.588447 ], [ 85.475692, 49.583073 ], [ 85.513209, 49.585347 ], [ 85.531296, 49.589119 ], [ 85.549279, 49.595268 ], [ 85.580802, 49.613355 ], [ 85.597183, 49.619298 ], [ 85.614856, 49.617128 ], [ 85.628447, 49.606482 ], [ 85.642297, 49.577492 ], [ 85.656198, 49.564934 ], [ 85.673302, 49.560439 ], [ 85.690046, 49.562919 ], [ 85.725754, 49.573048 ], [ 85.747406, 49.572996 ], [ 85.764718, 49.566846 ], [ 85.779549, 49.556046 ], [ 85.794432, 49.541835 ], [ 85.809211, 49.536512 ], [ 85.827505, 49.541008 ], [ 85.860785, 49.557493 ], [ 85.880732, 49.563281 ], [ 85.899852, 49.564056 ], [ 85.940573, 49.559612 ], [ 85.942123, 49.551085 ], [ 85.931891, 49.510054 ], [ 85.931426, 49.492846 ], [ 85.946257, 49.481374 ], [ 85.963001, 49.478583 ], [ 85.980054, 49.482872 ], [ 85.995815, 49.492794 ], [ 85.99597, 49.492794 ], [ 86.027544, 49.515635 ], [ 86.070488, 49.52628 ], [ 86.111519, 49.520183 ], [ 86.136685, 49.493001 ], [ 86.177251, 49.463339 ], [ 86.214251, 49.496153 ], [ 86.246394, 49.550052 ], [ 86.272129, 49.583641 ], [ 86.32949, 49.610255 ], [ 86.391812, 49.624982 ], [ 86.458267, 49.665652 ], [ 86.475476, 49.670819 ], [ 86.48178, 49.676917 ], [ 86.482969, 49.686271 ], [ 86.479661, 49.697278 ], [ 86.472737, 49.708336 ], [ 86.519711, 49.726837 ], [ 86.524413, 49.729524 ], [ 86.537436, 49.739446 ], [ 86.545601, 49.74265 ], [ 86.552215, 49.74234 ], [ 86.55821, 49.741461 ], [ 86.565134, 49.742701 ], [ 86.584926, 49.760065 ], [ 86.595365, 49.78089 ], [ 86.610196, 49.795515 ], [ 86.642442, 49.793861 ], [ 86.68492, 49.778203 ], [ 86.700217, 49.777738 ], [ 86.730809, 49.782544 ], [ 86.748379, 49.782957 ], [ 86.758921, 49.778616 ], [ 86.759593, 49.767713 ], [ 86.752565, 49.756034 ], [ 86.743418, 49.744717 ], [ 86.73763, 49.735002 ], [ 86.740524, 49.722754 ], [ 86.75148, 49.711695 ], [ 86.775871, 49.695004 ], [ 86.755614, 49.681516 ], [ 86.736493, 49.671905 ], [ 86.716133, 49.666789 ], [ 86.667712, 49.664256 ], [ 86.647093, 49.653663 ], [ 86.611126, 49.620228 ], [ 86.595985, 49.601883 ], [ 86.591799, 49.587207 ], [ 86.599344, 49.573513 ], [ 86.618568, 49.557958 ], [ 86.642546, 49.547468 ], [ 86.664146, 49.547416 ], [ 86.709518, 49.554496 ], [ 86.732566, 49.550672 ], [ 86.802432, 49.52225 ], [ 86.824343, 49.509227 ], [ 86.822896, 49.492794 ], [ 86.814266, 49.47295 ], [ 86.814008, 49.450006 ], [ 86.828994, 49.433315 ], [ 86.854419, 49.421274 ], [ 86.905475, 49.404686 ], [ 86.933071, 49.390113 ], [ 86.930797, 49.380553 ], [ 86.915656, 49.369959 ], [ 86.905062, 49.351924 ], [ 86.91302, 49.338695 ], [ 86.933329, 49.324277 ], [ 87.000147, 49.289086 ], [ 87.012549, 49.280714 ], [ 87.01689, 49.272756 ], [ 87.017148, 49.258648 ], [ 87.024538, 49.248933 ], [ 87.03663, 49.242732 ], [ 87.050376, 49.238908 ], [ 87.076008, 49.236892 ], [ 87.160447, 49.242008 ], [ 87.190316, 49.237823 ], [ 87.217963, 49.229813 ], [ 87.271758, 49.205111 ], [ 87.287674, 49.184337 ], [ 87.30819, 49.113851 ], [ 87.323796, 49.085274 ], [ 87.200651, 49.108735 ] ], [ [ 63.443548, 45.567969 ], [ 63.501477, 45.574222 ], [ 63.557391, 45.584376 ], [ 63.610928, 45.598251 ], [ 63.661881, 45.615615 ], [ 63.70994, 45.636285 ], [ 63.754899, 45.660005 ], [ 63.796343, 45.686644 ], [ 63.833964, 45.715945 ], [ 63.867553, 45.7477 ], [ 63.896699, 45.781703 ], [ 63.921297, 45.817773 ], [ 63.940934, 45.855703 ], [ 63.9553, 45.895184 ], [ 63.964085, 45.936164 ], [ 63.967134, 45.978332 ], [ 63.964085, 46.0205 ], [ 63.9553, 46.061427 ], [ 63.940934, 46.100986 ], [ 63.921297, 46.13889 ], [ 63.896699, 46.17496 ], [ 63.867553, 46.208964 ], [ 63.833964, 46.240719 ], [ 63.796343, 46.270019 ], [ 63.754899, 46.296658 ], [ 63.70994, 46.320378 ], [ 63.661881, 46.341048 ], [ 63.610928, 46.358412 ], [ 63.557391, 46.372261 ], [ 63.501477, 46.382441 ], [ 63.443548, 46.388694 ], [ 63.383914, 46.390839 ], [ 63.324279, 46.388694 ], [ 63.26635, 46.382441 ], [ 63.210488, 46.372261 ], [ 63.156899, 46.358412 ], [ 63.105946, 46.341048 ], [ 63.057835, 46.320378 ], [ 63.012929, 46.296658 ], [ 62.971484, 46.270019 ], [ 62.933864, 46.240719 ], [ 62.900274, 46.208964 ], [ 62.871025, 46.17496 ], [ 62.846479, 46.13889 ], [ 62.826893, 46.100986 ], [ 62.812527, 46.061427 ], [ 62.803639, 46.0205 ], [ 62.800642, 45.978332 ], [ 62.803639, 45.936164 ], [ 62.812527, 45.895184 ], [ 62.826893, 45.855703 ], [ 62.846479, 45.817773 ], [ 62.871025, 45.781703 ], [ 62.900274, 45.7477 ], [ 62.933864, 45.715945 ], [ 62.971484, 45.686644 ], [ 63.012929, 45.660005 ], [ 63.057835, 45.636285 ], [ 63.105946, 45.615615 ], [ 63.156899, 45.598251 ], [ 63.210488, 45.584376 ], [ 63.26635, 45.574222 ], [ 63.324279, 45.567969 ], [ 63.383914, 45.565824 ], [ 63.443548, 45.567969 ] ] ], [ [ [ 50.267751, 45.033881 ], [ 50.271739, 45.056342 ], [ 50.27711, 45.071519 ], [ 50.28891, 45.078355 ], [ 50.300629, 45.080064 ], [ 50.305919, 45.079901 ], [ 50.310883, 45.080552 ], [ 50.329763, 45.079901 ], [ 50.338145, 45.082424 ], [ 50.343923, 45.086005 ], [ 50.348399, 45.084906 ], [ 50.353689, 45.073065 ], [ 50.344412, 45.052314 ], [ 50.337738, 45.042914 ], [ 50.329763, 45.038967 ], [ 50.326345, 45.033108 ], [ 50.333181, 44.994574 ], [ 50.324555, 44.973212 ], [ 50.304454, 44.959418 ], [ 50.281505, 44.955512 ], [ 50.264415, 44.963813 ], [ 50.256602, 44.985989 ], [ 50.260265, 45.009914 ], [ 50.267751, 45.033881 ] ] ], [ [ [ 50.143077, 44.817857 ], [ 50.111501, 44.82038 ], [ 50.079356, 44.833482 ], [ 50.063975, 44.844143 ], [ 50.059337, 44.853095 ], [ 50.057953, 44.864325 ], [ 50.052013, 44.881293 ], [ 50.04184, 44.894924 ], [ 50.004161, 44.922309 ], [ 49.986095, 44.946763 ], [ 49.986176, 44.968004 ], [ 50.04184, 45.057522 ], [ 50.052013, 45.065619 ], [ 50.067638, 45.071479 ], [ 50.113455, 45.079901 ], [ 50.112153, 45.062486 ], [ 50.053559, 45.038764 ], [ 50.038422, 45.014716 ], [ 50.035167, 45.000881 ], [ 50.021007, 44.975775 ], [ 50.017833, 44.96015 ], [ 50.021169, 44.944037 ], [ 50.029959, 44.930854 ], [ 50.042817, 44.924465 ], [ 50.058279, 44.929104 ], [ 50.058442, 44.903998 ], [ 50.062022, 44.879869 ], [ 50.073416, 44.861762 ], [ 50.09669, 44.854641 ], [ 50.107595, 44.851752 ], [ 50.116384, 44.845771 ], [ 50.126475, 44.840644 ], [ 50.141368, 44.840277 ], [ 50.174001, 44.858385 ], [ 50.18922, 44.861477 ], [ 50.170258, 44.830146 ], [ 50.143077, 44.817857 ] ] ], [ [ [ 50.757823, 44.870551 ], [ 50.760753, 44.864936 ], [ 50.739513, 44.868354 ], [ 50.726329, 44.865912 ], [ 50.712738, 44.859931 ], [ 50.697765, 44.857856 ], [ 50.693614, 44.864203 ], [ 50.701915, 44.874498 ], [ 50.701915, 44.880561 ], [ 50.691905, 44.883124 ], [ 50.688731, 44.889146 ], [ 50.693207, 44.899075 ], [ 50.686534, 44.911689 ], [ 50.640798, 44.933295 ], [ 50.626231, 44.951077 ], [ 50.62794, 44.967027 ], [ 50.635753, 44.967434 ], [ 50.643321, 44.952948 ], [ 50.659516, 44.938951 ], [ 50.677989, 44.935614 ], [ 50.692638, 44.940619 ], [ 50.701996, 44.948188 ], [ 50.708018, 44.954413 ], [ 50.713715, 44.953803 ], [ 50.716563, 44.946723 ], [ 50.720714, 44.941636 ], [ 50.728038, 44.940619 ], [ 50.73463, 44.929918 ], [ 50.73699, 44.90766 ], [ 50.736827, 44.895901 ], [ 50.743663, 44.886135 ], [ 50.757823, 44.870551 ] ] ], [ [ [ 52.699067, 45.441474 ], [ 52.702647, 45.425482 ], [ 52.702485, 45.405219 ], [ 52.677094, 45.396959 ], [ 52.62794, 45.410224 ], [ 52.588552, 45.432807 ], [ 52.56129, 45.456529 ], [ 52.552013, 45.478339 ], [ 52.566254, 45.493557 ], [ 52.582774, 45.502102 ], [ 52.593516, 45.508979 ], [ 52.597911, 45.516791 ], [ 52.594981, 45.523505 ], [ 52.599946, 45.527493 ], [ 52.635509, 45.525621 ], [ 52.65504, 45.521389 ], [ 52.673025, 45.503852 ], [ 52.687348, 45.475002 ], [ 52.692882, 45.459703 ], [ 52.699067, 45.441474 ] ] ], [ [ [ 49.83839, 46.285875 ], [ 49.841319, 46.262844 ], [ 49.821544, 46.217515 ], [ 49.804698, 46.210517 ], [ 49.781912, 46.224189 ], [ 49.766938, 46.247789 ], [ 49.720958, 46.338121 ], [ 49.719981, 46.356757 ], [ 49.750011, 46.357489 ], [ 49.792166, 46.339057 ], [ 49.811697, 46.326483 ], [ 49.822439, 46.313951 ], [ 49.83839, 46.285875 ] ] ] ] } },
{ "type": "Feature", "properties": { "ADMIN": "Iraq", "SOVEREIGNT": "Iraq", "TYPE": "Sovereign country", "NAME": "Iraq", "ISO_A3": "IRQ" }, "geometry": { "type": "Polygon", "coordinates": [ [ [ 48.001545, 30.994647 ], [ 48.012242, 30.989066 ], [ 48.015446, 30.97625 ], [ 48.012035, 30.494522 ], [ 48.013586, 30.463878 ], [ 48.119419, 30.450804 ], [ 48.130581, 30.447497 ], [ 48.140916, 30.441916 ], [ 48.15766, 30.426309 ], [ 48.170475, 30.406672 ], [ 48.179467, 30.384865 ], [ 48.187684, 30.340836 ], [ 48.192076, 30.331276 ], [ 48.200086, 30.323938 ], [ 48.211196, 30.319649 ], [ 48.222979, 30.318099 ], [ 48.235071, 30.318512 ], [ 48.271658, 30.323835 ], [ 48.284267, 30.323318 ], [ 48.296359, 30.319753 ], [ 48.305713, 30.312828 ], [ 48.326021, 30.283476 ], [ 48.358164, 30.251798 ], [ 48.397025, 30.220999 ], [ 48.403588, 30.212524 ], [ 48.408704, 30.202344 ], [ 48.410616, 30.191543 ], [ 48.408032, 30.180898 ], [ 48.400745, 30.172268 ], [ 48.391134, 30.164775 ], [ 48.383279, 30.156455 ], [ 48.381108, 30.145345 ], [ 48.383072, 30.13842 ], [ 48.395578, 30.115217 ], [ 48.415525, 30.095632 ], [ 48.421209, 30.085348 ], [ 48.423948, 30.083643 ], [ 48.44219, 30.03393 ], [ 48.444257, 30.020908 ], [ 48.453145, 30.001426 ], [ 48.457796, 29.994863 ], [ 48.464307, 29.989127 ], [ 48.478157, 29.979618 ], [ 48.49304, 29.971763 ], [ 48.523994, 29.964115 ], [ 48.531016, 29.96133 ], [ 48.530772, 29.960761 ], [ 48.530772, 29.956204 ], [ 48.554942, 29.956488 ], [ 48.559255, 29.946601 ], [ 48.546886, 29.934719 ], [ 48.520518, 29.9289 ], [ 48.411876, 29.938422 ], [ 48.33546, 29.961412 ], [ 48.299571, 29.984524 ], [ 48.264659, 29.993964 ], [ 48.209239, 30.024482 ], [ 48.165782, 30.037543 ], [ 48.119151, 30.044989 ], [ 48.076345, 30.04564 ], [ 48.038259, 30.036851 ], [ 48.0, 30.018733026106794 ], [ 48.0, 30.994647239782722 ], [ 48.001545, 30.994647 ] ] ] } },
{ "type": "Feature", "properties": { "ADMIN": "Turkmenistan", "SOVEREIGNT": "Turkmenistan", "TYPE": "Sovereign country", "NAME": "Turkmenistan", "ISO_A3": "TKM" }, "geometry": { "type": "MultiPolygon", "coordinates": [ [ [ [ 61.245388, 35.649298 ], [ 61.231745, 35.671881 ], [ 61.229161, 35.698597 ], [ 61.233089, 35.704592 ], [ 61.246731, 35.715496 ], [ 61.249729, 35.722472 ], [ 61.249005, 35.740197 ], [ 61.249729, 35.745778 ], [ 61.256343, 35.769497 ], [ 61.256137, 35.779368 ], [ 61.249729, 35.786706 ], [ 61.256137, 35.809133 ], [ 61.255516, 35.82536 ], [ 61.251899, 35.840397 ], [ 61.247352, 35.876209 ], [ 61.241047, 35.893883 ], [ 61.232159, 35.910677 ], [ 61.221823, 35.924527 ], [ 61.205804, 35.940495 ], [ 61.188337, 35.953569 ], [ 61.16808, 35.962354 ], [ 61.143585, 35.965506 ], [ 61.129839, 35.970519 ], [ 61.141415, 35.982353 ], [ 61.161775, 35.995944 ], [ 61.173971, 36.006485 ], [ 61.174591, 36.015839 ], [ 61.171077, 36.035941 ], [ 61.173971, 36.048033 ], [ 61.180276, 36.052788 ], [ 61.189681, 36.055785 ], [ 61.198156, 36.060797 ], [ 61.20198, 36.071598 ], [ 61.202393, 36.080745 ], [ 61.20415, 36.090563 ], [ 61.207251, 36.099503 ], [ 61.212212, 36.106376 ], [ 61.222754, 36.117538 ], [ 61.224717, 36.123688 ], [ 61.223064, 36.128804 ], [ 61.22048, 36.158931 ], [ 61.205494, 36.221098 ], [ 61.190921, 36.240631 ], [ 61.187614, 36.250347 ], [ 61.1872, 36.273549 ], [ 61.185443, 36.283988 ], [ 61.181412, 36.294478 ], [ 61.177278, 36.300369 ], [ 61.171077, 36.306416 ], [ 61.163119, 36.311583 ], [ 61.153507, 36.314942 ], [ 61.156194, 36.321867 ], [ 61.157745, 36.324657 ], [ 61.160949, 36.328636 ], [ 61.146686, 36.357265 ], [ 61.152474, 36.406306 ], [ 61.173971, 36.486818 ], [ 61.167977, 36.501804 ], [ 61.166323, 36.513845 ], [ 61.170664, 36.524438 ], [ 61.176865, 36.532035 ], [ 61.182239, 36.541647 ], [ 61.186167, 36.552809 ], [ 61.187614, 36.565108 ], [ 61.18596, 36.577665 ], [ 61.182239, 36.586915 ], [ 61.173971, 36.602315 ], [ 61.165806, 36.636318 ], [ 61.125188, 36.640762 ], [ 61.075476, 36.64779 ], [ 60.97295, 36.646343 ], [ 60.854404, 36.644638 ], [ 60.641084, 36.641485 ], [ 60.501247, 36.63947 ], [ 60.34229, 36.637145 ], [ 60.309218, 36.651976 ], [ 60.28865, 36.68107 ], [ 60.259608, 36.74241 ], [ 60.238524, 36.769746 ], [ 60.132588, 36.873409 ], [ 60.086389, 36.930021 ], [ 60.048872, 36.994022 ], [ 60.019209, 37.025803 ], [ 59.981589, 37.038826 ], [ 59.899527, 37.050556 ], [ 59.862837, 37.067816 ], [ 59.797207, 37.112206 ], [ 59.653237, 37.149672 ], [ 59.642592, 37.15024 ], [ 59.633186, 37.146261 ], [ 59.621508, 37.131507 ], [ 59.61448, 37.125487 ], [ 59.604971, 37.123885 ], [ 59.591535, 37.132334 ], [ 59.584611, 37.148896 ], [ 59.579856, 37.16781 ], [ 59.572725, 37.18339 ], [ 59.555982, 37.197782 ], [ 59.541202, 37.199849 ], [ 59.509473, 37.189824 ], [ 59.501205, 37.190212 ], [ 59.49273, 37.193596 ], [ 59.484668, 37.198764 ], [ 59.478157, 37.204138 ], [ 59.461724, 37.207601 ], [ 59.45883, 37.214758 ], [ 59.461827, 37.223 ], [ 59.463068, 37.229718 ], [ 59.464515, 37.232457 ], [ 59.468132, 37.235842 ], [ 59.469372, 37.2407 ], [ 59.463481, 37.247443 ], [ 59.444671, 37.264187 ], [ 59.382039, 37.305683 ], [ 59.37036, 37.319429 ], [ 59.350723, 37.388365 ], [ 59.348346, 37.409294 ], [ 59.351653, 37.42043 ], [ 59.357854, 37.430275 ], [ 59.361989, 37.439215 ], [ 59.359198, 37.447509 ], [ 59.353204, 37.458438 ], [ 59.356304, 37.480633 ], [ 59.351653, 37.493837 ], [ 59.332326, 37.515127 ], [ 59.312276, 37.530346 ], [ 59.289228, 37.535178 ], [ 59.233108, 37.514714 ], [ 59.211714, 37.516316 ], [ 59.078285, 37.592745 ], [ 59.045625, 37.619617 ], [ 59.034567, 37.624526 ], [ 59.005525, 37.628014 ], [ 58.992192, 37.631451 ], [ 58.978136, 37.639512 ], [ 58.938655, 37.65393 ], [ 58.861037, 37.668089 ], [ 58.801093, 37.694651 ], [ 58.795615, 37.687727 ], [ 58.793134, 37.672844 ], [ 58.779802, 37.65964 ], [ 58.76926, 37.656798 ], [ 58.759028, 37.656152 ], [ 58.737737, 37.659408 ], [ 58.726368, 37.659382 ], [ 58.719237, 37.654783 ], [ 58.712933, 37.648814 ], [ 58.704251, 37.644628 ], [ 58.68172, 37.642716 ], [ 58.659086, 37.645404 ], [ 58.615884, 37.659511 ], [ 58.565655, 37.694858 ], [ 58.549325, 37.701576 ], [ 58.529791, 37.700387 ], [ 58.514288, 37.691473 ], [ 58.502299, 37.677391 ], [ 58.493101, 37.660674 ], [ 58.479665, 37.644112 ], [ 58.462302, 37.637497 ], [ 58.371765, 37.630366 ], [ 58.357812, 37.633311 ], [ 58.331457, 37.648297 ], [ 58.318848, 37.653052 ], [ 58.24092, 37.662328 ], [ 58.223867, 37.667469 ], [ 58.206814, 37.678735 ], [ 58.201956, 37.690104 ], [ 58.201853, 37.703953 ], [ 58.199269, 37.722195 ], [ 58.195755, 37.729636 ], [ 58.179942, 37.753046 ], [ 58.179115, 37.760771 ], [ 58.181285, 37.767928 ], [ 58.181182, 37.774853 ], [ 58.173534, 37.781623 ], [ 58.156687, 37.788186 ], [ 58.140564, 37.791131 ], [ 58.106871, 37.793431 ], [ 58.040932, 37.805704 ], [ 57.884146, 37.865338 ], [ 57.849523, 37.872728 ], [ 57.833296, 37.871746 ], [ 57.81645, 37.868646 ], [ 57.800017, 37.867638 ], [ 57.785031, 37.872573 ], [ 57.779139, 37.878774 ], [ 57.770044, 37.89389 ], [ 57.763016, 37.899393 ], [ 57.754748, 37.901021 ], [ 57.738418, 37.897998 ], [ 57.734827, 37.898272 ], [ 57.729943, 37.898644 ], [ 57.717128, 37.905078 ], [ 57.704622, 37.913708 ], [ 57.691186, 37.92027 ], [ 57.676097, 37.920477 ], [ 57.66111, 37.917428 ], [ 57.612328, 37.916601 ], [ 57.561375, 37.928229 ], [ 57.544632, 37.929986 ], [ 57.527682, 37.927841 ], [ 57.512076, 37.924069 ], [ 57.496263, 37.922312 ], [ 57.352395, 37.967529 ], [ 57.327074, 37.994116 ], [ 57.346814, 38.046929 ], [ 57.349295, 38.063569 ], [ 57.344334, 38.081062 ], [ 57.32294, 38.105117 ], [ 57.311364, 38.135012 ], [ 57.278602, 38.162943 ], [ 57.266923, 38.176896 ], [ 57.248836, 38.211519 ], [ 57.225788, 38.24237 ], [ 57.221551, 38.251155 ], [ 57.221137, 38.258596 ], [ 57.218347, 38.265081 ], [ 57.207288, 38.27074 ], [ 57.185894, 38.276476 ], [ 57.174939, 38.277561 ], [ 57.163983, 38.276476 ], [ 57.14662, 38.26981 ], [ 57.137914, 38.262364 ], [ 57.134838, 38.259733 ], [ 57.114684, 38.232112 ], [ 57.102798, 38.222009 ], [ 57.070449, 38.205059 ], [ 57.056496, 38.195241 ], [ 57.038409, 38.187283 ], [ 57.018049, 38.189815 ], [ 56.978361, 38.202734 ], [ 56.82788, 38.224955 ], [ 56.812377, 38.22896 ], [ 56.778167, 38.244488 ], [ 56.738996, 38.269603 ], [ 56.729384, 38.27105 ], [ 56.681532, 38.264616 ], [ 56.60133, 38.236866 ], [ 56.585207, 38.234567 ], [ 56.571771, 38.239502 ], [ 56.559162, 38.247382 ], [ 56.54521, 38.2541 ], [ 56.528156, 38.257408 ], [ 56.436482, 38.255082 ], [ 56.400102, 38.244127 ], [ 56.366409, 38.225523 ], [ 56.303364, 38.179428 ], [ 56.297059, 38.165785 ], [ 56.324241, 38.141136 ], [ 56.328995, 38.123772 ], [ 56.325481, 38.10522 ], [ 56.315456, 38.089459 ], [ 56.299747, 38.080235 ], [ 56.214067, 38.06884 ], [ 56.197841, 38.070649 ], [ 56.166741, 38.080792 ], [ 56.161874, 38.082379 ], [ 56.121463, 38.086462 ], [ 55.978422, 38.065895 ], [ 55.963023, 38.066515 ], [ 55.94907, 38.07008 ], [ 55.921888, 38.081449 ], [ 55.905042, 38.085583 ], [ 55.854089, 38.085997 ], [ 55.839413, 38.089924 ], [ 55.800346, 38.107804 ], [ 55.738437, 38.118605 ], [ 55.708672, 38.118656 ], [ 55.510957, 38.085842 ], [ 55.447395, 38.083671 ], [ 55.423108, 38.075894 ], [ 55.348797, 38.030496 ], [ 55.328126, 38.022125 ], [ 55.307456, 38.008792 ], [ 55.296087, 38.007552 ], [ 55.250508, 37.995408 ], [ 55.228804, 37.985796 ], [ 55.219709, 37.969983 ], [ 55.20741, 37.966159 ], [ 55.149636, 37.957478 ], [ 55.130309, 37.95231 ], [ 55.121731, 37.944713 ], [ 55.110775, 37.926472 ], [ 55.10354, 37.918798 ], [ 55.092792, 37.915542 ], [ 55.078736, 37.913708 ], [ 55.066644, 37.908437 ], [ 55.061373, 37.894846 ], [ 55.053518, 37.884407 ], [ 55.006802, 37.843092 ], [ 54.85663, 37.761133 ], [ 54.826658, 37.735269 ], [ 54.813636, 37.718629 ], [ 54.808158, 37.702816 ], [ 54.803714, 37.682921 ], [ 54.787281, 37.651863 ], [ 54.788314, 37.630805 ], [ 54.791828, 37.625353 ], [ 54.80361, 37.61693 ], [ 54.808158, 37.610341 ], [ 54.809398, 37.603339 ], [ 54.808158, 37.579284 ], [ 54.805057, 37.565047 ], [ 54.791415, 37.539932 ], [ 54.788314, 37.524636 ], [ 54.783663, 37.517453 ], [ 54.758342, 37.500555 ], [ 54.7108, 37.475698 ], [ 54.698294, 37.466293 ], [ 54.678554, 37.459989 ], [ 54.653956, 37.438905 ], [ 54.638969, 37.433272 ], [ 54.616852, 37.433013 ], [ 54.555977, 37.443607 ], [ 54.533343, 37.440817 ], [ 54.364154, 37.362682 ], [ 54.328497, 37.353277 ], [ 54.30638, 37.353225 ], [ 54.283332, 37.355654 ], [ 54.261525, 37.354827 ], [ 54.243025, 37.344957 ], [ 54.224524, 37.330746 ], [ 54.206438, 37.324596 ], [ 54.186594, 37.323744 ], [ 53.913748, 37.34276 ], [ 53.913748, 37.343004 ], [ 53.899669, 37.468411 ], [ 53.889822, 37.508124 ], [ 53.871104, 37.547797 ], [ 53.865245, 37.567288 ], [ 53.860606, 37.611314 ], [ 53.82488, 37.744859 ], [ 53.80714, 38.031968 ], [ 53.810313, 38.048407 ], [ 53.823985, 38.081529 ], [ 53.834158, 38.130276 ], [ 53.858897, 38.206488 ], [ 53.854991, 38.23371 ], [ 53.866466, 38.265082 ], [ 53.868175, 38.30801 ], [ 53.863048, 38.381415 ], [ 53.861501, 38.38935 ], [ 53.85255, 38.403306 ], [ 53.848155, 38.412502 ], [ 53.845551, 38.422309 ], [ 53.843435, 38.442694 ], [ 53.828298, 38.503567 ], [ 53.826996, 38.525458 ], [ 53.836111, 38.606147 ], [ 53.847423, 38.646308 ], [ 53.863048, 38.679389 ], [ 53.909841, 38.737698 ], [ 53.926931, 38.773668 ], [ 53.917003, 38.803534 ], [ 53.931977, 38.813056 ], [ 53.939789, 38.831041 ], [ 53.945567, 38.851304 ], [ 53.9546, 38.867743 ], [ 53.965587, 38.881903 ], [ 53.97755, 38.90176 ], [ 53.982758, 38.916002 ], [ 53.972911, 38.913398 ], [ 53.971365, 38.934272 ], [ 53.958018, 38.944525 ], [ 53.923188, 38.954332 ], [ 53.922862, 38.956041 ], [ 53.918793, 38.964789 ], [ 53.917003, 38.967353 ], [ 53.912283, 38.969672 ], [ 53.89975, 38.972846 ], [ 53.896658, 38.974189 ], [ 53.891775, 38.980536 ], [ 53.887218, 38.988593 ], [ 53.884044, 38.998114 ], [ 53.882335, 39.008979 ], [ 53.870942, 39.028388 ], [ 53.859711, 39.035224 ], [ 53.820811, 39.036282 ], [ 53.796641, 39.041653 ], [ 53.787364, 39.042467 ], [ 53.776866, 39.03913 ], [ 53.772146, 39.033108 ], [ 53.767263, 39.030992 ], [ 53.756358, 39.039374 ], [ 53.747813, 39.054429 ], [ 53.728038, 39.101386 ], [ 53.721853, 39.111396 ], [ 53.712169, 39.104315 ], [ 53.71518, 39.088568 ], [ 53.724132, 39.072089 ], [ 53.732107, 39.062934 ], [ 53.732107, 39.056708 ], [ 53.715994, 39.063422 ], [ 53.701508, 39.078518 ], [ 53.694672, 39.097113 ], [ 53.705333, 39.124213 ], [ 53.697276, 39.142483 ], [ 53.698009, 39.15233 ], [ 53.703949, 39.158637 ], [ 53.732107, 39.172797 ], [ 53.702403, 39.175116 ], [ 53.702159, 39.196234 ], [ 53.72462, 39.241685 ], [ 53.703949, 39.232733 ], [ 53.67628, 39.216213 ], [ 53.660004, 39.200385 ], [ 53.674083, 39.193305 ], [ 53.683767, 39.083441 ], [ 53.67213, 39.098578 ], [ 53.647309, 39.123969 ], [ 53.635997, 39.138658 ], [ 53.631358, 39.156643 ], [ 53.630219, 39.176744 ], [ 53.623383, 39.191636 ], [ 53.601736, 39.193305 ], [ 53.606944, 39.205878 ], [ 53.610362, 39.22191 ], [ 53.608572, 39.235785 ], [ 53.598318, 39.241685 ], [ 53.592784, 39.235053 ], [ 53.576671, 39.203437 ], [ 53.567638, 39.193305 ], [ 53.563975, 39.216702 ], [ 53.568696, 39.246324 ], [ 53.588145, 39.303168 ], [ 53.560802, 39.28266 ], [ 53.577322, 39.316718 ], [ 53.581309, 39.330471 ], [ 53.574555, 39.327867 ], [ 53.553966, 39.323676 ], [ 53.564952, 39.34516 ], [ 53.562022, 39.353339 ], [ 53.549815, 39.348334 ], [ 53.533458, 39.330471 ], [ 53.526134, 39.337877 ], [ 53.514822, 39.332709 ], [ 53.471446, 39.330471 ], [ 53.452485, 39.318061 ], [ 53.44337, 39.318793 ], [ 53.444102, 39.337877 ], [ 53.437266, 39.337877 ], [ 53.429698, 39.327867 ], [ 53.418793, 39.318061 ], [ 53.405121, 39.311265 ], [ 53.389415, 39.310614 ], [ 53.394298, 39.317043 ], [ 53.403168, 39.337877 ], [ 53.396169, 39.338202 ], [ 53.382009, 39.337104 ], [ 53.375173, 39.337877 ], [ 53.37379, 39.336656 ], [ 53.365489, 39.33161 ], [ 53.361583, 39.330471 ], [ 53.358572, 39.332709 ], [ 53.351573, 39.342231 ], [ 53.347911, 39.344143 ], [ 53.334646, 39.340522 ], [ 53.309093, 39.330756 ], [ 53.293305, 39.330471 ], [ 53.293305, 39.337877 ], [ 53.29949, 39.34516 ], [ 53.296886, 39.349066 ], [ 53.288259, 39.350653 ], [ 53.276134, 39.350979 ], [ 53.264659, 39.352851 ], [ 53.249522, 39.361802 ], [ 53.238617, 39.364651 ], [ 53.218516, 39.363837 ], [ 53.170177, 39.352484 ], [ 53.149913, 39.344143 ], [ 53.185883, 39.326361 ], [ 53.197765, 39.323676 ], [ 53.179535, 39.301256 ], [ 53.173025, 39.288316 ], [ 53.170258, 39.272162 ], [ 53.17213, 39.255439 ], [ 53.184093, 39.213813 ], [ 53.181488, 39.189358 ], [ 53.171886, 39.177476 ], [ 53.161469, 39.179592 ], [ 53.136892, 39.321438 ], [ 53.130544, 39.333482 ], [ 53.088715, 39.383246 ], [ 53.085216, 39.400458 ], [ 53.094737, 39.419867 ], [ 53.104015, 39.429348 ], [ 53.132823, 39.450588 ], [ 53.137462, 39.459947 ], [ 53.14088, 39.472642 ], [ 53.145356, 39.483954 ], [ 53.165538, 39.496731 ], [ 53.178233, 39.515692 ], [ 53.21461, 39.593492 ], [ 53.24171, 39.636298 ], [ 53.27589, 39.664862 ], [ 53.313731, 39.65884 ], [ 53.292735, 39.649848 ], [ 53.277354, 39.639228 ], [ 53.248546, 39.607896 ], [ 53.244395, 39.599677 ], [ 53.235199, 39.570705 ], [ 53.232432, 39.567532 ], [ 53.211274, 39.550198 ], [ 53.21697, 39.525051 ], [ 53.25408, 39.521186 ], [ 53.363536, 39.538072 ], [ 53.426768, 39.535956 ], [ 53.446788, 39.530585 ], [ 53.458751, 39.517808 ], [ 53.46754, 39.502346 ], [ 53.478282, 39.488715 ], [ 53.492198, 39.48078 ], [ 53.509125, 39.476508 ], [ 53.550548, 39.474514 ], [ 53.567882, 39.467719 ], [ 53.577159, 39.467841 ], [ 53.581309, 39.477932 ], [ 53.580577, 39.487982 ], [ 53.577403, 39.495266 ], [ 53.5713, 39.499823 ], [ 53.560802, 39.501776 ], [ 53.573741, 39.527289 ], [ 53.586111, 39.523871 ], [ 53.599457, 39.507758 ], [ 53.615408, 39.49494 ], [ 53.634451, 39.495307 ], [ 53.663585, 39.51732 ], [ 53.683767, 39.522203 ], [ 53.692882, 39.519477 ], [ 53.715994, 39.509263 ], [ 53.72462, 39.508612 ], [ 53.736176, 39.51789 ], [ 53.733165, 39.527981 ], [ 53.722504, 39.537055 ], [ 53.711599, 39.543402 ], [ 53.689301, 39.550442 ], [ 53.647146, 39.558254 ], [ 53.629161, 39.570705 ], [ 53.645274, 39.574897 ], [ 53.654633, 39.582099 ], [ 53.655528, 39.592922 ], [ 53.646495, 39.607896 ], [ 53.633067, 39.618313 ], [ 53.61964, 39.62051 ], [ 53.571625, 39.6164 ], [ 53.568207, 39.622626 ], [ 53.567638, 39.642401 ], [ 53.564464, 39.652655 ], [ 53.556488, 39.664496 ], [ 53.545665, 39.674872 ], [ 53.533458, 39.680487 ], [ 53.539724, 39.646308 ], [ 53.539724, 39.632148 ], [ 53.533458, 39.632148 ], [ 53.497081, 39.676459 ], [ 53.471039, 39.696357 ], [ 53.444102, 39.701077 ], [ 53.447765, 39.695258 ], [ 53.457774, 39.673082 ], [ 53.451671, 39.676663 ], [ 53.435883, 39.683336 ], [ 53.429861, 39.686713 ], [ 53.430431, 39.667711 ], [ 53.449229, 39.648586 ], [ 53.450938, 39.632148 ], [ 53.416759, 39.64997 ], [ 53.412852, 39.685696 ], [ 53.429861, 39.762519 ], [ 53.418224, 39.757392 ], [ 53.405772, 39.755805 ], [ 53.393403, 39.757514 ], [ 53.382009, 39.762519 ], [ 53.382009, 39.769273 ], [ 53.415212, 39.78205 ], [ 53.46754, 39.83869 ], [ 53.499278, 39.865546 ], [ 53.493826, 39.870673 ], [ 53.488292, 39.881049 ], [ 53.485037, 39.885403 ], [ 53.493826, 39.88935 ], [ 53.502696, 39.891547 ], [ 53.522716, 39.892808 ], [ 53.53712, 39.896308 ], [ 53.536957, 39.903754 ], [ 53.530772, 39.910712 ], [ 53.526134, 39.912665 ], [ 53.537283, 39.924872 ], [ 53.552745, 39.936225 ], [ 53.567068, 39.94953 ], [ 53.574474, 39.967922 ], [ 53.569102, 39.965562 ], [ 53.566417, 39.96483 ], [ 53.56422, 39.963935 ], [ 53.560802, 39.961086 ], [ 53.54363, 39.974311 ], [ 53.528819, 39.976955 ], [ 53.491873, 39.974758 ], [ 53.474946, 39.979234 ], [ 53.451996, 39.99551 ], [ 53.437266, 40.002672 ], [ 53.419607, 40.006496 ], [ 53.40211, 40.006781 ], [ 53.385265, 40.003079 ], [ 53.368907, 39.995266 ], [ 53.326834, 39.958686 ], [ 53.310313, 39.953599 ], [ 53.305675, 39.951483 ], [ 53.29005, 39.942084 ], [ 53.282725, 39.940009 ], [ 53.274913, 39.942084 ], [ 53.257091, 39.951483 ], [ 53.248546, 39.953599 ], [ 53.237559, 39.95775 ], [ 53.172374, 39.997463 ], [ 53.155284, 39.992377 ], [ 53.140391, 39.981024 ], [ 53.125743, 39.974758 ], [ 53.053559, 39.967922 ], [ 53.059255, 39.977037 ], [ 53.065115, 39.984036 ], [ 53.072439, 39.989814 ], [ 53.081716, 39.995266 ], [ 53.012462, 39.978013 ], [ 52.974864, 39.974311 ], [ 52.943696, 39.981594 ], [ 52.927501, 40.011176 ], [ 52.913585, 40.021674 ], [ 52.896007, 40.008857 ], [ 52.895844, 39.998277 ], [ 52.903087, 39.984931 ], [ 52.919932, 39.964545 ], [ 52.923595, 39.952582 ], [ 52.930186, 39.895941 ], [ 52.936046, 39.8876 ], [ 52.964529, 39.858222 ], [ 52.974864, 39.851874 ], [ 53.012543, 39.797268 ], [ 53.043712, 39.774644 ], [ 53.053559, 39.769273 ], [ 53.053559, 39.762519 ], [ 53.00587, 39.782945 ], [ 53.019379, 39.775336 ], [ 53.046886, 39.748236 ], [ 53.04005, 39.742011 ], [ 53.008067, 39.766343 ], [ 52.994884, 39.780219 ], [ 52.966319, 39.832953 ], [ 52.952647, 39.846503 ], [ 52.917166, 39.858344 ], [ 52.905284, 39.874579 ], [ 52.898448, 39.895494 ], [ 52.892833, 39.934231 ], [ 52.884125, 39.944892 ], [ 52.787852, 40.00434 ], [ 52.753266, 40.031968 ], [ 52.738455, 40.053616 ], [ 52.746104, 40.096991 ], [ 52.753754, 40.12108 ], [ 52.761974, 40.13581 ], [ 52.768321, 40.153795 ], [ 52.758067, 40.172512 ], [ 52.730968, 40.20067 ], [ 52.743419, 40.20954 ], [ 52.738943, 40.219387 ], [ 52.717784, 40.235419 ], [ 52.698985, 40.273871 ], [ 52.701996, 40.312405 ], [ 52.736583, 40.484565 ], [ 52.750255, 40.517646 ], [ 52.772472, 40.550727 ], [ 52.83253, 40.614569 ], [ 52.863129, 40.658108 ], [ 52.868175, 40.694159 ], [ 52.859223, 40.700019 ], [ 52.833181, 40.704901 ], [ 52.827647, 40.711493 ], [ 52.829845, 40.720649 ], [ 52.837576, 40.739081 ], [ 52.83725, 40.742499 ], [ 52.83253, 40.745551 ], [ 52.845225, 40.751654 ], [ 52.861583, 40.756496 ], [ 52.868175, 40.755561 ], [ 52.870372, 40.765082 ], [ 52.868826, 40.775784 ], [ 52.865245, 40.785102 ], [ 52.86199, 40.790351 ], [ 52.885509, 40.865424 ], [ 52.92335, 40.941148 ], [ 52.931326, 40.975653 ], [ 52.917003, 41.044989 ], [ 52.916515, 41.08515 ], [ 52.927257, 41.079047 ], [ 52.951427, 41.068793 ], [ 52.961192, 41.060981 ], [ 52.965505, 41.049384 ], [ 52.963064, 41.037787 ], [ 52.958751, 41.026516 ], [ 52.958181, 41.016262 ], [ 52.968435, 40.997016 ], [ 53.012055, 40.954779 ], [ 53.019867, 40.937934 ], [ 53.031749, 40.899807 ], [ 53.04005, 40.885932 ], [ 53.072032, 40.868964 ], [ 53.074474, 40.865424 ], [ 53.099783, 40.86518 ], [ 53.111339, 40.867092 ], [ 53.121918, 40.87226 ], [ 53.106293, 40.858303 ], [ 53.081879, 40.851508 ], [ 53.064708, 40.84398 ], [ 53.070811, 40.827867 ], [ 53.077973, 40.822211 ], [ 53.094005, 40.812405 ], [ 53.102061, 40.803941 ], [ 53.104259, 40.794908 ], [ 53.104259, 40.783596 ], [ 53.107432, 40.773912 ], [ 53.118907, 40.769843 ], [ 53.163259, 40.767035 ], [ 53.182302, 40.768459 ], [ 53.2046, 40.776068 ], [ 53.249766, 40.812567 ], [ 53.26588, 40.817043 ], [ 53.24936, 40.790351 ], [ 53.244884, 40.77497 ], [ 53.256033, 40.768948 ], [ 53.330821, 40.776068 ], [ 53.339529, 40.780829 ], [ 53.341156, 40.791978 ], [ 53.341156, 40.804592 ], [ 53.344493, 40.81391 ], [ 53.359223, 40.829779 ], [ 53.369965, 40.835191 ], [ 53.382009, 40.831285 ], [ 53.383067, 40.825588 ], [ 53.375987, 40.807074 ], [ 53.375173, 40.797797 ], [ 53.3838, 40.778306 ], [ 53.398692, 40.762763 ], [ 53.418305, 40.752427 ], [ 53.440684, 40.748725 ], [ 53.446951, 40.746527 ], [ 53.461274, 40.736884 ], [ 53.471446, 40.735053 ], [ 53.483084, 40.737047 ], [ 53.491873, 40.740871 ], [ 53.505544, 40.748725 ], [ 53.541677, 40.761623 ], [ 53.555349, 40.773505 ], [ 53.560802, 40.794013 ], [ 53.559093, 40.836819 ], [ 53.562755, 40.852973 ], [ 53.587413, 40.891588 ], [ 53.592784, 40.893378 ], [ 53.605479, 40.893378 ], [ 53.614757, 40.891547 ], [ 53.624685, 40.88703 ], [ 53.632579, 40.881293 ], [ 53.635997, 40.876044 ], [ 53.638927, 40.872016 ], [ 53.652843, 40.867865 ], [ 53.656993, 40.865424 ], [ 53.657481, 40.859076 ], [ 53.654552, 40.852932 ], [ 53.65089, 40.847846 ], [ 53.649587, 40.844916 ], [ 53.655121, 40.823879 ], [ 53.66033, 40.81623 ], [ 53.670665, 40.810777 ], [ 53.66212, 40.796617 ], [ 53.656749, 40.78974 ], [ 53.649587, 40.783515 ], [ 53.660981, 40.766181 ], [ 53.676443, 40.725898 ], [ 53.691173, 40.707831 ], [ 53.701182, 40.703111 ], [ 53.711192, 40.701646 ], [ 53.719493, 40.69831 ], [ 53.72462, 40.687934 ], [ 53.722016, 40.680732 ], [ 53.708018, 40.659003 ], [ 53.704763, 40.650092 ], [ 53.721039, 40.625678 ], [ 53.759532, 40.625678 ], [ 53.804861, 40.632636 ], [ 53.862641, 40.626166 ], [ 53.879161, 40.637926 ], [ 53.894786, 40.653062 ], [ 53.937755, 40.671617 ], [ 53.947765, 40.673651 ], [ 53.957856, 40.672105 ], [ 53.985362, 40.66059 ], [ 54.010753, 40.657864 ], [ 54.030528, 40.662828 ], [ 54.049083, 40.669989 ], [ 54.080333, 40.676093 ], [ 54.088145, 40.682196 ], [ 54.093272, 40.69009 ], [ 54.095225, 40.697821 ], [ 54.08961, 40.69892 ], [ 54.063243, 40.708482 ], [ 54.05421, 40.715277 ], [ 54.112071, 40.713446 ], [ 54.141368, 40.716864 ], [ 54.171072, 40.729682 ], [ 54.232188, 40.728339 ], [ 54.235037, 40.725735 ], [ 54.230479, 40.719387 ], [ 54.220714, 40.69538 ], [ 54.21754, 40.690253 ], [ 54.22169, 40.687079 ], [ 54.252696, 40.676581 ], [ 54.403575, 40.673651 ], [ 54.383962, 40.682766 ], [ 54.362641, 40.687934 ], [ 54.375173, 40.700914 ], [ 54.414887, 40.708726 ], [ 54.430431, 40.721422 ], [ 54.331065, 40.720201 ], [ 54.318207, 40.721625 ], [ 54.310557, 40.730658 ], [ 54.308116, 40.752143 ], [ 54.303884, 40.770087 ], [ 54.285004, 40.797431 ], [ 54.278575, 40.823635 ], [ 54.268809, 40.839911 ], [ 54.266449, 40.848334 ], [ 54.268321, 40.855048 ], [ 54.271983, 40.859849 ], [ 54.274587, 40.864895 ], [ 54.273285, 40.87226 ], [ 54.2671, 40.874172 ], [ 54.257091, 40.873114 ], [ 54.248302, 40.874986 ], [ 54.245942, 40.885932 ], [ 54.250011, 40.890611 ], [ 54.257498, 40.891425 ], [ 54.266124, 40.891343 ], [ 54.273285, 40.893378 ], [ 54.299001, 40.916083 ], [ 54.312511, 40.923896 ], [ 54.331716, 40.926907 ], [ 54.360525, 40.91706 ], [ 54.421153, 40.879869 ], [ 54.437836, 40.879706 ], [ 54.465831, 40.865953 ], [ 54.468761, 40.85163 ], [ 54.456309, 40.835639 ], [ 54.437836, 40.817043 ], [ 54.474946, 40.809882 ], [ 54.590668, 40.826728 ], [ 54.62436, 40.836493 ], [ 54.639903, 40.838772 ], [ 54.657563, 40.862006 ], [ 54.699555, 40.879096 ], [ 54.708995, 40.884996 ], [ 54.746593, 40.932685 ], [ 54.756033, 40.948432 ], [ 54.76002, 40.965033 ], [ 54.756196, 40.981594 ], [ 54.746837, 40.995673 ], [ 54.722016, 41.019965 ], [ 54.690115, 41.059231 ], [ 54.677989, 41.064643 ], [ 54.677989, 41.070868 ], [ 54.700531, 41.068305 ], [ 54.724376, 41.059272 ], [ 54.767426, 41.03677 ], [ 54.760916, 41.045478 ], [ 54.740977, 41.057847 ], [ 54.732595, 41.064643 ], [ 54.723888, 41.074856 ], [ 54.720063, 41.080471 ], [ 54.718435, 41.08515 ], [ 54.7199, 41.091986 ], [ 54.724294, 41.098049 ], [ 54.729259, 41.100979 ], [ 54.732595, 41.098131 ], [ 54.716075, 41.11518 ], [ 54.688731, 41.121243 ], [ 54.659353, 41.124457 ], [ 54.636404, 41.132961 ], [ 54.63502, 41.162665 ], [ 54.600434, 41.192328 ], [ 54.400401, 41.309027 ], [ 54.311778, 41.338284 ], [ 54.29477, 41.34748 ], [ 54.258067, 41.375963 ], [ 54.211436, 41.395819 ], [ 54.190766, 41.407294 ], [ 54.186046, 41.412543 ], [ 54.174978, 41.429389 ], [ 54.152843, 41.45425 ], [ 54.144786, 41.459784 ], [ 54.108653, 41.465481 ], [ 54.089366, 41.474799 ], [ 54.073985, 41.487982 ], [ 54.061046, 41.502875 ], [ 54.041352, 41.534573 ], [ 54.030284, 41.569485 ], [ 54.02589, 41.608791 ], [ 54.025564, 41.695217 ], [ 54.019705, 41.731513 ], [ 54.008556, 41.764838 ], [ 53.992198, 41.797065 ], [ 53.944591, 41.858344 ], [ 53.93686, 41.876207 ], [ 53.932302, 41.884263 ], [ 53.921723, 41.887437 ], [ 53.91033, 41.889309 ], [ 53.902843, 41.893297 ], [ 53.898774, 41.905341 ], [ 53.901622, 41.914618 ], [ 53.906912, 41.923529 ], [ 53.910167, 41.934272 ], [ 53.909353, 41.940619 ], [ 53.904063, 41.960517 ], [ 53.902843, 41.972113 ], [ 53.914806, 41.995551 ], [ 53.917003, 42.006903 ], [ 53.91627, 42.023505 ], [ 53.913259, 42.043402 ], [ 53.906912, 42.062934 ], [ 53.896658, 42.078843 ], [ 53.865571, 42.101752 ], [ 53.818696, 42.124416 ], [ 53.767914, 42.136135 ], [ 53.72462, 42.126044 ], [ 53.681814, 42.143948 ], [ 53.375173, 42.105536 ], [ 53.31658, 42.082261 ], [ 53.296723, 42.078843 ], [ 53.219737, 42.081448 ], [ 53.163829, 42.103705 ], [ 53.121918, 42.089993 ], [ 53.084483, 42.064521 ], [ 53.060395, 42.044135 ], [ 52.960297, 41.984361 ], [ 52.937022, 41.95539 ], [ 52.821462, 41.764879 ], [ 52.804047, 41.744859 ], [ 52.789561, 41.736274 ], [ 52.782074, 41.725531 ], [ 52.773774, 41.701321 ], [ 52.769216, 41.675605 ], [ 52.772472, 41.660549 ], [ 52.784679, 41.663072 ], [ 52.815684, 41.693834 ], [ 52.830821, 41.701483 ], [ 52.880544, 41.697903 ], [ 52.903819, 41.689765 ], [ 52.916515, 41.674221 ], [ 52.915375, 41.660793 ], [ 52.899913, 41.640326 ], [ 52.896007, 41.629543 ], [ 52.897146, 41.619452 ], [ 52.901866, 41.59984 ], [ 52.902843, 41.588528 ], [ 52.898936, 41.565985 ], [ 52.832693, 41.437486 ], [ 52.827647, 41.417182 ], [ 52.815684, 41.388739 ], [ 52.813487, 41.37934 ], [ 52.81544, 41.369534 ], [ 52.827647, 41.344631 ], [ 52.83725, 41.302924 ], [ 52.844005, 41.24018 ], [ 52.851329, 41.223578 ], [ 52.903982, 41.140204 ], [ 52.909679, 41.122707 ], [ 52.904307, 41.101996 ], [ 52.883067, 41.072496 ], [ 52.882335, 41.050442 ], [ 52.875499, 41.050442 ], [ 52.869965, 41.060004 ], [ 52.854015, 41.070502 ], [ 52.848318, 41.077704 ], [ 52.84669, 41.08869 ], [ 52.854503, 41.11933 ], [ 52.854666, 41.142524 ], [ 52.851085, 41.163316 ], [ 52.844086, 41.182563 ], [ 52.833832, 41.201239 ], [ 52.829275, 41.206488 ], [ 52.816661, 41.217841 ], [ 52.813487, 41.221747 ], [ 52.811046, 41.23371 ], [ 52.813731, 41.252672 ], [ 52.813487, 41.262641 ], [ 52.79127, 41.321275 ], [ 52.789561, 41.331 ], [ 52.77711, 41.339545 ], [ 52.760997, 41.37759 ], [ 52.745291, 41.386176 ], [ 52.731944, 41.388251 ], [ 52.723399, 41.394232 ], [ 52.719086, 41.403957 ], [ 52.717784, 41.417182 ], [ 52.715831, 41.426418 ], [ 52.710297, 41.432278 ], [ 52.693614, 41.444525 ], [ 52.682384, 41.450344 ], [ 52.655935, 41.453355 ], [ 52.646251, 41.458197 ], [ 52.611664, 41.492377 ], [ 52.593923, 41.502631 ], [ 52.575369, 41.508734 ], [ 52.562185, 41.519477 ], [ 52.560232, 41.54385 ], [ 52.563487, 41.54621 ], [ 52.584158, 41.574612 ], [ 52.587738, 41.582709 ], [ 52.588634, 41.594184 ], [ 52.587576, 41.616156 ], [ 52.589122, 41.623196 ], [ 52.595225, 41.633734 ], [ 52.595551, 41.640041 ], [ 52.59254, 41.645738 ], [ 52.587738, 41.649563 ], [ 52.583018, 41.652004 ], [ 52.58074, 41.653713 ], [ 52.57252, 41.673774 ], [ 52.567149, 41.681708 ], [ 52.560232, 41.687812 ], [ 52.552908, 41.689643 ], [ 52.536632, 41.687934 ], [ 52.529552, 41.69123 ], [ 52.519867, 41.702094 ], [ 52.514496, 41.706936 ], [ 52.49879, 41.712104 ], [ 52.483572, 41.726264 ], [ 52.47462, 41.729438 ], [ 52.450206, 41.734809 ], [ 52.437671, 41.748876 ], [ 52.478843, 41.780345 ], [ 52.631443, 41.89424 ], [ 52.764355, 41.993484 ], [ 52.764665, 41.993588 ], [ 52.764665, 41.993769 ], [ 52.978709, 42.126629 ], [ 53.135082, 42.167841 ], [ 53.191719, 42.193033 ], [ 53.412274, 42.258171 ], [ 53.47842, 42.268661 ], [ 53.65443, 42.292484 ], [ 53.807599, 42.313077 ], [ 54.047171, 42.345401 ], [ 54.122618, 42.337598 ], [ 54.195276, 42.318064 ], [ 54.350512, 42.240911 ], [ 54.518977, 42.157273 ], [ 54.619642, 42.107198 ], [ 54.738291, 42.04821 ], [ 54.907067, 41.932144 ], [ 54.930838, 41.909226 ], [ 54.94076, 41.889615 ], [ 54.940553, 41.872717 ], [ 54.936419, 41.855276 ], [ 54.934972, 41.833727 ], [ 54.940243, 41.813599 ], [ 54.950682, 41.795564 ], [ 55.054758, 41.690015 ], [ 55.100026, 41.644152 ], [ 55.164932, 41.557464 ], [ 55.228391, 41.472819 ], [ 55.25919, 41.444655 ], [ 55.294123, 41.421504 ], [ 55.356755, 41.389051 ], [ 55.372568, 41.375563 ], [ 55.38466, 41.358562 ], [ 55.412669, 41.307919 ], [ 55.429515, 41.290814 ], [ 55.450289, 41.278877 ], [ 55.478298, 41.266785 ], [ 55.509304, 41.258878 ], [ 55.635498, 41.264356 ], [ 55.694409, 41.281564 ], [ 55.787323, 41.291693 ], [ 55.87662, 41.324507 ], [ 55.910106, 41.326626 ], [ 55.978422, 41.321717 ], [ 56.140686, 41.315154 ], [ 56.326825, 41.307454 ], [ 56.533721, 41.298969 ], [ 56.570014, 41.29748 ], [ 56.793463, 41.288334 ], [ 56.887928, 41.273347 ], [ 57.010194, 41.254124 ], [ 57.029521, 41.262599 ], [ 57.06032, 41.304922 ], [ 57.080061, 41.322027 ], [ 57.126673, 41.339597 ], [ 57.147964, 41.351069 ], [ 57.159229, 41.361146 ], [ 57.161399, 41.367967 ], [ 57.153751, 41.37236 ], [ 57.103625, 41.38161 ], [ 57.088329, 41.387294 ], [ 57.07417, 41.394994 ], [ 57.052259, 41.413597 ], [ 57.033035, 41.438247 ], [ 57.019599, 41.465946 ], [ 57.015052, 41.493644 ], [ 57.015775, 41.528991 ], [ 57.012054, 41.557826 ], [ 57.000582, 41.584026 ], [ 56.978361, 41.611466 ], [ 56.960481, 41.647201 ], [ 56.961618, 41.678723 ], [ 56.969473, 41.710892 ], [ 56.971954, 41.748538 ], [ 56.949836, 41.8275 ], [ 56.950146, 41.86605 ], [ 56.978361, 41.895118 ], [ 57.074376, 41.928786 ], [ 57.115511, 41.952092 ], [ 57.152924, 41.993484 ], [ 57.152924, 41.993743 ], [ 57.207805, 42.07056 ], [ 57.288213, 42.129419 ], [ 57.382264, 42.163629 ], [ 57.478279, 42.166523 ], [ 57.619769, 42.148178 ], [ 57.666278, 42.155102 ], [ 57.721572, 42.175334 ], [ 57.740899, 42.178744 ], [ 57.809215, 42.176393 ], [ 57.828439, 42.179545 ], [ 57.850453, 42.191431 ], [ 57.847352, 42.200914 ], [ 57.834537, 42.211636 ], [ 57.827302, 42.227372 ], [ 57.835467, 42.240446 ], [ 57.873707, 42.249644 ], [ 57.888073, 42.261582 ], [ 57.928794, 42.330931 ], [ 57.937476, 42.354238 ], [ 57.935719, 42.369818 ], [ 57.914325, 42.40395 ], [ 57.908641, 42.430434 ], [ 57.92559, 42.441106 ], [ 57.952772, 42.450072 ], [ 57.9783, 42.471776 ], [ 57.987085, 42.483429 ], [ 57.997731, 42.493428 ], [ 58.016024, 42.499707 ], [ 58.038245, 42.502781 ], [ 58.060879, 42.502265 ], [ 58.079896, 42.497304 ], [ 58.094366, 42.48671 ], [ 58.117207, 42.461518 ], [ 58.133226, 42.454567 ], [ 58.149453, 42.455678 ], [ 58.18573, 42.467254 ], [ 58.203816, 42.469502 ], [ 58.225727, 42.466582 ], [ 58.325049, 42.431856 ], [ 58.358949, 42.413407 ], [ 58.384684, 42.387827 ], [ 58.394916, 42.352248 ], [ 58.391505, 42.33398 ], [ 58.386131, 42.31685 ], [ 58.385821, 42.301321 ], [ 58.397603, 42.287859 ], [ 58.413933, 42.284759 ], [ 58.478218, 42.291993 ], [ 58.490621, 42.297574 ], [ 58.494135, 42.305713 ], [ 58.489587, 42.314524 ], [ 58.478218, 42.322327 ], [ 58.437911, 42.3577 ], [ 58.363703, 42.447074 ], [ 58.337038, 42.493712 ], [ 58.306239, 42.528671 ], [ 58.270996, 42.549032 ], [ 58.145732, 42.592569 ], [ 58.127025, 42.604997 ], [ 58.121341, 42.624247 ], [ 58.130643, 42.638846 ], [ 58.148833, 42.649 ], [ 58.186556, 42.661196 ], [ 58.239576, 42.685148 ], [ 58.258283, 42.689514 ], [ 58.282675, 42.68892 ], [ 58.390575, 42.656674 ], [ 58.441838, 42.647837 ], [ 58.493204, 42.64546 ], [ 58.534546, 42.654503 ], [ 58.555733, 42.683597 ], [ 58.569375, 42.768502 ], [ 58.587876, 42.791188 ], [ 58.612267, 42.780852 ], [ 58.827448, 42.593758 ], [ 58.89442, 42.547843 ], [ 58.9647, 42.524382 ], [ 59.009245, 42.518465 ], [ 59.038597, 42.519731 ], [ 59.067433, 42.525571 ], [ 59.096475, 42.535984 ], [ 59.122003, 42.537999 ], [ 59.146084, 42.526759 ], [ 59.209646, 42.477718 ], [ 59.223806, 42.460872 ], [ 59.233314, 42.441726 ], [ 59.2452, 42.365348 ], [ 59.258429, 42.347545 ], [ 59.287161, 42.335944 ], [ 59.338114, 42.33181 ], [ 59.361575, 42.32579 ], [ 59.401469, 42.293905 ], [ 59.426481, 42.286774 ], [ 59.478157, 42.285637 ], [ 59.689514, 42.309796 ], [ 59.77633, 42.303956 ], [ 59.820979, 42.307987 ], [ 59.866351, 42.304215 ], [ 59.897873, 42.278532 ], [ 59.925675, 42.246286 ], [ 59.960712, 42.222721 ], [ 60.00505, 42.209776 ], [ 60.028201, 42.199518 ], [ 60.040397, 42.18647 ], [ 60.036986, 42.169701 ], [ 60.020553, 42.160787 ], [ 60.000089, 42.154508 ], [ 59.983656, 42.145594 ], [ 59.974458, 42.09924 ], [ 59.994095, 42.050096 ], [ 59.997195, 42.010615 ], [ 59.937871, 41.993407 ], [ 59.937561, 41.993407 ], [ 59.937251, 41.993407 ], [ 59.936941, 41.993484 ], [ 59.919267, 41.98966 ], [ 59.908002, 41.979816 ], [ 59.906451, 41.966613 ], [ 59.91751, 41.952427 ], [ 59.931773, 41.947647 ], [ 59.983656, 41.949043 ], [ 60.088766, 41.919355 ], [ 60.118221, 41.900441 ], [ 60.141144, 41.874221 ], [ 60.152535, 41.861193 ], [ 60.167521, 41.849591 ], [ 60.214856, 41.828585 ], [ 60.228912, 41.819619 ], [ 60.241108, 41.808069 ], [ 60.250823, 41.794272 ], [ 60.252684, 41.780061 ], [ 60.241108, 41.767064 ], [ 60.225398, 41.765462 ], [ 60.205865, 41.772025 ], [ 60.171345, 41.788406 ], [ 60.133724, 41.797295 ], [ 60.102408, 41.795279 ], [ 60.074917, 41.781043 ], [ 60.049182, 41.753499 ], [ 60.058277, 41.718592 ], [ 60.089076, 41.674124 ], [ 60.155635, 41.603327 ], [ 60.16473, 41.584956 ], [ 60.150984, 41.572347 ], [ 60.109643, 41.556793 ], [ 60.09259, 41.545476 ], [ 60.079568, 41.531471 ], [ 60.071713, 41.514366 ], [ 60.059207, 41.434165 ], [ 60.066132, 41.410497 ], [ 60.094244, 41.389516 ], [ 60.203694, 41.34709 ], [ 60.299916, 41.309831 ], [ 60.360274, 41.276345 ], [ 60.414534, 41.235262 ], [ 60.443266, 41.219656 ], [ 60.478096, 41.212111 ], [ 60.538144, 41.213248 ], [ 60.65886, 41.243789 ], [ 60.860295, 41.252987 ], [ 60.930265, 41.240223 ], [ 60.978014, 41.202809 ], [ 60.984629, 41.206995 ], [ 60.99114, 41.212473 ], [ 61.004318, 41.229533 ], [ 61.01026, 41.237226 ], [ 61.014084, 41.2349 ], [ 61.017185, 41.22596 ], [ 61.022766, 41.216865 ], [ 61.081884, 41.224513 ], [ 61.09966, 41.2241 ], [ 61.2026, 41.168806 ], [ 61.243217, 41.1563 ], [ 61.281355, 41.157282 ], [ 61.315874, 41.17046 ], [ 61.343986, 41.193817 ], [ 61.363003, 41.225185 ], [ 61.387498, 41.235779 ], [ 61.397213, 41.27097 ], [ 61.410752, 41.292003 ], [ 61.43318, 41.300323 ], [ 61.470077, 41.29717 ], [ 61.567332, 41.277792 ], [ 61.654355, 41.249421 ], [ 61.877907, 41.124984 ], [ 61.897441, 41.10881 ], [ 61.970822, 41.01543 ], [ 61.979297, 40.998842 ], [ 61.982707, 40.97843 ], [ 61.985394, 40.907892 ], [ 61.990252, 40.893164 ], [ 61.982707, 40.885671 ], [ 61.993869, 40.865879 ], [ 62.02534, 40.781956 ], [ 62.036812, 40.736326 ], [ 62.044771, 40.714984 ], [ 62.055726, 40.701754 ], [ 62.088696, 40.674366 ], [ 62.100064, 40.660413 ], [ 62.120683, 40.59897 ], [ 62.134171, 40.577834 ], [ 62.171378, 40.539956 ], [ 62.177269, 40.530654 ], [ 62.18533, 40.507864 ], [ 62.187061, 40.505516 ], [ 62.191842, 40.499028 ], [ 62.213442, 40.486574 ], [ 62.260933, 40.475722 ], [ 62.343615, 40.439393 ], [ 62.353279, 40.430402 ], [ 62.356379, 40.388182 ], [ 62.362581, 40.369682 ], [ 62.388315, 40.330149 ], [ 62.396532, 40.312011 ], [ 62.400201, 40.292115 ], [ 62.400976, 40.265605 ], [ 62.405059, 40.245245 ], [ 62.435754, 40.194189 ], [ 62.439682, 40.172898 ], [ 62.434101, 40.154811 ], [ 62.425781, 40.136673 ], [ 62.421595, 40.115072 ], [ 62.424386, 40.092128 ], [ 62.441956, 40.035955 ], [ 62.452808, 40.009239 ], [ 62.524586, 39.939734 ], [ 62.535387, 39.93498 ], [ 62.593161, 39.890228 ], [ 62.710156, 39.825736 ], [ 62.846479, 39.750598 ], [ 63.008949, 39.661094 ], [ 63.338645, 39.479452 ], [ 63.477551, 39.402919 ], [ 63.54101, 39.3561 ], [ 63.648497, 39.239518 ], [ 63.709268, 39.190891 ], [ 63.820063, 39.129137 ], [ 63.959692, 39.051364 ], [ 64.120613, 38.96168 ], [ 64.150585, 38.949458 ], [ 64.180144, 38.945117 ], [ 64.205982, 38.949458 ], [ 64.283394, 38.979689 ], [ 64.313573, 38.98248 ], [ 64.337344, 38.970956 ], [ 64.367566, 38.940374 ], [ 64.424315, 38.882951 ], [ 64.634897, 38.744148 ], [ 64.763364, 38.686012 ], [ 64.910539, 38.645343 ], [ 64.977718, 38.61227 ], [ 65.110837, 38.517262 ], [ 65.205301, 38.449644 ], [ 65.340177, 38.377814 ], [ 65.439602, 38.324949 ], [ 65.60414, 38.237409 ], [ 65.671629, 38.219684 ], [ 65.740204, 38.224076 ], [ 65.76599, 38.235548 ], [ 65.81436, 38.266193 ], [ 65.842885, 38.275339 ], [ 65.876681, 38.272962 ], [ 65.97745, 38.234567 ], [ 66.043493, 38.226195 ], [ 66.071605, 38.214542 ], [ 66.133565, 38.175294 ], [ 66.198419, 38.160721 ], [ 66.231078, 38.148784 ], [ 66.260431, 38.126744 ], [ 66.306939, 38.08039 ], [ 66.408328, 38.042847 ], [ 66.439438, 38.035457 ], [ 66.515919, 38.035096 ], [ 66.554159, 38.026853 ], [ 66.590385, 38.012978 ], [ 66.624026, 37.994013 ], [ 66.624233, 37.993884 ], [ 66.624336, 37.993832 ], [ 66.636524, 37.966593 ], [ 66.645782, 37.945902 ], [ 66.60904, 37.889187 ], [ 66.553643, 37.832007 ], [ 66.518813, 37.782708 ], [ 66.514989, 37.743485 ], [ 66.522947, 37.665041 ], [ 66.519123, 37.62525 ], [ 66.497212, 37.55789 ], [ 66.493491, 37.522207 ], [ 66.507134, 37.493837 ], [ 66.526823, 37.480375 ], [ 66.542687, 37.466758 ], [ 66.546615, 37.45079 ], [ 66.530802, 37.430145 ], [ 66.512095, 37.414823 ], [ 66.497005, 37.397744 ], [ 66.494835, 37.379425 ], [ 66.519588, 37.36418 ], [ 66.502896, 37.355654 ], [ 66.485223, 37.343406 ], [ 66.469927, 37.329764 ], [ 66.461452, 37.324441 ], [ 66.451065, 37.322943 ], [ 66.438663, 37.327904 ], [ 66.423625, 37.34568 ], [ 66.413496, 37.349633 ], [ 66.389622, 37.347179 ], [ 66.320685, 37.329144 ], [ 66.294434, 37.331211 ], [ 66.274383, 37.343277 ], [ 66.257743, 37.356842 ], [ 66.250848, 37.35965 ], [ 66.241879, 37.363302 ], [ 66.232525, 37.365421 ], [ 66.218469, 37.3748 ], [ 66.207721, 37.376893 ], [ 66.174648, 37.375498 ], [ 66.163072, 37.376893 ], [ 66.142918, 37.385058 ], [ 66.125607, 37.3987 ], [ 66.097856, 37.428414 ], [ 66.079666, 37.440868 ], [ 65.855184, 37.507944 ], [ 65.836064, 37.519158 ], [ 65.829087, 37.525618 ], [ 65.821078, 37.535178 ], [ 65.804334, 37.565305 ], [ 65.79648, 37.569336 ], [ 65.776532, 37.572902 ], [ 65.761443, 37.578379 ], [ 65.758859, 37.564117 ], [ 65.752658, 37.537865 ], [ 65.739429, 37.529054 ], [ 65.698294, 37.529416 ], [ 65.681034, 37.526393 ], [ 65.668839, 37.520553 ], [ 65.65871, 37.51027 ], [ 65.648323, 37.494147 ], [ 65.648272, 37.49394 ], [ 65.648168, 37.493837 ], [ 65.635766, 37.474096 ], [ 65.625741, 37.452805 ], [ 65.620986, 37.430404 ], [ 65.628893, 37.387538 ], [ 65.629461, 37.365421 ], [ 65.624087, 37.345138 ], [ 65.611271, 37.331056 ], [ 65.583159, 37.30806 ], [ 65.536857, 37.257107 ], [ 65.501407, 37.242276 ], [ 65.487922, 37.241997 ], [ 65.063088, 37.233232 ], [ 64.989087, 37.213673 ], [ 64.807909, 37.135512 ], [ 64.778764, 37.118046 ], [ 64.76016, 37.092621 ], [ 64.755613, 37.053631 ], [ 64.77463, 36.977589 ], [ 64.778764, 36.93847 ], [ 64.765225, 36.904622 ], [ 64.728549, 36.85057 ], [ 64.621357, 36.692593 ], [ 64.604821, 36.660554 ], [ 64.592005, 36.621073 ], [ 64.588801, 36.600454 ], [ 64.589008, 36.580249 ], [ 64.593711, 36.559837 ], [ 64.607767, 36.521648 ], [ 64.610505, 36.500926 ], [ 64.605855, 36.461083 ], [ 64.594382, 36.424186 ], [ 64.576657, 36.389615 ], [ 64.498161, 36.291429 ], [ 64.477697, 36.271637 ], [ 64.444572, 36.249985 ], [ 64.410879, 36.239856 ], [ 64.33724, 36.225955 ], [ 64.318947, 36.219754 ], [ 64.303651, 36.211538 ], [ 64.291869, 36.199445 ], [ 64.276056, 36.159241 ], [ 64.266134, 36.152471 ], [ 64.253731, 36.154849 ], [ 64.237143, 36.16043 ], [ 64.195905, 36.165907 ], [ 64.158698, 36.160275 ], [ 64.123352, 36.146064 ], [ 64.057258, 36.105239 ], [ 64.044648, 36.09232 ], [ 64.036225, 36.076404 ], [ 64.03638, 36.058575 ], [ 64.045579, 36.011291 ], [ 64.045114, 35.998734 ], [ 63.949977, 36.028861 ], [ 63.921969, 36.033719 ], [ 63.906327, 36.031732 ], [ 63.889826, 36.029637 ], [ 63.859854, 36.022092 ], [ 63.765906, 35.977288 ], [ 63.725702, 35.968865 ], [ 63.602298, 35.962664 ], [ 63.582093, 35.959047 ], [ 63.563438, 35.950623 ], [ 63.549588, 35.939048 ], [ 63.52592, 35.912693 ], [ 63.511089, 35.901841 ], [ 63.430216, 35.871042 ], [ 63.342934, 35.856262 ], [ 63.125273, 35.860241 ], [ 63.104086, 35.856469 ], [ 63.088634, 35.843395 ], [ 63.084397, 35.826083 ], [ 63.091322, 35.813319 ], [ 63.101295, 35.800555 ], [ 63.105688, 35.782882 ], [ 63.112044, 35.769911 ], [ 63.163255, 35.73229 ], [ 63.17726, 35.716891 ], [ 63.183926, 35.712343 ], [ 63.209351, 35.704488 ], [ 63.214415, 35.699269 ], [ 63.213588, 35.692293 ], [ 63.207697, 35.683198 ], [ 63.179895, 35.666455 ], [ 63.103156, 35.646042 ], [ 63.076646, 35.6247 ], [ 63.07494, 35.609817 ], [ 63.077369, 35.558761 ], [ 63.080573, 35.546514 ], [ 63.097213, 35.535455 ], [ 63.100727, 35.524964 ], [ 63.090495, 35.493545 ], [ 63.086257, 35.455666 ], [ 63.080211, 35.437063 ], [ 63.066827, 35.425591 ], [ 63.047087, 35.421353 ], [ 63.005539, 35.418408 ], [ 62.985282, 35.414584 ], [ 62.918206, 35.388177 ], [ 62.827565, 35.329318 ], [ 62.823063, 35.327514 ], [ 62.760489, 35.302446 ], [ 62.734238, 35.280742 ], [ 62.721628, 35.266427 ], [ 62.708606, 35.25604 ], [ 62.69362, 35.248392 ], [ 62.621066, 35.222709 ], [ 62.60453, 35.219402 ], [ 62.595641, 35.22059 ], [ 62.566186, 35.230771 ], [ 62.555437, 35.230409 ], [ 62.545515, 35.228032 ], [ 62.53549, 35.22736 ], [ 62.524586, 35.232166 ], [ 62.458905, 35.281879 ], [ 62.431879, 35.280638 ], [ 62.399323, 35.255937 ], [ 62.302016, 35.14752 ], [ 62.286203, 35.140647 ], [ 62.275713, 35.151034 ], [ 62.256851, 35.187156 ], [ 62.25096, 35.202349 ], [ 62.252613, 35.242811 ], [ 62.251218, 35.260381 ], [ 62.244345, 35.278055 ], [ 62.2337, 35.293764 ], [ 62.219023, 35.30627 ], [ 62.163885, 35.326165 ], [ 62.136341, 35.341358 ], [ 62.033815, 35.423989 ], [ 62.00746, 35.438923 ], [ 61.977746, 35.450912 ], [ 61.919352, 35.451842 ], [ 61.799049, 35.417478 ], [ 61.739621, 35.413757 ], [ 61.604746, 35.430603 ], [ 61.538703, 35.452307 ], [ 61.492711, 35.494165 ], [ 61.427702, 35.542845 ], [ 61.419309, 35.545891 ], [ 61.412613, 35.548322 ], [ 61.401244, 35.549821 ], [ 61.393182, 35.553593 ], [ 61.386878, 35.559536 ], [ 61.380263, 35.567339 ], [ 61.379953, 35.571318 ], [ 61.383881, 35.582119 ], [ 61.383467, 35.586459 ], [ 61.367654, 35.597983 ], [ 61.365484, 35.5985 ], [ 61.363934, 35.598242 ], [ 61.351531, 35.60713 ], [ 61.360109, 35.618395 ], [ 61.360936, 35.621031 ], [ 61.351531, 35.627801 ], [ 61.344193, 35.630901 ], [ 61.335718, 35.630901 ], [ 61.283318, 35.622633 ], [ 61.269676, 35.618499 ], [ 61.245388, 35.649298 ] ] ], [ [ [ 53.040294, 39.081 ], [ 53.057628, 39.094428 ], [ 53.081716, 39.097724 ], [ 53.086599, 39.091295 ], [ 53.087901, 39.088121 ], [ 53.087901, 39.083441 ], [ 53.058849, 39.067084 ], [ 53.053966, 39.026801 ], [ 53.067393, 38.946845 ], [ 53.079438, 38.863471 ], [ 53.102061, 38.781724 ], [ 53.097992, 38.769232 ], [ 53.098399, 38.763902 ], [ 53.102061, 38.755072 ], [ 53.094737, 38.755072 ], [ 53.092133, 38.778795 ], [ 53.062999, 38.864691 ], [ 53.046886, 38.891669 ], [ 53.040212, 38.906684 ], [ 53.038422, 38.916938 ], [ 53.04005, 38.943427 ], [ 53.037852, 38.97016 ], [ 53.028575, 39.016303 ], [ 53.026378, 39.039374 ], [ 53.029959, 39.061347 ], [ 53.040294, 39.081 ] ] ], [ [ [ 53.479991, 39.593329 ], [ 53.491873, 39.597968 ], [ 53.498302, 39.59101 ], [ 53.503754, 39.586127 ], [ 53.508637, 39.585517 ], [ 53.51295, 39.591213 ], [ 53.517345, 39.569403 ], [ 53.519298, 39.56387 ], [ 53.539724, 39.539618 ], [ 53.534434, 39.527655 ], [ 53.521983, 39.516099 ], [ 53.506196, 39.508612 ], [ 53.491873, 39.508612 ], [ 53.486583, 39.516343 ], [ 53.475271, 39.548082 ], [ 53.468272, 39.560452 ], [ 53.462901, 39.573798 ], [ 53.468516, 39.584947 ], [ 53.479991, 39.593329 ] ] ] ] } },
{ "type": "Feature", "properties": { "ADMIN": "Azerbaijan", "SOVEREIGNT": "Azerbaijan", "TYPE": "Sovereign country", "NAME": "Azerbaijan", "ISO_A3": "AZE" }, "geometry": { "type": "MultiPolygon", "coordinates": [ [ [ [ 48.001648, 41.362076 ], [ 48.034566, 41.433648 ], [ 48.053532, 41.461295 ], [ 48.086553, 41.476643 ], [ 48.201843, 41.493489 ], [ 48.23135, 41.505478 ], [ 48.283698, 41.539533 ], [ 48.370153, 41.58015 ], [ 48.393046, 41.598883 ], [ 48.413251, 41.627615 ], [ 48.455419, 41.714406 ], [ 48.462211, 41.720992 ], [ 48.53066, 41.787373 ], [ 48.578949, 41.845282 ], [ 48.589366, 41.838365 ], [ 48.620128, 41.824408 ], [ 48.655447, 41.800605 ], [ 48.743663, 41.70893 ], [ 48.777843, 41.68301 ], [ 48.79184, 41.667426 ], [ 48.797618, 41.643134 ], [ 48.865896, 41.585395 ], [ 48.904063, 41.523383 ], [ 48.924327, 41.517808 ], [ 48.941173, 41.504625 ], [ 48.953868, 41.489081 ], [ 48.962169, 41.476142 ], [ 48.985362, 41.450507 ], [ 48.989431, 41.444525 ], [ 48.994477, 41.440416 ], [ 49.019216, 41.43476 ], [ 49.027599, 41.43122 ], [ 49.042491, 41.414374 ], [ 49.078624, 41.35753 ], [ 49.108897, 41.30976 ], [ 49.123383, 41.293687 ], [ 49.135916, 41.27497 ], [ 49.141938, 41.25316 ], [ 49.154307, 41.166449 ], [ 49.160655, 41.148098 ], [ 49.171641, 41.140367 ], [ 49.178477, 41.128852 ], [ 49.195486, 41.057278 ], [ 49.243175, 40.997219 ], [ 49.363129, 40.894232 ], [ 49.373057, 40.882799 ], [ 49.382009, 40.866645 ], [ 49.403168, 40.852729 ], [ 49.448741, 40.831285 ], [ 49.471039, 40.835761 ], [ 49.489919, 40.823147 ], [ 49.507823, 40.80622 ], [ 49.527843, 40.797797 ], [ 49.538829, 40.788072 ], [ 49.534353, 40.766181 ], [ 49.516938, 40.728909 ], [ 49.510997, 40.70954 ], [ 49.509532, 40.699042 ], [ 49.510753, 40.687934 ], [ 49.514903, 40.681586 ], [ 49.528331, 40.66885 ], [ 49.531261, 40.663723 ], [ 49.531912, 40.662869 ], [ 49.53891, 40.653998 ], [ 49.556651, 40.641181 ], [ 49.576182, 40.62995 ], [ 49.58961, 40.62519 ], [ 49.633067, 40.623196 ], [ 49.652599, 40.619208 ], [ 49.668468, 40.612209 ], [ 49.704112, 40.58808 ], [ 49.723806, 40.580756 ], [ 49.773936, 40.575629 ], [ 49.816742, 40.565375 ], [ 49.840343, 40.563788 ], [ 49.858653, 40.566636 ], [ 49.914236, 40.584296 ], [ 49.938162, 40.58747 ], [ 50.052013, 40.584296 ], [ 50.060395, 40.577948 ], [ 50.064789, 40.57095 ], [ 50.068044, 40.563707 ], [ 50.07252, 40.556952 ], [ 50.090343, 40.540229 ], [ 50.109386, 40.527086 ], [ 50.129649, 40.518459 ], [ 50.220063, 40.503648 ], [ 50.237559, 40.496161 ], [ 50.248546, 40.481187 ], [ 50.260753, 40.458075 ], [ 50.27589, 40.436591 ], [ 50.295665, 40.427232 ], [ 50.317393, 40.42121 ], [ 50.335948, 40.405951 ], [ 50.350597, 40.385891 ], [ 50.360525, 40.36518 ], [ 50.370779, 40.28262 ], [ 50.377696, 40.2744 ], [ 50.385997, 40.255683 ], [ 50.391124, 40.235012 ], [ 50.387869, 40.221137 ], [ 50.368663, 40.249701 ], [ 50.347911, 40.2744 ], [ 50.32309, 40.296576 ], [ 50.273692, 40.327338 ], [ 50.252615, 40.33633 ], [ 50.229991, 40.34276 ], [ 50.185313, 40.34748 ], [ 50.147716, 40.35692 ], [ 50.127696, 40.358954 ], [ 50.116466, 40.357978 ], [ 50.102875, 40.35342 ], [ 50.093598, 40.351508 ], [ 50.055186, 40.351508 ], [ 50.037608, 40.345771 ], [ 50.003754, 40.324205 ], [ 49.983735, 40.324205 ], [ 49.976573, 40.329047 ], [ 49.963715, 40.344794 ], [ 49.955821, 40.351508 ], [ 49.945323, 40.354722 ], [ 49.919607, 40.35814 ], [ 49.893403, 40.369045 ], [ 49.873546, 40.360582 ], [ 49.840343, 40.337836 ], [ 49.847179, 40.314154 ], [ 49.819021, 40.29206 ], [ 49.778331, 40.275824 ], [ 49.711925, 40.26435 ], [ 49.653656, 40.23843 ], [ 49.577159, 40.216742 ], [ 49.559255, 40.206692 ], [ 49.520844, 40.174221 ], [ 49.503591, 40.164944 ], [ 49.492524, 40.153998 ], [ 49.490408, 40.132392 ], [ 49.49586, 40.105211 ], [ 49.496593, 40.09455 ], [ 49.442638, 40.078437 ], [ 49.432628, 40.062974 ], [ 49.435069, 40.042792 ], [ 49.448741, 40.022528 ], [ 49.457693, 40.015041 ], [ 49.471934, 40.006496 ], [ 49.479747, 39.998969 ], [ 49.483897, 39.988674 ], [ 49.478282, 39.982327 ], [ 49.468272, 39.977362 ], [ 49.450694, 39.96483 ], [ 49.442882, 39.961859 ], [ 49.435395, 39.957668 ], [ 49.428233, 39.947455 ], [ 49.423676, 39.935492 ], [ 49.423106, 39.9265 ], [ 49.428233, 39.90644 ], [ 49.439708, 39.884996 ], [ 49.443126, 39.873358 ], [ 49.438487, 39.861762 ], [ 49.429698, 39.854315 ], [ 49.422048, 39.849433 ], [ 49.416515, 39.843736 ], [ 49.414561, 39.834174 ], [ 49.416352, 39.828599 ], [ 49.419688, 39.82331 ], [ 49.422374, 39.817328 ], [ 49.421397, 39.810248 ], [ 49.417166, 39.805854 ], [ 49.40089, 39.796617 ], [ 49.394786, 39.782457 ], [ 49.395193, 39.77619 ], [ 49.40089, 39.769273 ], [ 49.396332, 39.756171 ], [ 49.402029, 39.742499 ], [ 49.424815, 39.718085 ], [ 49.423595, 39.70954 ], [ 49.409841, 39.701361 ], [ 49.383962, 39.690131 ], [ 49.358735, 39.666571 ], [ 49.33725, 39.64643 ], [ 49.318044, 39.621405 ], [ 49.319021, 39.604193 ], [ 49.307384, 39.587592 ], [ 49.29713, 39.565579 ], [ 49.289236, 39.542385 ], [ 49.284923, 39.522203 ], [ 49.285818, 39.495185 ], [ 49.295746, 39.476711 ], [ 49.388845, 39.410793 ], [ 49.40089, 39.399359 ], [ 49.408946, 39.38642 ], [ 49.408051, 39.382025 ], [ 49.403575, 39.378485 ], [ 49.397309, 39.34516 ], [ 49.398692, 39.33515 ], [ 49.407074, 39.323676 ], [ 49.394786, 39.328681 ], [ 49.38559, 39.334947 ], [ 49.378673, 39.342475 ], [ 49.373057, 39.350979 ], [ 49.366873, 39.350979 ], [ 49.370616, 39.336168 ], [ 49.37908, 39.31981 ], [ 49.391368, 39.305487 ], [ 49.407074, 39.296942 ], [ 49.407074, 39.289496 ], [ 49.384532, 39.293687 ], [ 49.370372, 39.305854 ], [ 49.357677, 39.320136 ], [ 49.306407, 39.346503 ], [ 49.273123, 39.336575 ], [ 49.247325, 39.310696 ], [ 49.237071, 39.278957 ], [ 49.237804, 39.169501 ], [ 49.234304, 39.156358 ], [ 49.229666, 39.138658 ], [ 49.215587, 39.10635 ], [ 49.210785, 39.090766 ], [ 49.207856, 39.055406 ], [ 49.203298, 39.034125 ], [ 49.193858, 39.016343 ], [ 49.118826, 38.975328 ], [ 49.079275, 38.963324 ], [ 49.051524, 38.981024 ], [ 49.054698, 38.992743 ], [ 49.054373, 39.0008 ], [ 49.055837, 39.007514 ], [ 49.065196, 39.015123 ], [ 49.110118, 39.021959 ], [ 49.125499, 39.028144 ], [ 49.138682, 39.043443 ], [ 49.146821, 39.063422 ], [ 49.147716, 39.083441 ], [ 49.136404, 39.102281 ], [ 49.116384, 39.110297 ], [ 49.068614, 39.111396 ], [ 49.068614, 39.120307 ], [ 49.062755, 39.161322 ], [ 49.05893, 39.172797 ], [ 49.041189, 39.184394 ], [ 49.022227, 39.188218 ], [ 48.979503, 39.187079 ], [ 48.967621, 39.183824 ], [ 48.961762, 39.175849 ], [ 48.957856, 39.165676 ], [ 48.949555, 39.151272 ], [ 48.948741, 39.146186 ], [ 48.949067, 39.135321 ], [ 48.946951, 39.127509 ], [ 48.942149, 39.125393 ], [ 48.937266, 39.125434 ], [ 48.934825, 39.124416 ], [ 48.932953, 39.077704 ], [ 48.936371, 39.053127 ], [ 48.952647, 39.031643 ], [ 48.948578, 39.007229 ], [ 48.921723, 38.935452 ], [ 48.918224, 38.928941 ], [ 48.898692, 38.893052 ], [ 48.896251, 38.890733 ], [ 48.867931, 38.863837 ], [ 48.831798, 38.871161 ], [ 48.83253, 38.835639 ], [ 48.834727, 38.819281 ], [ 48.839203, 38.803534 ], [ 48.863129, 38.756659 ], [ 48.8685, 38.602484 ], [ 48.874278, 38.434231 ], [ 48.874278, 38.434068 ], [ 48.809713, 38.444631 ], [ 48.777725, 38.444812 ], [ 48.755349, 38.435226 ], [ 48.735609, 38.419568 ], [ 48.710287, 38.407114 ], [ 48.683209, 38.398019 ], [ 48.659128, 38.392645 ], [ 48.612962, 38.395646 ], [ 48.607865, 38.395978 ], [ 48.575929, 38.420369 ], [ 48.548643, 38.456258 ], [ 48.535641, 38.469154 ], [ 48.510816, 38.493776 ], [ 48.495933, 38.510312 ], [ 48.479087, 38.524756 ], [ 48.462654, 38.544935 ], [ 48.446634, 38.556407 ], [ 48.433715, 38.569972 ], [ 48.426739, 38.596457 ], [ 48.415267, 38.618109 ], [ 48.391754, 38.618109 ], [ 48.341059, 38.599583 ], [ 48.310312, 38.600151 ], [ 48.292225, 38.613562 ], [ 48.276515, 38.631777 ], [ 48.228043, 38.662189 ], [ 48.226182, 38.679087 ], [ 48.230317, 38.698621 ], [ 48.225635, 38.713193 ], [ 48.222979, 38.721462 ], [ 48.21037, 38.729756 ], [ 48.077974, 38.780941 ], [ 48.012966, 38.821559 ], [ 48.0, 38.840197788349123 ], [ 48.0, 38.902531772282558 ], [ 48.000046, 38.902588 ], [ 48.052446, 38.927909 ], [ 48.05534, 38.934369 ], [ 48.055134, 38.941914 ], [ 48.058544, 38.948373 ], [ 48.243184, 38.973875 ], [ 48.28437, 38.993797 ], [ 48.284474, 38.994003 ], [ 48.284629, 38.994003 ], [ 48.293672, 39.004597 ], [ 48.301423, 39.017464 ], [ 48.30159, 39.017946 ], [ 48.306281, 39.031469 ], [ 48.306798, 39.045396 ], [ 48.301475, 39.05803 ], [ 48.271296, 39.108312 ], [ 48.256258, 39.119784 ], [ 48.199104, 39.138232 ], [ 48.142157, 39.181201 ], [ 48.117765, 39.208047 ], [ 48.104329, 39.234841 ], [ 48.10619, 39.26918 ], [ 48.124587, 39.297602 ], [ 48.153525, 39.319048 ], [ 48.187218, 39.332587 ], [ 48.24985, 39.342354 ], [ 48.302457, 39.369898 ], [ 48.328405, 39.37633 ], [ 48.33894, 39.378941 ], [ 48.31672, 39.415166 ], [ 48.288608, 39.445035 ], [ 48.220085, 39.494025 ], [ 48.052033, 39.650087 ], [ 48.0, 39.687598846886829 ], [ 48.0, 41.361367504426354 ], [ 48.001648, 41.362076 ] ] ], [ [ [ 50.600108, 40.303697 ], [ 50.587576, 40.300605 ], [ 50.572765, 40.310045 ], [ 50.562999, 40.324856 ], [ 50.565278, 40.337836 ], [ 50.578298, 40.330024 ], [ 50.587901, 40.332343 ], [ 50.59669, 40.33747 ], [ 50.606944, 40.337836 ], [ 50.621267, 40.326077 ], [ 50.625743, 40.31037 ], [ 50.618907, 40.299994 ], [ 50.600108, 40.303697 ] ] ], [ [ [ 50.373546, 40.399075 ], [ 50.353689, 40.399888 ], [ 50.358653, 40.424221 ], [ 50.32602, 40.458075 ], [ 50.326427, 40.481879 ], [ 50.338634, 40.476874 ], [ 50.353689, 40.480658 ], [ 50.360525, 40.474433 ], [ 50.362804, 40.453559 ], [ 50.372569, 40.442572 ], [ 50.38502, 40.433987 ], [ 50.395274, 40.420396 ], [ 50.396251, 40.408515 ], [ 50.388438, 40.401679 ], [ 50.373546, 40.399075 ] ] ] ] } },
{ "type": "Feature", "properties": { "ADMIN": "Baykonur Cosmodrome", "SOVEREIGNT": "Kazakhstan", "TYPE": "Lease", "NAME": "Baikonur", "ISO_A3": "-99" }, "geometry": { "type": "Polygon", "coordinates": [ [ [ 63.324279, 45.567969 ], [ 63.26635, 45.574222 ], [ 63.210488, 45.584376 ], [ 63.156899, 45.598251 ], [ 63.105946, 45.615615 ], [ 63.057835, 45.636285 ], [ 63.012929, 45.660005 ], [ 62.971484, 45.686644 ], [ 62.933864, 45.715945 ], [ 62.900274, 45.7477 ], [ 62.871025, 45.781703 ], [ 62.846479, 45.817773 ], [ 62.826893, 45.855703 ], [ 62.812527, 45.895184 ], [ 62.803639, 45.936164 ], [ 62.800642, 45.978332 ], [ 62.803639, 46.0205 ], [ 62.812527, 46.061427 ], [ 62.826893, 46.100986 ], [ 62.846479, 46.13889 ], [ 62.871025, 46.17496 ], [ 62.900274, 46.208964 ], [ 62.933864, 46.240719 ], [ 62.971484, 46.270019 ], [ 63.012929, 46.296658 ], [ 63.057835, 46.320378 ], [ 63.105946, 46.341048 ], [ 63.156899, 46.358412 ], [ 63.210488, 46.372261 ], [ 63.26635, 46.382441 ], [ 63.324279, 46.388694 ], [ 63.383914, 46.390839 ], [ 63.443548, 46.388694 ], [ 63.501477, 46.382441 ], [ 63.557391, 46.372261 ], [ 63.610928, 46.358412 ], [ 63.661881, 46.341048 ], [ 63.70994, 46.320378 ], [ 63.754899, 46.296658 ], [ 63.796343, 46.270019 ], [ 63.833964, 46.240719 ], [ 63.867553, 46.208964 ], [ 63.896699, 46.17496 ], [ 63.921297, 46.13889 ], [ 63.940934, 46.100986 ], [ 63.9553, 46.061427 ], [ 63.964085, 46.0205 ], [ 63.967134, 45.978332 ], [ 63.964085, 45.936164 ], [ 63.9553, 45.895184 ], [ 63.940934, 45.855703 ], [ 63.921297, 45.817773 ], [ 63.896699, 45.781703 ], [ 63.867553, 45.7477 ], [ 63.833964, 45.715945 ], [ 63.796343, 45.686644 ], [ 63.754899, 45.660005 ], [ 63.70994, 45.636285 ], [ 63.661881, 45.615615 ], [ 63.610928, 45.598251 ], [ 63.557391, 45.584376 ], [ 63.501477, 45.574222 ], [ 63.443548, 45.567969 ], [ 63.383914, 45.565824 ], [ 63.324279, 45.567969 ] ] ] } },
{ "type": "Feature", "properties": { "ADMIN": "Russia", "SOVEREIGNT": "Russia", "TYPE": "Sovereign country", "NAME": "Russia", "ISO_A3": "RUS" }, "geometry": { "type": "MultiPolygon", "coordinates": [ [ [ [ 87.716382, 49.158861 ], [ 87.525282, 49.119794 ], [ 87.514017, 49.119639 ], [ 87.506059, 49.120879 ], [ 87.500064, 49.119173 ], [ 87.491589, 49.103205 ], [ 87.487145, 49.096953 ], [ 87.481771, 49.09163 ], [ 87.47557, 49.087599 ], [ 87.438363, 49.07468 ], [ 87.400432, 49.071011 ], [ 87.362295, 49.075093 ], [ 87.323796, 49.085274 ], [ 87.30819, 49.113851 ], [ 87.287674, 49.184337 ], [ 87.271758, 49.205111 ], [ 87.217963, 49.229813 ], [ 87.190316, 49.237823 ], [ 87.160447, 49.242008 ], [ 87.076008, 49.236892 ], [ 87.050376, 49.238908 ], [ 87.03663, 49.242732 ], [ 87.024538, 49.248933 ], [ 87.017148, 49.258648 ], [ 87.01689, 49.272756 ], [ 87.012549, 49.280714 ], [ 87.000147, 49.289086 ], [ 86.933329, 49.324277 ], [ 86.91302, 49.338695 ], [ 86.905062, 49.351924 ], [ 86.915656, 49.369959 ], [ 86.930797, 49.380553 ], [ 86.933071, 49.390113 ], [ 86.905475, 49.404686 ], [ 86.854419, 49.421274 ], [ 86.828994, 49.433315 ], [ 86.814008, 49.450006 ], [ 86.814266, 49.47295 ], [ 86.822896, 49.492794 ], [ 86.824343, 49.509227 ], [ 86.802432, 49.52225 ], [ 86.732566, 49.550672 ], [ 86.709518, 49.554496 ], [ 86.664146, 49.547416 ], [ 86.642546, 49.547468 ], [ 86.618568, 49.557958 ], [ 86.599344, 49.573513 ], [ 86.591799, 49.587207 ], [ 86.595985, 49.601883 ], [ 86.611126, 49.620228 ], [ 86.647093, 49.653663 ], [ 86.667712, 49.664256 ], [ 86.716133, 49.666789 ], [ 86.736493, 49.671905 ], [ 86.755614, 49.681516 ], [ 86.775871, 49.695004 ], [ 86.75148, 49.711695 ], [ 86.740524, 49.722754 ], [ 86.73763, 49.735002 ], [ 86.743418, 49.744717 ], [ 86.752565, 49.756034 ], [ 86.759593, 49.767713 ], [ 86.758921, 49.778616 ], [ 86.748379, 49.782957 ], [ 86.730809, 49.782544 ], [ 86.700217, 49.777738 ], [ 86.68492, 49.778203 ], [ 86.642442, 49.793861 ], [ 86.610196, 49.795515 ], [ 86.595365, 49.78089 ], [ 86.584926, 49.760065 ], [ 86.565134, 49.742701 ], [ 86.55821, 49.741461 ], [ 86.552215, 49.74234 ], [ 86.545601, 49.74265 ], [ 86.537436, 49.739446 ], [ 86.524413, 49.729524 ], [ 86.519711, 49.726837 ], [ 86.472737, 49.708336 ], [ 86.479661, 49.697278 ], [ 86.482969, 49.686271 ], [ 86.48178, 49.676917 ], [ 86.475476, 49.670819 ], [ 86.458267, 49.665652 ], [ 86.391812, 49.624982 ], [ 86.32949, 49.610255 ], [ 86.272129, 49.583641 ], [ 86.246394, 49.550052 ], [ 86.214251, 49.496153 ], [ 86.177251, 49.463339 ], [ 86.136685, 49.493001 ], [ 86.111519, 49.520183 ], [ 86.070488, 49.52628 ], [ 86.027544, 49.515635 ], [ 85.99597, 49.492794 ], [ 85.995815, 49.492794 ], [ 85.980054, 49.482872 ], [ 85.963001, 49.478583 ], [ 85.946257, 49.481374 ], [ 85.931426, 49.492846 ], [ 85.931891, 49.510054 ], [ 85.942123, 49.551085 ], [ 85.940573, 49.559612 ], [ 85.899852, 49.564056 ], [ 85.880732, 49.563281 ], [ 85.860785, 49.557493 ], [ 85.827505, 49.541008 ], [ 85.809211, 49.536512 ], [ 85.794432, 49.541835 ], [ 85.779549, 49.556046 ], [ 85.764718, 49.566846 ], [ 85.747406, 49.572996 ], [ 85.725754, 49.573048 ], [ 85.690046, 49.562919 ], [ 85.673302, 49.560439 ], [ 85.656198, 49.564934 ], [ 85.642297, 49.577492 ], [ 85.628447, 49.606482 ], [ 85.614856, 49.617128 ], [ 85.597183, 49.619298 ], [ 85.580802, 49.613355 ], [ 85.549279, 49.595268 ], [ 85.531296, 49.589119 ], [ 85.513209, 49.585347 ], [ 85.475692, 49.583073 ], [ 85.45099, 49.588447 ], [ 85.407272, 49.609635 ], [ 85.384018, 49.615681 ], [ 85.364226, 49.61413 ], [ 85.342057, 49.608188 ], [ 85.320352, 49.599454 ], [ 85.302782, 49.590101 ], [ 85.263095, 49.581523 ], [ 85.223614, 49.595734 ], [ 85.195037, 49.625654 ], [ 85.185115, 49.705029 ], [ 85.163256, 49.733968 ], [ 85.098144, 49.782182 ], [ 85.081711, 49.80001 ], [ 85.075923, 49.813911 ], [ 85.070755, 49.85024 ], [ 85.056286, 49.873339 ], [ 85.032618, 49.884967 ], [ 84.975774, 49.89401 ], [ 84.954587, 49.906929 ], [ 84.950659, 49.933284 ], [ 84.954793, 49.99049 ], [ 84.962183, 49.991885 ], [ 84.964612, 49.992764 ], [ 84.964715, 49.992764 ], [ 85.009364, 49.997828 ], [ 85.025435, 50.004081 ], [ 85.028329, 50.020514 ], [ 85.020112, 50.033071 ], [ 84.986729, 50.066971 ], [ 84.975774, 50.075187 ], [ 84.910248, 50.095083 ], [ 84.887976, 50.096737 ], [ 84.873765, 50.092447 ], [ 84.855885, 50.084851 ], [ 84.838676, 50.08082 ], [ 84.826119, 50.086711 ], [ 84.801521, 50.123763 ], [ 84.790669, 50.132755 ], [ 84.773202, 50.138336 ], [ 84.738114, 50.135391 ], [ 84.720286, 50.136631 ], [ 84.689383, 50.151048 ], [ 84.666697, 50.170014 ], [ 84.641996, 50.184897 ], [ 84.605977, 50.187429 ], [ 84.569287, 50.185517 ], [ 84.535697, 50.190943 ], [ 84.504588, 50.204585 ], [ 84.475753, 50.227065 ], [ 84.440768, 50.244635 ], [ 84.405266, 50.230837 ], [ 84.368783, 50.21182 ], [ 84.331369, 50.213474 ], [ 84.324341, 50.219623 ], [ 84.312145, 50.236366 ], [ 84.304394, 50.243239 ], [ 84.291578, 50.248045 ], [ 84.261812, 50.253626 ], [ 84.249978, 50.259931 ], [ 84.239643, 50.278224 ], [ 84.239488, 50.299308 ], [ 84.241865, 50.321891 ], [ 84.239385, 50.344628 ], [ 84.218404, 50.377701 ], [ 84.191842, 50.407725 ], [ 84.176753, 50.439145 ], [ 84.19794, 50.493146 ], [ 84.195615, 50.51144 ], [ 84.185951, 50.527976 ], [ 84.151225, 50.552574 ], [ 84.145024, 50.566062 ], [ 84.142336, 50.581513 ], [ 84.133035, 50.600788 ], [ 84.101719, 50.62859 ], [ 84.088597, 50.634613 ], [ 83.975835, 50.686365 ], [ 83.949738, 50.717887 ], [ 83.950565, 50.780416 ], [ 83.921988, 50.800725 ], [ 83.882817, 50.81199 ], [ 83.869692, 50.821395 ], [ 83.838272, 50.856277 ], [ 83.820496, 50.868007 ], [ 83.800445, 50.875655 ], [ 83.778173, 50.879428 ], [ 83.732646, 50.879635 ], [ 83.712802, 50.882218 ], [ 83.690581, 50.89183 ], [ 83.632652, 50.9248 ], [ 83.609759, 50.932034 ], [ 83.498345, 50.945419 ], [ 83.477002, 50.953377 ], [ 83.462016, 50.964332 ], [ 83.433956, 50.992651 ], [ 83.323782, 51.002418 ], [ 83.212057, 50.992651 ], [ 83.195934, 50.988775 ], [ 83.179605, 50.987277 ], [ 83.163275, 50.988465 ], [ 83.13754, 50.994666 ], [ 83.127411, 50.995235 ], [ 83.117386, 50.994563 ], [ 83.107568, 50.992651 ], [ 83.08607, 50.95255 ], [ 83.057855, 50.917152 ], [ 83.021475, 50.891778 ], [ 82.975896, 50.881908 ], [ 82.844121, 50.891727 ], [ 82.764539, 50.906661 ], [ 82.726454, 50.900718 ], [ 82.699996, 50.880978 ], [ 82.698032, 50.810957 ], [ 82.672762, 50.789769 ], [ 82.604239, 50.769047 ], [ 82.475823, 50.714012 ], [ 82.430296, 50.741142 ], [ 82.408282, 50.748376 ], [ 82.362497, 50.742124 ], [ 82.351335, 50.745534 ], [ 82.341206, 50.750288 ], [ 82.32839, 50.752097 ], [ 82.313663, 50.747756 ], [ 82.301157, 50.740935 ], [ 82.288393, 50.737421 ], [ 82.273148, 50.743054 ], [ 82.255733, 50.745224 ], [ 82.236303, 50.734475 ], [ 82.216614, 50.719438 ], [ 82.198786, 50.708792 ], [ 82.173671, 50.703056 ], [ 82.147316, 50.701609 ], [ 82.095536, 50.70812 ], [ 82.073109, 50.715665 ], [ 82.012544, 50.750133 ], [ 81.990323, 50.759642 ], [ 81.945365, 50.769202 ], [ 81.895032, 50.774215 ], [ 81.822426, 50.76574 ], [ 81.800877, 50.767858 ], [ 81.763464, 50.784343 ], [ 81.744137, 50.784912 ], [ 81.72574, 50.774628 ], [ 81.697214, 50.745017 ], [ 81.674115, 50.736026 ], [ 81.460226, 50.730341 ], [ 81.431081, 50.740728 ], [ 81.418782, 50.762484 ], [ 81.42612, 50.788167 ], [ 81.444723, 50.813385 ], [ 81.466117, 50.833746 ], [ 81.439504, 50.859687 ], [ 81.416095, 50.88966 ], [ 81.401212, 50.922991 ], [ 81.400798, 50.959113 ], [ 81.277447, 50.962679 ], [ 81.158849, 50.938236 ], [ 81.104382, 50.936685 ], [ 81.077924, 50.940664 ], [ 81.058287, 50.947072 ], [ 81.051517, 50.955702 ], [ 81.05405, 50.969862 ], [ 81.080508, 51.030866 ], [ 81.14717, 51.13595 ], [ 81.155955, 51.157421 ], [ 81.158643, 51.174268 ], [ 81.152028, 51.186541 ], [ 81.132753, 51.194473 ], [ 81.112857, 51.195946 ], [ 81.098336, 51.190907 ], [ 81.070121, 51.171994 ], [ 81.044851, 51.173518 ], [ 81.022113, 51.177394 ], [ 80.976018, 51.191088 ], [ 80.936072, 51.205687 ], [ 80.924238, 51.216074 ], [ 80.91628, 51.235375 ], [ 80.914213, 51.270179 ], [ 80.905738, 51.283563 ], [ 80.882484, 51.284855 ], [ 80.864087, 51.275838 ], [ 80.854527, 51.264624 ], [ 80.842538, 51.257518 ], [ 80.816596, 51.261007 ], [ 80.682754, 51.302012 ], [ 80.664564, 51.300151 ], [ 80.645031, 51.289248 ], [ 80.632422, 51.277956 ], [ 80.621466, 51.264546 ], [ 80.614128, 51.249664 ], [ 80.612474, 51.233876 ], [ 80.599245, 51.208555 ], [ 80.561315, 51.202095 ], [ 80.476152, 51.20964 ], [ 80.452071, 51.207935 ], [ 80.434397, 51.200623 ], [ 80.421995, 51.187574 ], [ 80.413417, 51.168428 ], [ 80.407629, 51.135743 ], [ 80.407112, 51.117217 ], [ 80.410523, 51.10484 ], [ 80.424062, 51.092102 ], [ 80.451657, 51.073499 ], [ 80.461062, 51.058952 ], [ 80.464473, 51.043707 ], [ 80.46499, 51.025775 ], [ 80.46313, 51.007844 ], [ 80.459409, 50.992651 ], [ 80.439048, 50.958131 ], [ 80.402875, 50.93374 ], [ 80.36019, 50.919219 ], [ 80.320399, 50.914103 ], [ 80.279575, 50.917152 ], [ 80.267276, 50.915653 ], [ 80.258181, 50.911312 ], [ 80.243711, 50.898651 ], [ 80.234823, 50.893225 ], [ 80.195446, 50.882322 ], [ 80.181286, 50.875655 ], [ 80.16816, 50.859842 ], [ 80.154518, 50.827235 ], [ 80.142736, 50.817106 ], [ 80.119171, 50.814936 ], [ 80.101601, 50.82155 ], [ 80.066978, 50.846613 ], [ 80.049305, 50.852349 ], [ 80.015405, 50.839482 ], [ 80.031115, 50.808786 ], [ 80.085995, 50.752149 ], [ 80.054989, 50.752872 ], [ 80.021296, 50.766877 ], [ 79.990083, 50.788116 ], [ 79.966519, 50.810181 ], [ 79.955254, 50.825994 ], [ 79.926935, 50.878498 ], [ 79.873605, 50.950173 ], [ 79.827303, 51.012391 ], [ 79.738006, 51.132436 ], [ 79.648502, 51.252428 ], [ 79.559205, 51.372498 ], [ 79.469805, 51.492595 ], [ 79.363042, 51.617574 ], [ 79.304323, 51.686378 ], [ 79.256381, 51.742553 ], [ 79.149721, 51.867585 ], [ 79.042958, 51.992512 ], [ 79.042854, 51.992512 ], [ 79.042751, 51.992512 ], [ 79.036187193591545, 52.0 ], [ 92.0, 52.0 ], [ 92.0, 50.694378548362522 ], [ 91.899951, 50.707242 ], [ 91.824193, 50.701558 ], [ 91.749779, 50.684091 ], [ 91.679602, 50.656547 ], [ 91.653144, 50.640063 ], [ 91.602708, 50.579601 ], [ 91.575733, 50.561979 ], [ 91.475067, 50.535986 ], [ 91.450366, 50.519088 ], [ 91.440031, 50.498572 ], [ 91.432486, 50.478057 ], [ 91.415743, 50.461365 ], [ 91.382153, 50.454958 ], [ 91.297507, 50.466378 ], [ 91.260093, 50.466585 ], [ 91.163355, 50.432788 ], [ 91.129765, 50.426174 ], [ 91.012046, 50.425295 ], [ 90.975149, 50.413926 ], [ 90.948588, 50.397493 ], [ 90.877068, 50.339357 ], [ 90.839964, 50.320806 ], [ 90.762449, 50.305716 ], [ 90.726586, 50.291867 ], [ 90.717594, 50.280756 ], [ 90.717387, 50.252024 ], [ 90.712633, 50.237968 ], [ 90.699714, 50.225152 ], [ 90.683901, 50.216212 ], [ 90.666434, 50.210373 ], [ 90.648451, 50.206652 ], [ 90.604939, 50.205981 ], [ 90.51895, 50.218383 ], [ 90.475232, 50.21461 ], [ 90.425002, 50.186912 ], [ 90.404952, 50.182623 ], [ 90.363921, 50.179781 ], [ 90.34387, 50.174665 ], [ 90.222947, 50.11441 ], [ 90.182433, 50.102473 ], [ 90.051226, 50.084179 ], [ 90.020531, 50.070743 ], [ 90.004924, 50.050745 ], [ 89.998723, 50.024648 ], [ 89.997091, 50.003664 ], [ 89.996243, 49.992764 ], [ 89.969423, 49.96708 ], [ 89.920175, 49.950854 ], [ 89.866432, 49.942741 ], [ 89.720704, 49.939744 ], [ 89.667684, 49.92729 ], [ 89.633211, 49.907939 ], [ 89.623862, 49.902692 ], [ 89.621072, 49.893338 ], [ 89.615284, 49.854529 ], [ 89.615336, 49.84192 ], [ 89.621072, 49.835047 ], [ 89.638952, 49.824815 ], [ 89.643551, 49.818872 ], [ 89.641949, 49.808124 ], [ 89.627376, 49.796807 ], [ 89.626446, 49.788022 ], [ 89.638952, 49.775464 ], [ 89.683704, 49.76115 ], [ 89.701532, 49.75314 ], [ 89.712642, 49.735157 ], [ 89.702411, 49.719964 ], [ 89.682308, 49.708336 ], [ 89.616318, 49.685444 ], [ 89.520303, 49.663171 ], [ 89.475344, 49.643431 ], [ 89.4416, 49.643586 ], [ 89.418604, 49.624207 ], [ 89.39783, 49.598989 ], [ 89.37194, 49.581678 ], [ 89.339435, 49.580799 ], [ 89.310703, 49.59315 ], [ 89.252205, 49.629427 ], [ 89.216445, 49.634491 ], [ 89.187352, 49.621985 ], [ 89.178205, 49.598472 ], [ 89.201563, 49.570619 ], [ 89.215619, 49.545452 ], [ 89.195258, 49.521526 ], [ 89.160738, 49.502716 ], [ 89.01408, 49.460548 ], [ 88.975323, 49.455845 ], [ 88.962662, 49.46215 ], [ 88.954704, 49.471865 ], [ 88.947573, 49.482821 ], [ 88.937599, 49.492846 ], [ 88.926954, 49.507419 ], [ 88.919099, 49.52318 ], [ 88.90835, 49.535944 ], [ 88.88892, 49.54168 ], [ 88.868198, 49.538114 ], [ 88.858741, 49.527366 ], [ 88.856157, 49.511501 ], [ 88.854865, 49.473881 ], [ 88.875329, 49.441789 ], [ 88.870627, 49.436002 ], [ 88.719421, 49.442926 ], [ 88.69565, 49.446957 ], [ 88.67467, 49.459825 ], [ 88.648676, 49.483596 ], [ 88.633535, 49.491244 ], [ 88.615759, 49.492949 ], [ 88.614157, 49.492794 ], [ 88.599739, 49.488918 ], [ 88.557829, 49.47109 ], [ 88.538761, 49.466542 ], [ 88.475405, 49.463649 ], [ 88.451117, 49.465147 ], [ 88.401921, 49.475844 ], [ 88.37877, 49.475793 ], [ 88.19997, 49.454347 ], [ 88.174752, 49.443857 ], [ 88.161729, 49.430111 ], [ 88.145606, 49.397193 ], [ 88.135788, 49.386082 ], [ 88.115531, 49.356575 ], [ 88.129173, 49.325931 ], [ 88.148397, 49.296579 ], [ 88.143953, 49.27074 ], [ 88.108503, 49.247434 ], [ 88.029748, 49.21555 ], [ 87.992954, 49.191727 ], [ 87.975488, 49.175811 ], [ 87.956781, 49.168886 ], [ 87.855185, 49.158964 ], [ 87.836995, 49.159998 ], [ 87.816324, 49.165837 ], [ 87.716382, 49.158861 ] ] ], [ [ [ 60.202764, 51.992745 ], [ 60.029776, 51.99261 ], [ 60.00319, 51.992512 ], [ 59.987273, 51.968845 ], [ 59.985723, 51.952282 ], [ 59.994611, 51.936288 ], [ 60.040087, 51.871202 ], [ 60.060757, 51.85867 ], [ 60.09228, 51.854769 ], [ 60.117808, 51.863554 ], [ 60.12649, 51.879108 ], [ 60.138065, 51.888875 ], [ 60.171965, 51.880374 ], [ 60.274491, 51.832832 ], [ 60.452051, 51.805469 ], [ 60.47975, 51.784256 ], [ 60.475512, 51.776195 ], [ 60.465797, 51.769193 ], [ 60.44585, 51.760046 ], [ 60.440166, 51.753948 ], [ 60.441199, 51.736223 ], [ 60.437375, 51.728394 ], [ 60.418358, 51.719351 ], [ 60.371539, 51.705166 ], [ 60.356036, 51.692272 ], [ 60.355106, 51.671421 ], [ 60.37588, 51.662532 ], [ 60.484711, 51.651034 ], [ 60.495356, 51.646254 ], [ 60.498457, 51.637159 ], [ 60.499904, 51.627108 ], [ 60.505795, 51.61977 ], [ 60.515096, 51.61791 ], [ 60.921067, 51.611476 ], [ 60.937396, 51.611166 ], [ 60.933469, 51.598428 ], [ 60.934399, 51.56582 ], [ 60.937396, 51.55688 ], [ 60.944631, 51.544374 ], [ 60.958997, 51.524866 ], [ 60.970986, 51.515616 ], [ 61.003956, 51.500682 ], [ 61.010673, 51.496238 ], [ 61.015221, 51.492078 ], [ 61.018942, 51.488667 ], [ 61.023283, 51.485515 ], [ 61.02938, 51.482673 ], [ 61.038062, 51.480192 ], [ 61.048501, 51.4789 ], [ 61.08147, 51.480192 ], [ 61.101831, 51.478151 ], [ 61.141518, 51.469185 ], [ 61.164049, 51.467144 ], [ 61.232985, 51.470555 ], [ 61.25717, 51.467144 ], [ 61.291483, 51.455026 ], [ 61.304919, 51.452881 ], [ 61.318355, 51.45345 ], [ 61.342126, 51.458436 ], [ 61.356182, 51.459651 ], [ 61.393699, 51.449832 ], [ 61.437624, 51.432236 ], [ 61.473798, 51.425803 ], [ 61.478035, 51.421152 ], [ 61.498396, 51.400533 ], [ 61.538703, 51.323173 ], [ 61.562991, 51.295526 ], [ 61.59317, 51.277827 ], [ 61.646259, 51.263193 ], [ 61.663657, 51.258397 ], [ 61.61105, 51.24925 ], [ 61.567332, 51.233876 ], [ 61.534156, 51.206075 ], [ 61.513175, 51.159514 ], [ 61.465426, 50.992651 ], [ 61.456744, 50.965004 ], [ 61.441758, 50.874984 ], [ 61.426875, 50.833074 ], [ 61.404034, 50.802585 ], [ 61.372098, 50.782483 ], [ 61.095216, 50.722693 ], [ 60.818334, 50.662904 ], [ 60.718495, 50.652672 ], [ 60.300433, 50.684659 ], [ 60.245449, 50.701971 ], [ 60.209482, 50.719748 ], [ 60.176719, 50.742175 ], [ 60.154808, 50.770907 ], [ 60.152121, 50.807701 ], [ 60.136205, 50.844495 ], [ 60.083288, 50.857155 ], [ 60.021276, 50.854055 ], [ 59.978075, 50.843771 ], [ 59.969083, 50.837363 ], [ 59.962159, 50.829508 ], [ 59.920197, 50.763052 ], [ 59.914616, 50.745896 ], [ 59.913893, 50.726 ], [ 59.919577, 50.690912 ], [ 59.915133, 50.673807 ], [ 59.903971, 50.660268 ], [ 59.872035, 50.63598 ], [ 59.859219, 50.622544 ], [ 59.815708, 50.56291 ], [ 59.774677, 50.533712 ], [ 59.725481, 50.527666 ], [ 59.673081, 50.529527 ], [ 59.622231, 50.524101 ], [ 59.587711, 50.506169 ], [ 59.555052, 50.484361 ], [ 59.522806, 50.474646 ], [ 59.466272, 50.507357 ], [ 59.450769, 50.522292 ], [ 59.451699, 50.537278 ], [ 59.478157, 50.552419 ], [ 59.535311, 50.54658 ], [ 59.560426, 50.553815 ], [ 59.563423, 50.57986 ], [ 59.551021, 50.586009 ], [ 59.498104, 50.599703 ], [ 59.478157, 50.614379 ], [ 59.437643, 50.631123 ], [ 59.386483, 50.630347 ], [ 59.290778, 50.615465 ], [ 59.273312, 50.615981 ], [ 59.259049, 50.620374 ], [ 59.246957, 50.629624 ], [ 59.235691, 50.64461 ], [ 59.219362, 50.658356 ], [ 59.197451, 50.662749 ], [ 58.925943, 50.678148 ], [ 58.886772, 50.688948 ], [ 58.811531, 50.725484 ], [ 58.793961, 50.737679 ], [ 58.785073, 50.74972 ], [ 58.768433, 50.78269 ], [ 58.747762, 50.795092 ], [ 58.719547, 50.79349 ], [ 58.689782, 50.788374 ], [ 58.664357, 50.789924 ], [ 58.646683, 50.801293 ], [ 58.643893, 50.814677 ], [ 58.651231, 50.85328 ], [ 58.640999, 50.863408 ], [ 58.590459, 50.861083 ], [ 58.571443, 50.863511 ], [ 58.55997, 50.87519 ], [ 58.550152, 50.893277 ], [ 58.546534, 50.911932 ], [ 58.554389, 50.92542 ], [ 58.570822, 50.935962 ], [ 58.585292, 50.947796 ], [ 58.596351, 50.962472 ], [ 58.602655, 50.98123 ], [ 58.595007, 51.023372 ], [ 58.563484, 51.049262 ], [ 58.52049, 51.061949 ], [ 58.398016, 51.063706 ], [ 58.377966, 51.070656 ], [ 58.370835, 51.081922 ], [ 58.369284, 51.095074 ], [ 58.365977, 51.108923 ], [ 58.353575, 51.121997 ], [ 58.323396, 51.141944 ], [ 58.308409, 51.150031 ], [ 58.268102, 51.134554 ], [ 58.245261, 51.13073 ], [ 58.223763, 51.123134 ], [ 58.211464, 51.104944 ], [ 58.202369, 51.083446 ], [ 58.190587, 51.06554 ], [ 58.167643, 51.055179 ], [ 58.140564, 51.056652 ], [ 58.113693, 51.065179 ], [ 58.090955, 51.076108 ], [ 58.089611, 51.079622 ], [ 58.089715, 51.085617 ], [ 58.088785, 51.091921 ], [ 58.084134, 51.096624 ], [ 58.077312, 51.097942 ], [ 58.001658, 51.089777 ], [ 57.988429, 51.087425 ], [ 57.960214, 51.077478 ], [ 57.950085, 51.079209 ], [ 57.934065, 51.093963 ], [ 57.925074, 51.099647 ], [ 57.912258, 51.103393 ], [ 57.857688, 51.103393 ], [ 57.841771, 51.105796 ], [ 57.796193, 51.123263 ], [ 57.768804, 51.119672 ], [ 57.752888, 51.097477 ], [ 57.734388, 51.073886 ], [ 57.728186, 51.037093 ], [ 57.737902, 50.970895 ], [ 57.737282, 50.938236 ], [ 57.722399, 50.908728 ], [ 57.689222, 50.896739 ], [ 57.596205, 50.915705 ], [ 57.555897, 50.918754 ], [ 57.53285, 50.909969 ], [ 57.51993, 50.896584 ], [ 57.508872, 50.881288 ], [ 57.491405, 50.86687 ], [ 57.467634, 50.858499 ], [ 57.443036, 50.857775 ], [ 57.418128, 50.862375 ], [ 57.352706, 50.885991 ], [ 57.334309, 50.897411 ], [ 57.318909, 50.913224 ], [ 57.310124, 50.929347 ], [ 57.297618, 50.964952 ], [ 57.288523, 50.98123 ], [ 57.272917, 50.997457 ], [ 57.256277, 51.006035 ], [ 57.237157, 51.009497 ], [ 57.213593, 51.010117 ], [ 57.19747, 51.017352 ], [ 57.189925, 51.034845 ], [ 57.181243, 51.073499 ], [ 57.168221, 51.093782 ], [ 57.154475, 51.099957 ], [ 57.137938, 51.095875 ], [ 57.072413, 51.069726 ], [ 57.02518, 51.062672 ], [ 56.941051, 51.068331 ], [ 56.915833, 51.064171 ], [ 56.891235, 51.056575 ], [ 56.865087, 51.051769 ], [ 56.838628, 51.051407 ], [ 56.813617, 51.05704 ], [ 56.776307, 51.075979 ], [ 56.76008, 51.080242 ], [ 56.735586, 51.077581 ], [ 56.716052, 51.072465 ], [ 56.694554, 51.063499 ], [ 56.680292, 51.049779 ], [ 56.682462, 51.03053 ], [ 56.702719, 50.99818 ], [ 56.709644, 50.981592 ], [ 56.707474, 50.97043 ], [ 56.688353, 50.969138 ], [ 56.616626, 50.978336 ], [ 56.596576, 50.984021 ], [ 56.508003, 51.066264 ], [ 56.47834, 51.073034 ], [ 56.446508, 51.056575 ], [ 56.430695, 51.045438 ], [ 56.421186, 51.033527 ], [ 56.420359, 51.018644 ], [ 56.431935, 50.989809 ], [ 56.432038, 50.976218 ], [ 56.415812, 50.962679 ], [ 56.364962, 50.957873 ], [ 56.350493, 50.948002 ], [ 56.343878, 50.911416 ], [ 56.335713, 50.895861 ], [ 56.315456, 50.88382 ], [ 56.288584, 50.880306 ], [ 56.258199, 50.884492 ], [ 56.174896, 50.908677 ], [ 56.15836, 50.905524 ], [ 56.147508, 50.892295 ], [ 56.137379, 50.868782 ], [ 56.100069, 50.74786 ], [ 56.078881, 50.72476 ], [ 55.932327, 50.646522 ], [ 55.764895, 50.586836 ], [ 55.694305, 50.538777 ], [ 55.659992, 50.530043 ], [ 55.616791, 50.549939 ], [ 55.586198, 50.578413 ], [ 55.570385, 50.588334 ], [ 55.52429, 50.600685 ], [ 55.513748, 50.614018 ], [ 55.505686, 50.630244 ], [ 55.491114, 50.64585 ], [ 55.467756, 50.656961 ], [ 55.442331, 50.661663 ], [ 55.415976, 50.661405 ], [ 55.366057, 50.652465 ], [ 55.347763, 50.65138 ], [ 55.329366, 50.655152 ], [ 55.305389, 50.664971 ], [ 55.084007, 50.796901 ], [ 55.061373, 50.822687 ], [ 55.063233, 50.862168 ], [ 55.04773, 50.884234 ], [ 54.894251, 50.912397 ], [ 54.861281, 50.933895 ], [ 54.831206, 50.95932 ], [ 54.811672, 50.972394 ], [ 54.74625, 50.992961 ], [ 54.706872, 51.016293 ], [ 54.685788, 51.023553 ], [ 54.662224, 51.027894 ], [ 54.638246, 51.027687 ], [ 54.55267, 51.010169 ], [ 54.533756, 51.003245 ], [ 54.525281, 50.991101 ], [ 54.545952, 50.953273 ], [ 54.534686, 50.94361 ], [ 54.515876, 50.937254 ], [ 54.502957, 50.928262 ], [ 54.526005, 50.916428 ], [ 54.583676, 50.905679 ], [ 54.638246, 50.885732 ], [ 54.651785, 50.846252 ], [ 54.645997, 50.837725 ], [ 54.629874, 50.82031 ], [ 54.626877, 50.811577 ], [ 54.630184, 50.80367 ], [ 54.645377, 50.792663 ], [ 54.650235, 50.786307 ], [ 54.650958, 50.765636 ], [ 54.638659, 50.728016 ], [ 54.639073, 50.706984 ], [ 54.673593, 50.634326 ], [ 54.67628, 50.602545 ], [ 54.647548, 50.573245 ], [ 54.591427, 50.542342 ], [ 54.550706, 50.531335 ], [ 54.545517, 50.530519 ], [ 54.499443, 50.523274 ], [ 54.478566, 50.525961 ], [ 54.455725, 50.535521 ], [ 54.435778, 50.54751 ], [ 54.399501, 50.578671 ], [ 54.383584, 50.59991 ], [ 54.37976, 50.619444 ], [ 54.385341, 50.639442 ], [ 54.407149, 50.684814 ], [ 54.41242, 50.704038 ], [ 54.414384, 50.74848 ], [ 54.421928, 50.768685 ], [ 54.478566, 50.815711 ], [ 54.485284, 50.825426 ], [ 54.487867, 50.835555 ], [ 54.485904, 50.845115 ], [ 54.478566, 50.853486 ], [ 54.464303, 50.858034 ], [ 54.419655, 50.864493 ], [ 54.409939, 50.868731 ], [ 54.391646, 50.880513 ], [ 54.381001, 50.885422 ], [ 54.300075, 50.894724 ], [ 54.275787, 50.904284 ], [ 54.260284, 50.91741 ], [ 54.247675, 50.931001 ], [ 54.233516, 50.943093 ], [ 54.194035, 50.958183 ], [ 54.176569, 50.967898 ], [ 54.145356, 50.992651 ], [ 54.149077, 51.009652 ], [ 54.145666, 51.019652 ], [ 54.138328, 51.028643 ], [ 54.129957, 51.042338 ], [ 54.120138, 51.081173 ], [ 54.11156, 51.096004 ], [ 54.091923, 51.105228 ], [ 54.039833, 51.11037 ], [ 54.017612, 51.119077 ], [ 53.994047, 51.15339 ], [ 53.974721, 51.16649 ], [ 53.93586, 51.185611 ], [ 53.908988, 51.190442 ], [ 53.857725, 51.184603 ], [ 53.67386, 51.219872 ], [ 53.649366, 51.237339 ], [ 53.642544, 51.255426 ], [ 53.627972, 51.267776 ], [ 53.594072, 51.289429 ], [ 53.588594, 51.305345 ], [ 53.593142, 51.322605 ], [ 53.593245, 51.339115 ], [ 53.574435, 51.353223 ], [ 53.609368, 51.364101 ], [ 53.617946, 51.372137 ], [ 53.610298, 51.388415 ], [ 53.597483, 51.397174 ], [ 53.555418, 51.415519 ], [ 53.453409, 51.4419 ], [ 53.439663, 51.45115 ], [ 53.419199, 51.474895 ], [ 53.407313, 51.484171 ], [ 53.369486, 51.493886 ], [ 53.366902, 51.493602 ], [ 53.346335, 51.503033 ], [ 53.322357, 51.495333 ], [ 53.307371, 51.493835 ], [ 53.232234, 51.500682 ], [ 53.226032, 51.499493 ], [ 53.220555, 51.49647 ], [ 53.214147, 51.494765 ], [ 53.204948, 51.49722 ], [ 53.198644, 51.502439 ], [ 53.19513, 51.508046 ], [ 53.190479, 51.51249 ], [ 53.181074, 51.514299 ], [ 53.165778, 51.514557 ], [ 53.153272, 51.512671 ], [ 53.148621, 51.504764 ], [ 53.157199, 51.487013 ], [ 53.037103, 51.489726 ], [ 52.998863, 51.480192 ], [ 52.98584, 51.472699 ], [ 52.973231, 51.463604 ], [ 52.959795, 51.455853 ], [ 52.944292, 51.452881 ], [ 52.929203, 51.455362 ], [ 52.903365, 51.464999 ], [ 52.882797, 51.467144 ], [ 52.896543, 51.485282 ], [ 52.876286, 51.490088 ], [ 52.820682, 51.487013 ], [ 52.810967, 51.490734 ], [ 52.789677, 51.504764 ], [ 52.779755, 51.508123 ], [ 52.764665, 51.505255 ], [ 52.757327, 51.497943 ], [ 52.752573, 51.490476 ], [ 52.745545, 51.487013 ], [ 52.721464, 51.485153 ], [ 52.709475, 51.482078 ], [ 52.700896, 51.476756 ], [ 52.692318, 51.468436 ], [ 52.679812, 51.459005 ], [ 52.668547, 51.455129 ], [ 52.663689, 51.463449 ], [ 52.575064, 51.467144 ], [ 52.55367, 51.457971 ], [ 52.545815, 51.459522 ], [ 52.52499, 51.467531 ], [ 52.505818, 51.478874 ], [ 52.490212, 51.492595 ], [ 52.478843, 51.504868 ], [ 52.472435, 51.515022 ], [ 52.44453, 51.580186 ], [ 52.37766, 51.660104 ], [ 52.364586, 51.690283 ], [ 52.352132, 51.730203 ], [ 52.334872, 51.763715 ], [ 52.307794, 51.774541 ], [ 52.292239, 51.765627 ], [ 52.279578, 51.735345 ], [ 52.258184, 51.724208 ], [ 52.230176, 51.722451 ], [ 52.174107, 51.725242 ], [ 52.14801, 51.716069 ], [ 52.133334, 51.702039 ], [ 52.11101, 51.67031 ], [ 52.091786, 51.658708 ], [ 52.065948, 51.653437 ], [ 52.035252, 51.652404 ], [ 52.004557, 51.654859 ], [ 51.978615, 51.660362 ], [ 51.952518, 51.670956 ], [ 51.924768, 51.678268 ], [ 51.896759, 51.679741 ], [ 51.869164, 51.673074 ], [ 51.850871, 51.661654 ], [ 51.820175, 51.632974 ], [ 51.764726, 51.593312 ], [ 51.767775, 51.562978 ], [ 51.782968, 51.529827 ], [ 51.782296, 51.492853 ], [ 51.744314, 51.473448 ], [ 51.693309, 51.454096 ], [ 51.647369, 51.451228 ], [ 51.624425, 51.481019 ], [ 51.622978, 51.504248 ], [ 51.620497, 51.518691 ], [ 51.609955, 51.527734 ], [ 51.584324, 51.534918 ], [ 51.559829, 51.534582 ], [ 51.54474, 51.524117 ], [ 51.532079, 51.508407 ], [ 51.514974, 51.492698 ], [ 51.461851, 51.475283 ], [ 51.379478, 51.467092 ], [ 51.304238, 51.47164 ], [ 51.273025, 51.492595 ], [ 51.273025, 51.492879 ], [ 51.263827, 51.504893 ], [ 51.247807, 51.521094 ], [ 51.236541, 51.535899 ], [ 51.241657, 51.543702 ], [ 51.339171, 51.55502 ], [ 51.358963, 51.561479 ], [ 51.373174, 51.571608 ], [ 51.381132, 51.587059 ], [ 51.381959, 51.609797 ], [ 51.371934, 51.629589 ], [ 51.352503, 51.636229 ], [ 51.308475, 51.637056 ], [ 51.288425, 51.64287 ], [ 51.276229, 51.651603 ], [ 51.251838, 51.678526 ], [ 51.233854, 51.685477 ], [ 51.212564, 51.681756 ], [ 51.190239, 51.674108 ], [ 51.169775, 51.669483 ], [ 50.925449, 51.679689 ], [ 50.900748, 51.68713 ], [ 50.884315, 51.705553 ], [ 50.873669, 51.721883 ], [ 50.857753, 51.735293 ], [ 50.839253, 51.745525 ], [ 50.820856, 51.752553 ], [ 50.767009, 51.7594 ], [ 50.744168, 51.742373 ], [ 50.747372, 51.709041 ], [ 50.794501, 51.625971 ], [ 50.790677, 51.597291 ], [ 50.764322, 51.578662 ], [ 50.719984, 51.567422 ], [ 50.696523, 51.565587 ], [ 50.670891, 51.567525 ], [ 50.658696, 51.576181 ], [ 50.675025, 51.594397 ], [ 50.694197, 51.611166 ], [ 50.685774, 51.615636 ], [ 50.639265, 51.616179 ], [ 50.599836, 51.634731 ], [ 50.581698, 51.635299 ], [ 50.577615, 51.613362 ], [ 50.575703, 51.588428 ], [ 50.561854, 51.580651 ], [ 50.542837, 51.57737 ], [ 50.52537, 51.565587 ], [ 50.522166, 51.550756 ], [ 50.531365, 51.492698 ], [ 50.527231, 51.470089 ], [ 50.518342, 51.459754 ], [ 50.502684, 51.456137 ], [ 50.478965, 51.453734 ], [ 50.471058, 51.436112 ], [ 50.457467, 51.426888 ], [ 50.439226, 51.423012 ], [ 50.379643, 51.421152 ], [ 50.367447, 51.418956 ], [ 50.359592, 51.413323 ], [ 50.36445, 51.406915 ], [ 50.372925, 51.40105 ], [ 50.376232, 51.397019 ], [ 50.361866, 51.387381 ], [ 50.346725, 51.381206 ], [ 50.337578, 51.372033 ], [ 50.34042, 51.352861 ], [ 50.347448, 51.33524 ], [ 50.348947, 51.322605 ], [ 50.342281, 51.312735 ], [ 50.325383, 51.303459 ], [ 50.207457, 51.265942 ], [ 50.02876, 51.242997 ], [ 49.98685, 51.22982 ], [ 49.842828, 51.150677 ], [ 49.795906, 51.109569 ], [ 49.779059, 51.102179 ], [ 49.539746, 51.100784 ], [ 49.460112, 51.116158 ], [ 49.436548, 51.112333 ], [ 49.423112, 51.101998 ], [ 49.410606, 51.085539 ], [ 49.401046, 51.067091 ], [ 49.392726, 51.034199 ], [ 49.383321, 51.019393 ], [ 49.359137, 50.992651 ], [ 49.347354, 50.96428 ], [ 49.371539, 50.939424 ], [ 49.40549, 50.913534 ], [ 49.423732, 50.882063 ], [ 49.408436, 50.848267 ], [ 49.36942, 50.82677 ], [ 49.283689, 50.803722 ], [ 49.144059, 50.781708 ], [ 49.102408, 50.757988 ], [ 49.012698, 50.683419 ], [ 48.830435, 50.596034 ], [ 48.786252, 50.590608 ], [ 48.739588, 50.597533 ], [ 48.608795, 50.647917 ], [ 48.58399, 50.649623 ], [ 48.56828, 50.636549 ], [ 48.572931, 50.61686 ], [ 48.597426, 50.608023 ], [ 48.648482, 50.601564 ], [ 48.67339, 50.579549 ], [ 48.678661, 50.548544 ], [ 48.674424, 50.47847 ], [ 48.701296, 50.334603 ], [ 48.728891, 50.265408 ], [ 48.770955, 50.211045 ], [ 48.789042, 50.173011 ], [ 48.780981, 50.137561 ], [ 48.782841, 50.111464 ], [ 48.851829, 50.097253 ], [ 48.865523, 50.086195 ], [ 48.874102, 50.069813 ], [ 48.885884, 50.030436 ], [ 48.885677, 50.019894 ], [ 48.878184, 50.010023 ], [ 48.862009, 49.992919 ], [ 48.784598, 49.933387 ], [ 48.683519, 49.895457 ], [ 48.479087, 49.84316 ], [ 48.465858, 49.835822 ], [ 48.44281, 49.814997 ], [ 48.429891, 49.809674 ], [ 48.417592, 49.811689 ], [ 48.359508, 49.833962 ], [ 48.312172, 49.863572 ], [ 48.30287, 49.866725 ], [ 48.274035, 49.863056 ], [ 48.239308, 49.864761 ], [ 48.227113, 49.879489 ], [ 48.219878, 49.901503 ], [ 48.200448, 49.925016 ], [ 48.160863, 49.946461 ], [ 48.149288, 49.954936 ], [ 48.142363, 49.963773 ], [ 48.132235, 49.98372 ], [ 48.12531, 49.99297 ], [ 48.112494, 50.021961 ], [ 48.105983, 50.050641 ], [ 48.096371, 50.078546 ], [ 48.074564, 50.105263 ], [ 48.024748, 50.131256 ], [ 48.012242, 50.142108 ], [ 48.005059, 50.156009 ], [ 48.000356, 50.169704 ], [ 48.0, 50.17030766736783 ], [ 48.0, 52.0 ], [ 60.213616578845226, 52.0 ], [ 60.202764, 51.992745 ] ] ], [ [ [ 48.044488, 47.769695 ], [ 48.112494, 47.748508 ], [ 48.174351, 47.712851 ], [ 48.360593, 47.493097 ], [ 48.360955, 47.492942 ], [ 48.411081, 47.445761 ], [ 48.437539, 47.429199 ], [ 48.473196, 47.420414 ], [ 48.5103, 47.417443 ], [ 48.525079, 47.410234 ], [ 48.535828, 47.393491 ], [ 48.546163, 47.369435 ], [ 48.697265, 47.100976 ], [ 49.00629, 46.76911 ], [ 48.948102, 46.71994 ], [ 48.91689, 46.702577 ], [ 48.764031, 46.682836 ], [ 48.739536, 46.690562 ], [ 48.712664, 46.728777 ], [ 48.697265, 46.745081 ], [ 48.676594, 46.758026 ], [ 48.6182, 46.770428 ], [ 48.556705, 46.761746 ], [ 48.505752, 46.732601 ], [ 48.479087, 46.683457 ], [ 48.455109, 46.660796 ], [ 48.474023, 46.65922 ], [ 48.493453, 46.653484 ], [ 48.53004, 46.638188 ], [ 48.539238, 46.627956 ], [ 48.541925, 46.613254 ], [ 48.546886, 46.599276 ], [ 48.563009, 46.591317 ], [ 48.539393, 46.56796 ], [ 48.573241, 46.55827 ], [ 48.665225, 46.557185 ], [ 48.705016, 46.550441 ], [ 48.732922, 46.534034 ], [ 48.758553, 46.513131 ], [ 48.819635, 46.479257 ], [ 48.844129, 46.478534 ], [ 48.868727, 46.482358 ], [ 48.897046, 46.482177 ], [ 48.917975, 46.474322 ], [ 48.959884, 46.445254 ], [ 49.033162, 46.404895 ], [ 49.227131, 46.327879 ], [ 49.263845, 46.293362 ], [ 49.295909, 46.274726 ], [ 49.306, 46.263129 ], [ 49.298513, 46.251776 ], [ 49.281993, 46.249905 ], [ 49.265391, 46.257514 ], [ 49.249197, 46.26732 ], [ 49.233246, 46.272284 ], [ 49.197765, 46.277899 ], [ 49.159679, 46.291938 ], [ 49.1421, 46.309963 ], [ 49.168224, 46.327541 ], [ 49.150157, 46.335761 ], [ 49.138194, 46.329657 ], [ 49.119802, 46.305732 ], [ 49.088145, 46.294501 ], [ 49.076182, 46.2862 ], [ 49.079356, 46.272284 ], [ 49.0713, 46.268256 ], [ 49.066417, 46.263861 ], [ 49.05893, 46.251776 ], [ 49.088227, 46.251166 ], [ 49.104747, 46.240668 ], [ 49.11199, 46.221137 ], [ 49.119477, 46.158759 ], [ 49.114513, 46.151272 ], [ 49.093028, 46.162421 ], [ 49.083995, 46.17178 ], [ 49.069021, 46.191962 ], [ 49.05893, 46.19717 ], [ 49.042247, 46.196234 ], [ 49.033214, 46.18891 ], [ 49.027517, 46.180609 ], [ 49.020763, 46.176663 ], [ 48.993907, 46.171942 ], [ 48.955821, 46.149482 ], [ 48.934825, 46.141913 ], [ 48.934825, 46.135688 ], [ 48.952647, 46.112616 ], [ 48.955333, 46.107815 ], [ 48.949962, 46.098293 ], [ 48.940603, 46.08926 ], [ 48.931814, 46.085273 ], [ 48.927989, 46.09101 ], [ 48.924327, 46.111477 ], [ 48.914399, 46.131985 ], [ 48.899262, 46.148383 ], [ 48.880138, 46.156195 ], [ 48.881684, 46.14289 ], [ 48.887055, 46.12226 ], [ 48.886974, 46.107815 ], [ 48.874034, 46.117621 ], [ 48.853282, 46.141018 ], [ 48.839203, 46.149359 ], [ 48.831798, 46.141913 ], [ 48.850841, 46.125312 ], [ 48.868012, 46.099799 ], [ 48.874197, 46.078192 ], [ 48.85963, 46.073635 ], [ 48.842947, 46.087307 ], [ 48.832367, 46.107652 ], [ 48.818533, 46.124701 ], [ 48.791352, 46.128241 ], [ 48.819835, 46.103461 ], [ 48.827647, 46.087714 ], [ 48.825531, 46.066799 ], [ 48.817882, 46.05622 ], [ 48.808442, 46.056627 ], [ 48.800955, 46.064683 ], [ 48.797618, 46.077053 ], [ 48.781749, 46.096666 ], [ 48.747244, 46.118801 ], [ 48.714122, 46.129584 ], [ 48.701996, 46.11522 ], [ 48.695811, 46.11522 ], [ 48.685557, 46.122382 ], [ 48.678559, 46.120307 ], [ 48.667817, 46.107815 ], [ 48.665375, 46.102362 ], [ 48.666026, 46.095608 ], [ 48.664236, 46.089789 ], [ 48.654552, 46.087307 ], [ 48.626964, 46.087307 ], [ 48.641856, 46.080756 ], [ 48.673676, 46.072821 ], [ 48.688487, 46.066799 ], [ 48.719574, 46.031155 ], [ 48.726248, 46.025214 ], [ 48.729015, 46.019965 ], [ 48.721853, 46.00849 ], [ 48.709972, 45.996975 ], [ 48.698985, 45.991685 ], [ 48.686371, 45.989569 ], [ 48.671723, 45.984117 ], [ 48.647309, 45.970608 ], [ 48.649587, 45.963324 ], [ 48.651378, 45.960517 ], [ 48.654796, 45.956936 ], [ 48.677989, 45.969062 ], [ 48.699067, 45.972602 ], [ 48.740245, 45.970608 ], [ 48.752208, 45.965562 ], [ 48.754893, 45.954169 ], [ 48.751801, 45.941596 ], [ 48.741059, 45.923 ], [ 48.742442, 45.91413 ], [ 48.74879, 45.906928 ], [ 48.757172, 45.902289 ], [ 48.756602, 45.887926 ], [ 48.7824, 45.858385 ], [ 48.791352, 45.840888 ], [ 48.773774, 45.850572 ], [ 48.765473, 45.8522 ], [ 48.743663, 45.840888 ], [ 48.721446, 45.838324 ], [ 48.714692, 45.831692 ], [ 48.716319, 45.813544 ], [ 48.69516, 45.82803 ], [ 48.686697, 45.848578 ], [ 48.691417, 45.868801 ], [ 48.710134, 45.881822 ], [ 48.692638, 45.880764 ], [ 48.679454, 45.885321 ], [ 48.654796, 45.902289 ], [ 48.649425, 45.905097 ], [ 48.643321, 45.907538 ], [ 48.636729, 45.909125 ], [ 48.630382, 45.909735 ], [ 48.626638, 45.912421 ], [ 48.622325, 45.925035 ], [ 48.620128, 45.929633 ], [ 48.593761, 45.958197 ], [ 48.573416, 45.971137 ], [ 48.554942, 45.967475 ], [ 48.522227, 45.953599 ], [ 48.5171, 45.947333 ], [ 48.509532, 45.940619 ], [ 48.492686, 45.939887 ], [ 48.475108, 45.941107 ], [ 48.465587, 45.940172 ], [ 48.457205, 45.932318 ], [ 48.434744, 45.915513 ], [ 48.401134, 45.879218 ], [ 48.393565, 45.86815 ], [ 48.379405, 45.87641 ], [ 48.364919, 45.876207 ], [ 48.356944, 45.869371 ], [ 48.362804, 45.857611 ], [ 48.374278, 45.854641 ], [ 48.407237, 45.851874 ], [ 48.414073, 45.84394 ], [ 48.399425, 45.835395 ], [ 48.304861, 45.840888 ], [ 48.288748, 45.837348 ], [ 48.284679, 45.82807 ], [ 48.285411, 45.815009 ], [ 48.283702, 45.799872 ], [ 48.277192, 45.7862 ], [ 48.269786, 45.779486 ], [ 48.249685, 45.771959 ], [ 48.233653, 45.768134 ], [ 48.224294, 45.768378 ], [ 48.220876, 45.765204 ], [ 48.22283, 45.751532 ], [ 48.227875, 45.742255 ], [ 48.235688, 45.734442 ], [ 48.242035, 45.724758 ], [ 48.242849, 45.709906 ], [ 48.215994, 45.724758 ], [ 48.179861, 45.739691 ], [ 48.147797, 45.743354 ], [ 48.133556, 45.724189 ], [ 48.091645, 45.74901 ], [ 48.078868, 45.751532 ], [ 48.063813, 45.745998 ], [ 48.044688, 45.727973 ], [ 48.02589, 45.722602 ], [ 48.019216, 45.718451 ], [ 48.013031, 45.712836 ], [ 48.007498, 45.700507 ], [ 48.000255, 45.704983 ], [ 48.0, 45.705276646434555 ], [ 48.0, 47.769232038818913 ], [ 48.044488, 47.769695 ] ] ], [ [ [ 48.023692, 42.392971 ], [ 48.078787, 42.362738 ], [ 48.095958, 42.349799 ], [ 48.222341, 42.175116 ], [ 48.249685, 42.146552 ], [ 48.286143, 42.120836 ], [ 48.304047, 42.102729 ], [ 48.311697, 42.081977 ], [ 48.315603, 42.060289 ], [ 48.324962, 42.038764 ], [ 48.386729, 41.937201 ], [ 48.416352, 41.915025 ], [ 48.462413, 41.900784 ], [ 48.51002, 41.8935 ], [ 48.552908, 41.875556 ], [ 48.578624, 41.845526 ], [ 48.578949, 41.845282 ], [ 48.53066, 41.787373 ], [ 48.462211, 41.720992 ], [ 48.455419, 41.714406 ], [ 48.413251, 41.627615 ], [ 48.393046, 41.598883 ], [ 48.370153, 41.58015 ], [ 48.283698, 41.539533 ], [ 48.23135, 41.505478 ], [ 48.201843, 41.493489 ], [ 48.086553, 41.476643 ], [ 48.053532, 41.461295 ], [ 48.034566, 41.433648 ], [ 48.001648, 41.362076 ], [ 48.0, 41.361367504426354 ], [ 48.0, 42.413529842560379 ], [ 48.023692, 42.392971 ] ] ] ] } }
]
}
