{
"type": "FeatureCollection",
"name": "rivers",
"crs": { "type": "name", "properties": { "name": "urn:ogc:def:crs:OGC:1.3:CRS84" } },
"features": [
{ "type": "Feature", "properties": { "name": "Wainganga", "name_en": "Wainganga", "scalerank": 8.0 }, "geometry": { "type": "LineString", "coordinates": [ [ 79.532237, 22.013861 ], [ 79.523855, 22.027859 ], [ 79.51474, 22.039903 ], [ 79.507335, 22.055243 ], [ 79.501557, 22.091824 ], [ 79.494558, 22.09394 ], [ 79.473643, 22.088975 ], [ 79.470632, 22.09455 ], [ 79.458507, 22.173163 ], [ 79.463471, 22.191352 ], [ 79.491466, 22.203803 ], [ 79.50294, 22.216417 ], [ 79.513276, 22.233425 ], [ 79.521251, 22.251492 ], [ 79.524669, 22.264187 ], [ 79.52532, 22.269558 ], [ 79.524832, 22.273953 ], [ 79.513194, 22.289984 ], [ 79.492605, 22.304714 ], [ 79.472748, 22.315131 ], [ 79.463959, 22.318671 ], [ 79.468679, 22.338731 ], [ 79.481049, 22.35871 ], [ 79.49879, 22.374864 ], [ 79.519135, 22.383816 ], [ 79.532725, 22.38585 ], [ 79.539643, 22.384385 ], [ 79.559581, 22.370185 ], [ 79.577647, 22.353705 ], [ 79.589122, 22.348944 ], [ 79.59433, 22.359646 ], [ 79.599376, 22.363227 ], [ 79.631602, 22.380683 ], [ 79.640391, 22.389431 ], [ 79.644542, 22.394477 ], [ 79.646495, 22.400255 ], [ 79.648936, 22.41116 ], [ 79.649669, 22.433621 ], [ 79.654552, 22.442898 ], [ 79.669444, 22.452094 ], [ 79.681163, 22.45661 ], [ 79.692149, 22.458441 ], [ 79.702891, 22.456244 ], [ 79.714122, 22.448676 ], [ 79.743175, 22.417751 ], [ 79.757823, 22.405951 ], [ 79.778575, 22.396837 ], [ 79.813487, 22.390652 ], [ 79.838796, 22.379177 ], [ 79.851329, 22.377631 ], [ 79.862234, 22.379584 ], [ 79.881358, 22.388617 ], [ 79.892182, 22.390652 ], [ 79.904226, 22.389716 ], [ 79.930186, 22.383816 ], [ 79.941987, 22.383368 ], [ 79.949474, 22.384589 ], [ 79.988048, 22.398953 ], [ 80.000906, 22.401801 ], [ 80.008311, 22.40058 ], [ 80.016124, 22.396674 ], [ 80.027436, 22.395779 ], [ 80.049571, 22.396837 ], [ 80.061697, 22.393378 ], [ 80.067149, 22.384833 ], [ 80.069591, 22.373847 ], [ 80.073416, 22.363349 ], [ 80.078136, 22.358262 ], [ 80.09075, 22.347724 ], [ 80.094005, 22.342231 ], [ 80.093354, 22.33629 ], [ 80.088145, 22.325507 ], [ 80.087169, 22.322333 ], [ 80.094005, 22.277655 ], [ 80.090424, 22.249783 ], [ 80.080577, 22.235175 ], [ 80.065196, 22.22366 ], [ 80.046153, 22.205024 ], [ 80.036876, 22.18537 ], [ 80.035737, 22.162177 ], [ 80.042491, 22.139106 ], [ 80.066661, 22.104275 ], [ 80.087169, 22.041205 ], [ 80.091726, 22.035671 ], [ 80.097097, 22.030788 ], [ 80.102631, 22.024278 ], [ 80.107514, 22.013861 ], [ 80.110606, 22.0008 ], [ 80.107514, 21.969184 ], [ 80.116222, 21.952012 ], [ 80.156749, 21.918524 ], [ 80.169688, 21.904608 ], [ 80.173269, 21.884385 ], [ 80.162852, 21.818671 ], [ 80.166026, 21.80919 ], [ 80.180186, 21.795966 ], [ 80.183442, 21.784532 ], [ 80.189708, 21.654161 ], [ 80.188569, 21.646267 ], [ 80.186615, 21.639512 ], [ 80.182221, 21.632595 ], [ 80.174815, 21.626573 ], [ 80.164073, 21.621283 ], [ 80.108409, 21.604315 ], [ 80.088634, 21.591864 ], [ 80.080333, 21.571641 ], [ 80.005056, 21.548407 ], [ 79.989675, 21.547878 ], [ 79.984793, 21.548407 ], [ 79.97991, 21.551215 ], [ 79.978608, 21.555691 ], [ 79.97877, 21.559882 ], [ 79.977957, 21.562038 ], [ 79.965343, 21.562608 ], [ 79.945323, 21.556342 ], [ 79.933604, 21.554551 ], [ 79.927013, 21.551581 ], [ 79.923757, 21.543972 ], [ 79.922781, 21.523546 ], [ 79.92392, 21.501776 ], [ 79.920339, 21.494167 ], [ 79.880382, 21.442572 ], [ 79.858165, 21.421088 ], [ 79.841726, 21.409369 ], [ 79.80714, 21.391872 ], [ 79.792979, 21.37641 ], [ 79.792979, 21.373358 ], [ 79.779307, 21.321316 ], [ 79.774913, 21.311957 ], [ 79.763927, 21.296942 ], [ 79.753835, 21.272325 ], [ 79.751964, 21.263454 ], [ 79.748139, 21.257595 ], [ 79.73878, 21.25373 ], [ 79.727468, 21.250556 ], [ 79.694347, 21.235419 ], [ 79.689952, 21.232449 ], [ 79.68808, 21.225369 ], [ 79.689952, 21.209011 ], [ 79.680593, 21.189276 ], [ 79.679454, 21.174343 ], [ 79.674897, 21.161933 ], [ 79.637299, 21.148627 ], [ 79.614024, 21.128974 ], [ 79.598725, 21.104519 ], [ 79.600597, 21.082221 ], [ 79.598237, 21.070624 ], [ 79.616466, 21.0362 ], [ 79.621593, 21.01671 ], [ 79.625906, 21.006374 ], [ 79.644623, 20.986843 ], [ 79.648936, 20.975775 ], [ 79.648041, 20.962022 ], [ 79.645437, 20.951524 ], [ 79.634695, 20.930772 ], [ 79.610606, 20.898301 ], [ 79.606212, 20.879828 ], [ 79.623057, 20.850531 ], [ 79.62672, 20.83336 ], [ 79.631602, 20.824978 ], [ 79.647878, 20.802924 ], [ 79.655772, 20.794257 ], [ 79.688731, 20.767849 ], [ 79.817312, 20.69127 ], [ 79.835053, 20.686103 ], [ 79.903819, 20.68183 ], [ 79.924083, 20.671698 ], [ 79.937022, 20.649604 ], [ 79.925548, 20.585273 ], [ 79.923595, 20.54975 ], [ 79.94044, 20.534125 ], [ 79.94337, 20.515896 ], [ 79.942648931338184, 20.5 ] ] } },
{ "type": "Feature", "properties": { "name": "Mahäna Nadï", "name_en": "Mahäna Nadï", "scalerank": 6.0 }, "geometry": { "type": "LineString", "coordinates": [ [ 80.625255, 20.598985 ], [ 80.639171, 20.623074 ], [ 80.638276, 20.645535 ], [ 80.614757, 20.698025 ], [ 80.623139, 20.718126 ], [ 80.62558, 20.738145 ], [ 80.632091, 20.753363 ], [ 80.652843, 20.759467 ], [ 80.698009, 20.762478 ], [ 80.719168, 20.766669 ], [ 80.738292, 20.773139 ], [ 80.74822, 20.778632 ], [ 80.755056, 20.784695 ], [ 80.759776, 20.791205 ], [ 80.763113, 20.798285 ], [ 80.769786, 20.814154 ], [ 80.774994, 20.822862 ], [ 80.809825, 20.862616 ], [ 80.841807, 20.935736 ], [ 80.866303, 20.971015 ], [ 80.896983, 21.003607 ], [ 80.930675, 21.027615 ], [ 80.993337, 21.041815 ], [ 81.0, 21.045961343183148 ] ] } },
{ "type": "Feature", "properties": { "name": "Narmada", "name_en": "Narmada", "scalerank": 6.0 }, "geometry": { "type": "LineString", "coordinates": [ [ 81.0, 22.930591300175543 ], [ 80.989024, 22.932196 ], [ 80.931895, 22.952338 ], [ 80.911713, 22.955593 ], [ 80.889089, 22.952989 ], [ 80.8956, 22.970242 ], [ 80.900401, 22.987901 ], [ 80.900401, 23.004421 ], [ 80.892833, 23.017849 ], [ 80.851492, 23.050401 ], [ 80.841889, 23.055365 ], [ 80.828217, 23.050971 ], [ 80.817149, 23.039496 ], [ 80.809825, 23.024848 ], [ 80.802419, 22.995185 ], [ 80.79127, 22.998847 ], [ 80.765554, 23.021267 ], [ 80.75587, 23.01199 ], [ 80.737071, 23.005398 ], [ 80.678966, 22.998725 ], [ 80.665701, 22.994167 ], [ 80.642589, 22.973456 ], [ 80.629405, 22.964382 ], [ 80.621104, 22.965399 ], [ 80.610606, 22.970404 ], [ 80.591238, 22.973456 ], [ 80.572276, 22.970567 ], [ 80.538259, 22.957139 ], [ 80.519135, 22.952989 ], [ 80.531668, 22.928046 ], [ 80.533376, 22.91824 ], [ 80.531505, 22.905951 ], [ 80.521495, 22.886746 ], [ 80.519135, 22.880683 ], [ 80.513927, 22.878119 ], [ 80.481619, 22.853054 ], [ 80.476736, 22.842353 ], [ 80.480072, 22.833035 ], [ 80.491791, 22.815782 ], [ 80.498627, 22.796088 ], [ 80.499766, 22.787665 ], [ 80.499278, 22.774848 ], [ 80.495535, 22.760118 ], [ 80.490896, 22.753933 ], [ 80.491466, 22.748603 ], [ 80.510346, 22.726101 ], [ 80.508393, 22.721055 ], [ 80.502452, 22.715196 ], [ 80.499278, 22.702216 ], [ 80.497162, 22.696885 ], [ 80.492442, 22.69123 ], [ 80.481619, 22.681749 ], [ 80.477794, 22.674669 ], [ 80.481375, 22.669053 ], [ 80.487641, 22.663682 ], [ 80.495942, 22.651923 ], [ 80.501964, 22.645453 ], [ 80.506602, 22.636501 ], [ 80.505463, 22.623399 ], [ 80.499034, 22.613715 ], [ 80.45045, 22.578966 ], [ 80.429291, 22.574042 ], [ 80.40797, 22.575954 ], [ 80.389415, 22.583075 ], [ 80.372651, 22.594672 ], [ 80.354747, 22.611925 ], [ 80.340017, 22.632514 ], [ 80.334076, 22.654405 ], [ 80.335541, 22.687812 ], [ 80.333914, 22.710964 ], [ 80.32724, 22.726426 ], [ 80.31837, 22.729356 ], [ 80.295909, 22.728217 ], [ 80.285737, 22.733262 ], [ 80.28297, 22.741075 ], [ 80.279552, 22.778266 ], [ 80.268891, 22.795518 ], [ 80.244233, 22.801866 ], [ 80.216563, 22.800564 ], [ 80.197032, 22.794704 ], [ 80.192882, 22.789252 ], [ 80.190033, 22.781358 ], [ 80.185557, 22.773261 ], [ 80.175873, 22.767401 ], [ 80.16505, 22.766181 ], [ 80.157156, 22.76907 ], [ 80.149099, 22.772895 ], [ 80.138682, 22.774848 ], [ 80.07545, 22.773139 ], [ 80.059825, 22.774848 ], [ 80.031993, 22.784491 ], [ 80.025808, 22.787909 ], [ 80.007823, 22.817572 ], [ 79.930186, 22.877265 ], [ 79.929291, 22.889024 ], [ 79.934011, 22.89586 ], [ 79.940033, 22.900173 ], [ 79.943858, 22.904568 ], [ 79.945567, 22.915635 ], [ 79.943858, 22.942084 ], [ 79.940196, 22.943468 ], [ 79.914073, 22.977322 ], [ 79.910085, 22.985907 ], [ 79.908295, 22.995958 ], [ 79.909679, 23.007636 ], [ 79.91505, 23.015163 ], [ 79.936615, 23.038031 ], [ 79.943858, 23.048611 ], [ 79.946788, 23.060085 ], [ 79.949636, 23.078721 ], [ 79.948416, 23.096137 ], [ 79.94044, 23.103827 ], [ 79.906261, 23.111274 ], [ 79.886648, 23.113145 ], [ 79.854503, 23.101142 ], [ 79.834076, 23.106309 ], [ 79.792979, 23.128689 ], [ 79.79184, 23.131212 ], [ 79.789236, 23.131903 ], [ 79.778575, 23.130479 ], [ 79.769949, 23.128119 ], [ 79.759939, 23.120958 ], [ 79.751964, 23.117499 ], [ 79.743663, 23.116726 ], [ 79.726085, 23.118598 ], [ 79.717784, 23.117499 ], [ 79.709239, 23.112616 ], [ 79.692393, 23.099636 ], [ 79.686534, 23.096991 ], [ 79.668386, 23.099148 ], [ 79.641775, 23.108507 ], [ 79.625011, 23.110663 ], [ 79.604503, 23.110867 ], [ 79.590912, 23.113471 ], [ 79.581554, 23.121527 ], [ 79.573822, 23.137966 ], [ 79.553966, 23.130561 ], [ 79.516043, 23.136827 ], [ 79.494395, 23.127387 ], [ 79.476085, 23.115261 ], [ 79.4546, 23.105577 ], [ 79.431733, 23.099229 ], [ 79.409923, 23.096991 ], [ 79.372813, 23.104804 ], [ 79.348074, 23.106757 ], [ 79.330496, 23.100409 ], [ 79.322765, 23.095526 ], [ 79.311534, 23.092108 ], [ 79.266775, 23.08865 ], [ 79.202566, 23.073839 ], [ 79.158946, 23.069037 ], [ 79.137787, 23.075954 ], [ 79.126394, 23.075954 ], [ 79.121349, 23.065985 ], [ 79.117768, 23.06037 ], [ 79.103038, 23.027859 ], [ 79.100841, 23.021267 ], [ 79.085704, 23.015326 ], [ 79.062755, 23.013373 ], [ 79.038992, 23.016221 ], [ 79.021658, 23.024685 ], [ 79.003184, 23.038642 ], [ 78.983979, 23.045762 ], [ 78.964122, 23.048285 ], [ 78.771902, 23.041124 ], [ 78.759939, 23.043036 ], [ 78.742686, 23.048407 ], [ 78.730968, 23.048611 ], [ 78.72047, 23.045762 ], [ 78.698741, 23.036811 ], [ 78.674327, 23.032782 ], [ 78.655772, 23.023383 ], [ 78.644949, 23.021267 ], [ 78.607432, 23.021267 ], [ 78.49407, 23.005723 ], [ 78.474864, 23.000352 ], [ 78.442393, 22.980292 ], [ 78.435313, 22.977118 ], [ 78.41627, 22.970893 ], [ 78.394542, 22.959174 ], [ 78.392019, 22.954535 ], [ 78.38795, 22.941433 ], [ 78.384044, 22.938747 ], [ 78.370372, 22.935004 ], [ 78.328705, 22.91474 ], [ 78.312511, 22.904568 ], [ 78.306082, 22.898017 ], [ 78.291515, 22.875596 ], [ 78.285818, 22.863593 ], [ 78.273855, 22.868598 ], [ 78.262706, 22.867051 ], [ 78.25294, 22.863796 ], [ 78.244395, 22.863593 ], [ 78.236095, 22.869208 ], [ 78.227468, 22.878241 ], [ 78.221202, 22.886583 ], [ 78.22047, 22.890245 ], [ 78.187511, 22.888292 ], [ 78.17099, 22.882514 ], [ 78.154877, 22.870429 ], [ 78.143972, 22.857489 ], [ 78.135346, 22.842719 ], [ 78.130056, 22.825548 ], [ 78.128347, 22.805243 ], [ 78.120372, 22.788764 ], [ 78.102631, 22.791449 ], [ 78.072358, 22.808376 ], [ 78.062022, 22.808173 ], [ 78.042979, 22.80268 ], [ 78.031993, 22.80211 ], [ 78.020437, 22.80622 ], [ 78.003917, 22.819688 ], [ 77.993907, 22.822618 ], [ 77.982514, 22.82156 ], [ 77.96282, 22.816921 ], [ 77.952647, 22.815782 ], [ 77.946788, 22.813788 ], [ 77.942475, 22.810085 ], [ 77.938406, 22.808295 ], [ 77.93214, 22.812079 ], [ 77.926524, 22.820014 ], [ 77.927257, 22.825019 ], [ 77.929454, 22.829617 ], [ 77.925385, 22.84748 ], [ 77.925141, 22.855333 ], [ 77.921641, 22.860541 ], [ 77.908621, 22.863593 ], [ 77.906342, 22.860175 ], [ 77.884369, 22.839708 ], [ 77.875662, 22.837104 ], [ 77.870372, 22.84455 ], [ 77.867686, 22.856391 ], [ 77.866954, 22.867011 ], [ 77.860037, 22.873562 ], [ 77.844819, 22.867377 ], [ 77.819021, 22.849311 ], [ 77.771983, 22.785224 ], [ 77.761322, 22.774848 ], [ 77.739024, 22.771552 ], [ 77.639415, 22.731513 ], [ 77.622976, 22.720974 ], [ 77.588878, 22.686143 ], [ 77.580333, 22.680732 ], [ 77.554128, 22.676866 ], [ 77.544932, 22.672227 ], [ 77.524913, 22.657538 ], [ 77.457612, 22.633734 ], [ 77.438731, 22.630886 ], [ 77.424734, 22.626736 ], [ 77.359874, 22.596055 ], [ 77.332937, 22.570583 ], [ 77.312592, 22.559678 ], [ 77.294688, 22.565701 ], [ 77.27239, 22.594835 ], [ 77.262462, 22.596137 ], [ 77.223643, 22.581081 ], [ 77.179861, 22.570868 ], [ 77.158132, 22.569403 ], [ 77.140229, 22.562812 ], [ 77.086029, 22.514187 ], [ 77.049083, 22.501003 ], [ 76.964773, 22.500108 ], [ 76.921641, 22.493679 ], [ 76.903331, 22.483669 ], [ 76.872325, 22.457384 ], [ 76.856049, 22.452094 ], [ 76.833995, 22.448432 ], [ 76.816661, 22.43891 ], [ 76.802989, 22.425727 ], [ 76.792003, 22.41116 ], [ 76.783376, 22.394884 ], [ 76.781749, 22.380805 ], [ 76.784434, 22.345974 ], [ 76.778331, 22.327257 ], [ 76.76295, 22.309923 ], [ 76.722341, 22.281358 ], [ 76.688731, 22.263536 ], [ 76.667735, 22.258368 ], [ 76.651378, 22.263983 ], [ 76.635916, 22.263699 ], [ 76.585948, 22.234971 ], [ 76.56544, 22.226752 ], [ 76.543956, 22.231024 ], [ 76.52589, 22.242703 ], [ 76.511485, 22.254706 ], [ 76.500092, 22.260321 ], [ 76.500662, 22.264512 ], [ 76.491303, 22.273261 ], [ 76.480479, 22.280829 ], [ 76.476573, 22.281358 ], [ 76.47047, 22.293158 ], [ 76.468272, 22.301052 ], [ 76.47047, 22.309272 ], [ 76.476573, 22.322333 ], [ 76.463878, 22.323432 ], [ 76.445323, 22.332709 ], [ 76.435069, 22.336005 ], [ 76.422537, 22.335964 ], [ 76.370942, 22.32571 ], [ 76.332774, 22.308458 ], [ 76.311534, 22.301866 ], [ 76.241628, 22.292304 ], [ 76.225841, 22.284776 ], [ 76.202078, 22.251003 ], [ 76.18808, 22.242458 ], [ 76.160655, 22.240424 ], [ 76.11671, 22.24494 ], [ 76.096772, 22.242214 ], [ 76.075613, 22.229844 ], [ 76.065929, 22.226426 ], [ 76.043386, 22.22724 ], [ 76.034272, 22.22309 ], [ 76.017182, 22.210395 ], [ 75.996755, 22.198839 ], [ 75.954194, 22.187852 ], [ 75.817963, 22.185818 ], [ 75.795828, 22.180854 ], [ 75.758556, 22.162055 ], [ 75.739187, 22.157904 ], [ 75.69044, 22.154568 ], [ 75.653575, 22.171495 ], [ 75.63144, 22.172797 ], [ 75.468354, 22.153144 ], [ 75.424408, 22.140082 ], [ 75.404063, 22.137397 ], [ 75.340261, 22.139716 ], [ 75.254649, 22.124701 ], [ 75.232188, 22.123114 ], [ 75.222097, 22.120958 ], [ 75.202891, 22.111599 ], [ 75.191173, 22.109483 ], [ 75.157237, 22.110622 ], [ 75.146495, 22.109483 ], [ 75.136485, 22.106147 ], [ 75.122162, 22.097927 ], [ 75.112315, 22.095811 ], [ 75.067556, 22.102607 ], [ 75.047293, 22.099148 ], [ 74.982595, 22.075995 ], [ 74.960948, 22.074652 ], [ 74.896983, 22.082139 ], [ 74.875011, 22.079291 ], [ 74.83489, 22.068549 ], [ 74.81129, 22.068468 ], [ 74.781668, 22.076036 ], [ 74.769786, 22.075995 ], [ 74.758718, 22.072821 ], [ 74.736908, 22.063585 ], [ 74.725027, 22.061632 ], [ 74.700206, 22.050157 ], [ 74.589854, 22.022976 ], [ 74.567393, 22.020697 ], [ 74.557872, 22.023057 ], [ 74.547944, 22.028998 ], [ 74.540131, 22.036729 ], [ 74.537039, 22.044623 ], [ 74.530854, 22.049669 ], [ 74.517507, 22.04796 ], [ 74.495372, 22.041205 ], [ 74.432709, 22.039496 ], [ 74.413503, 22.03498 ], [ 74.396007, 22.02558 ], [ 74.35198, 21.986599 ], [ 74.342377, 21.982123 ], [ 74.320567, 21.976182 ], [ 74.306082, 21.969916 ], [ 74.294526, 21.967882 ], [ 74.289968, 21.966132 ], [ 74.288666, 21.96251 ], [ 74.288585, 21.95657 ], [ 74.287852, 21.950019 ], [ 74.284272, 21.945014 ], [ 74.26767, 21.935981 ], [ 74.249034, 21.929796 ], [ 74.228119, 21.926296 ], [ 74.204845, 21.925116 ], [ 74.182709, 21.929307 ], [ 74.151134, 21.947618 ], [ 74.128835, 21.951768 ], [ 74.061046, 21.940375 ], [ 73.97462, 21.90119 ], [ 73.964936, 21.887803 ], [ 73.942556, 21.87462 ], [ 73.917572, 21.86697 ], [ 73.899506, 21.8699 ], [ 73.870942, 21.854682 ], [ 73.832937, 21.843614 ], [ 73.792491, 21.837104 ], [ 73.756114, 21.835761 ], [ 73.73821, 21.837755 ], [ 73.717865, 21.842231 ], [ 73.699636, 21.848578 ], [ 73.687266, 21.856269 ], [ 73.683523, 21.864773 ], [ 73.681244, 21.876166 ], [ 73.677745, 21.886094 ], [ 73.669851, 21.890408 ], [ 73.660248, 21.892646 ], [ 73.640717, 21.902411 ], [ 73.628917, 21.904608 ], [ 73.607026, 21.912055 ], [ 73.596283, 21.928249 ], [ 73.588145, 21.944444 ], [ 73.573985, 21.951768 ], [ 73.563569, 21.95543 ], [ 73.552013, 21.973171 ], [ 73.543224, 21.979763 ], [ 73.531342, 21.981513 ], [ 73.524343, 21.978583 ], [ 73.519054, 21.974433 ], [ 73.512218, 21.972276 ], [ 73.501394, 21.973009 ], [ 73.461843, 21.985378 ], [ 73.4546, 21.986355 ], [ 73.443614, 21.986599 ], [ 73.434662, 21.954617 ], [ 73.425385, 21.93122 ], [ 73.412852, 21.91767 ], [ 73.373627, 21.928534 ], [ 73.336681, 21.88581 ], [ 73.303722, 21.890408 ], [ 73.288178, 21.905829 ], [ 73.278819, 21.923367 ], [ 73.268077, 21.936469 ], [ 73.249034, 21.938788 ], [ 73.231944, 21.929714 ], [ 73.227306, 21.914578 ], [ 73.230235, 21.896023 ], [ 73.245128, 21.844428 ], [ 73.239757, 21.835028 ], [ 73.221121, 21.828925 ], [ 73.198334, 21.830268 ], [ 73.182058, 21.839626 ], [ 73.168224, 21.85045 ], [ 73.153331, 21.856269 ], [ 73.13616, 21.843858 ], [ 73.149099, 21.811957 ], [ 73.158783, 21.776557 ], [ 73.131765, 21.75377 ] ] } },
{ "type": "Feature", "properties": { "name": "Son", "name_en": "Son", "scalerank": 9.0 }, "geometry": { "type": "LineString", "coordinates": [ [ 81.0, 24.071722694656497 ], [ 80.996023, 24.08751 ], [ 81.0, 24.090298906264053 ] ] } },
{ "type": "Feature", "properties": { "name": "Parbati", "name_en": "Parbati", "scalerank": 9.0 }, "geometry": { "type": "LineString", "coordinates": [ [ 76.655691, 22.914903 ], [ 76.671886, 22.971137 ], [ 76.685069, 22.995876 ], [ 76.722748, 23.025458 ], [ 76.762218, 23.075954 ], [ 76.771007, 23.083319 ], [ 76.791433, 23.091173 ], [ 76.801036, 23.096625 ], [ 76.814545, 23.110867 ], [ 76.845876, 23.16116 ], [ 76.886648, 23.19538 ], [ 76.899099, 23.209093 ], [ 76.923432, 23.230821 ], [ 76.954194, 23.251329 ], [ 76.978445, 23.27558 ], [ 76.983409, 23.308417 ], [ 76.981212, 23.323513 ], [ 76.981049, 23.339179 ], [ 76.991791, 23.403428 ], [ 77.000662, 23.421007 ], [ 77.0171, 23.438585 ], [ 77.107188, 23.51614 ], [ 77.12851, 23.545356 ], [ 77.140554, 23.580105 ], [ 77.140147, 23.590684 ], [ 77.135183, 23.610378 ], [ 77.136241, 23.621202 ], [ 77.206635, 23.785102 ], [ 77.214366, 23.814154 ], [ 77.21046, 23.829698 ], [ 77.199636, 23.842963 ], [ 77.18629, 23.864854 ], [ 77.184255, 23.873887 ], [ 77.186615, 23.890815 ], [ 77.186453, 23.899522 ], [ 77.171479, 23.94245 ], [ 77.169526, 23.990831 ], [ 77.177419, 24.08869 ], [ 77.167572, 24.136583 ], [ 77.117198, 24.244005 ], [ 77.106863, 24.281033 ], [ 77.095876, 24.423774 ], [ 77.086029, 24.467597 ], [ 77.074229, 24.490098 ], [ 77.062022, 24.507595 ], [ 77.054617, 24.526679 ], [ 77.060802, 24.577908 ], [ 77.059011, 24.602362 ], [ 77.046153, 24.649604 ], [ 77.037364, 24.670356 ], [ 77.027273, 24.685981 ], [ 77.014578, 24.699246 ], [ 76.966807, 24.737576 ], [ 76.956391, 24.742621 ], [ 76.94573, 24.74433 ], [ 76.938243, 24.743191 ], [ 76.931082, 24.741156 ], [ 76.921397, 24.739773 ], [ 76.877859, 24.743964 ], [ 76.848074, 24.759792 ], [ 76.795095, 24.81684 ], [ 76.699636, 24.893134 ], [ 76.674327, 24.923041 ], [ 76.648936, 24.970771 ], [ 76.610362, 25.081732 ], [ 76.601166, 25.136094 ], [ 76.603038, 25.162706 ], [ 76.608409, 25.18948 ], [ 76.610769, 25.21601 ], [ 76.60255, 25.242051 ], [ 76.5949, 25.249091 ], [ 76.576101, 25.256415 ], [ 76.568126, 25.263048 ], [ 76.561697, 25.277533 ], [ 76.561941, 25.290635 ], [ 76.564464, 25.303778 ], [ 76.565522, 25.318305 ], [ 76.563731, 25.356309 ], [ 76.566173, 25.370225 ], [ 76.572683, 25.385606 ], [ 76.580658, 25.399685 ], [ 76.586192, 25.414659 ], [ 76.584727, 25.433132 ], [ 76.578624, 25.442003 ], [ 76.559093, 25.452582 ], [ 76.551362, 25.46015 ], [ 76.546967, 25.470811 ], [ 76.54127, 25.49433 ], [ 76.521495, 25.550238 ], [ 76.492198, 25.686835 ], [ 76.487722, 25.69831 ], [ 76.481619, 25.70893 ], [ 76.478445, 25.719835 ], [ 76.481212, 25.732204 ], [ 76.487397, 25.737169 ], [ 76.505951, 25.740505 ], [ 76.512706, 25.744696 ], [ 76.517589, 25.757432 ], [ 76.516612, 25.785346 ], [ 76.517996, 25.799343 ], [ 76.523041, 25.812201 ], [ 76.545909, 25.848334 ] ] } },
{ "type": "Feature", "properties": { "name": "Betwa", "name_en": "Betwa", "scalerank": 9.0 }, "geometry": { "type": "LineString", "coordinates": [ [ 77.346202, 23.240343 ], [ 77.354747, 23.226264 ], [ 77.368663, 23.212999 ], [ 77.384288, 23.203233 ], [ 77.416026, 23.193142 ], [ 77.428152, 23.177558 ], [ 77.449229, 23.137966 ], [ 77.461518, 23.127875 ], [ 77.480398, 23.120185 ], [ 77.503673, 23.115058 ], [ 77.529307, 23.112576 ], [ 77.555105, 23.112738 ], [ 77.579194, 23.11579 ], [ 77.599376, 23.121649 ], [ 77.613699, 23.130479 ], [ 77.618907, 23.138292 ], [ 77.634776, 23.171454 ], [ 77.648367, 23.187608 ], [ 77.653331, 23.196641 ], [ 77.655284, 23.209337 ], [ 77.658376, 23.215522 ], [ 77.67213, 23.234076 ], [ 77.675222, 23.24376 ], [ 77.682628, 23.288764 ], [ 77.687266, 23.294949 ], [ 77.704519, 23.312852 ], [ 77.709972, 23.322292 ], [ 77.711436, 23.33279 ], [ 77.709972, 23.367255 ], [ 77.737234, 23.438992 ], [ 77.746755, 23.454617 ], [ 77.768158, 23.478135 ], [ 77.77825, 23.493598 ], [ 77.781993, 23.503933 ], [ 77.786876, 23.524237 ], [ 77.791921, 23.535183 ], [ 77.853282, 23.617743 ], [ 77.861908, 23.638129 ], [ 77.862804, 23.653388 ], [ 77.855398, 23.667833 ], [ 77.838959, 23.686062 ], [ 77.84547, 23.706855 ], [ 77.846446, 23.798651 ], [ 77.850515, 23.809841 ], [ 77.880626, 23.850531 ], [ 77.891531, 23.874132 ], [ 77.897716, 23.881537 ], [ 77.92213, 23.898261 ], [ 77.96339, 23.938992 ], [ 77.982351, 23.96365 ], [ 77.990489, 23.983954 ], [ 77.990896, 23.98664 ], [ 77.992442, 23.990017 ], [ 77.997325, 23.998562 ], [ 78.023936, 24.039089 ], [ 78.028901, 24.055609 ], [ 78.018484, 24.062771 ], [ 78.029877, 24.104315 ], [ 78.033376, 24.170966 ], [ 78.037364, 24.193671 ], [ 78.043875, 24.215359 ], [ 78.052419, 24.234687 ], [ 78.06544, 24.252631 ], [ 78.076671, 24.263129 ], [ 78.084402, 24.27558 ], [ 78.092784, 24.32453 ], [ 78.106619, 24.339057 ], [ 78.124522, 24.349962 ], [ 78.142589, 24.364447 ], [ 78.168386, 24.400336 ], [ 78.183849, 24.413764 ], [ 78.206472, 24.419053 ], [ 78.219005, 24.42532 ], [ 78.262706, 24.455878 ], [ 78.272227, 24.467475 ], [ 78.269949, 24.477729 ], [ 78.263194, 24.48074 ], [ 78.254324, 24.482123 ], [ 78.244395, 24.487901 ], [ 78.242279, 24.493109 ], [ 78.227468, 24.518256 ], [ 78.223888, 24.519314 ], [ 78.228933, 24.532782 ], [ 78.254324, 24.564887 ], [ 78.26474, 24.583564 ], [ 78.270437, 24.603298 ], [ 78.272227, 24.624538 ], [ 78.27003, 24.62873 ], [ 78.260509, 24.639106 ], [ 78.258067, 24.644965 ], [ 78.263682, 24.662787 ], [ 78.26474, 24.669216 ], [ 78.261241, 24.692694 ], [ 78.252371, 24.707302 ], [ 78.241222, 24.719062 ], [ 78.230724, 24.734402 ], [ 78.226736, 24.752753 ], [ 78.227061, 24.773301 ], [ 78.224864, 24.794216 ], [ 78.197765, 24.839464 ], [ 78.193126, 24.843573 ], [ 78.181895, 24.846625 ], [ 78.173595, 24.85456 ], [ 78.169037, 24.865505 ], [ 78.1692, 24.877753 ], [ 78.180431, 24.892605 ], [ 78.226003, 24.926378 ], [ 78.257091, 24.940253 ], [ 78.312511, 24.987616 ], [ 78.324799, 25.002224 ], [ 78.336518, 25.023017 ], [ 78.340587, 25.045844 ], [ 78.330333, 25.066433 ], [ 78.330496, 25.082058 ], [ 78.349213, 25.10045 ], [ 78.387706, 25.124783 ], [ 78.405528, 25.129096 ], [ 78.4428, 25.132432 ], [ 78.459727, 25.141872 ], [ 78.474539, 25.152696 ], [ 78.525401, 25.179389 ], [ 78.537364, 25.190131 ], [ 78.550548, 25.206 ], [ 78.56129, 25.223334 ], [ 78.565929, 25.238064 ], [ 78.57252, 25.252387 ], [ 78.649832, 25.334825 ], [ 78.661632, 25.355577 ], [ 78.651785, 25.365017 ], [ 78.645112, 25.373236 ], [ 78.658621, 25.391466 ], [ 78.706554, 25.433214 ], [ 78.717052, 25.44599 ], [ 78.722585, 25.461778 ], [ 78.724132, 25.484442 ], [ 78.72698, 25.494493 ], [ 78.734304, 25.502021 ], [ 78.744151, 25.5067 ], [ 78.754812, 25.508368 ], [ 78.763113, 25.510932 ], [ 78.78183, 25.524034 ], [ 78.792491, 25.529486 ], [ 78.823416, 25.529486 ], [ 78.832774, 25.530585 ], [ 78.850108, 25.535224 ], [ 78.857514, 25.536322 ], [ 78.863292, 25.541042 ], [ 78.908376, 25.567003 ], [ 78.907319, 25.576443 ], [ 78.902761, 25.593777 ], [ 78.901541, 25.601142 ], [ 78.905528, 25.605496 ], [ 78.925141, 25.616563 ], [ 78.976166, 25.660712 ], [ 78.98349, 25.669745 ], [ 78.989268, 25.680284 ], [ 79.030284, 25.71837 ], [ 79.035574, 25.722195 ], [ 79.040701, 25.727078 ], [ 79.045665, 25.734931 ], [ 79.047455, 25.743354 ], [ 79.047537, 25.75373 ], [ 79.046886, 25.761664 ], [ 79.045665, 25.762803 ], [ 79.06129, 25.794298 ], [ 79.070811, 25.807685 ], [ 79.079682, 25.81684 ], [ 79.099701, 25.82335 ], [ 79.136241, 25.811957 ], [ 79.155528, 25.81684 ], [ 79.171479, 25.808295 ], [ 79.196381, 25.798896 ], [ 79.221446, 25.796983 ], [ 79.237397, 25.810614 ], [ 79.241954, 25.805772 ], [ 79.248464, 25.801215 ], [ 79.251069, 25.796983 ], [ 79.263927, 25.803534 ], [ 79.274669, 25.811835 ], [ 79.285818, 25.816026 ], [ 79.299408, 25.810614 ], [ 79.285085, 25.787543 ], [ 79.301524, 25.776394 ], [ 79.327647, 25.77619 ], [ 79.341075, 25.78616 ], [ 79.345225, 25.795478 ], [ 79.354747, 25.794867 ], [ 79.365896, 25.790717 ], [ 79.375255, 25.789578 ], [ 79.396902, 25.805243 ], [ 79.408621, 25.810981 ], [ 79.419526, 25.806912 ], [ 79.442475, 25.792914 ], [ 79.454112, 25.805732 ], [ 79.463959, 25.844184 ], [ 79.486095, 25.85753 ], [ 79.50644, 25.850898 ], [ 79.539073, 25.823676 ], [ 79.549571, 25.831244 ], [ 79.556651, 25.841335 ], [ 79.566417, 25.865831 ], [ 79.53655, 25.865587 ], [ 79.523204, 25.869208 ], [ 79.511729, 25.878933 ], [ 79.520274, 25.885769 ], [ 79.531261, 25.889594 ], [ 79.557058, 25.892524 ], [ 79.584239, 25.895616 ], [ 79.596934, 25.899726 ], [ 79.607921, 25.906846 ], [ 79.601492, 25.916449 ], [ 79.599701, 25.92475 ], [ 79.60377, 25.930732 ], [ 79.614187, 25.933539 ], [ 79.627452, 25.928331 ], [ 79.637299, 25.917344 ], [ 79.646658, 25.910264 ], [ 79.65919, 25.916775 ], [ 79.664806, 25.920518 ], [ 79.675304, 25.925808 ], [ 79.685476, 25.928168 ], [ 79.696218, 25.915554 ], [ 79.710541, 25.914171 ], [ 79.726736, 25.914862 ], [ 79.738292, 25.913031 ], [ 79.750662, 25.899604 ], [ 79.756847, 25.886339 ], [ 79.766531, 25.876166 ], [ 79.789561, 25.872097 ], [ 79.797537, 25.876532 ], [ 79.800385, 25.887152 ], [ 79.799815, 25.909939 ], [ 79.805186, 25.913926 ], [ 79.816987, 25.907172 ], [ 79.833914, 25.892524 ], [ 79.845714, 25.890082 ], [ 79.862722, 25.892524 ], [ 79.888438, 25.892524 ], [ 79.894054, 25.889716 ], [ 79.899913, 25.880805 ], [ 79.906261, 25.878933 ], [ 79.918875, 25.880072 ], [ 79.927013, 25.883328 ], [ 79.951589, 25.907172 ], [ 79.957042, 25.909939 ], [ 79.977957, 25.899441 ], [ 79.983002, 25.895087 ], [ 79.986827, 25.889472 ], [ 79.992931, 25.885281 ], [ 80.005056, 25.885118 ], [ 80.009532, 25.887478 ], [ 80.020112, 25.89643 ], [ 80.025808, 25.899441 ], [ 80.033702, 25.90119 ], [ 80.03769, 25.900946 ], [ 80.041596, 25.89997 ], [ 80.049571, 25.899441 ], [ 80.065847, 25.905829 ], [ 80.085948, 25.936794 ], [ 80.101329, 25.94713 ], [ 80.118175, 25.948513 ], [ 80.132823, 25.944892 ], [ 80.174327, 25.92475 ], [ 80.18629, 25.921658 ], [ 80.209972, 25.919867 ] ] } },
{ "type": "Feature", "properties": { "name": "Chambal", "name_en": "Chambal", "scalerank": 7.0 }, "geometry": { "type": "MultiLineString", "coordinates": [ [ [ 75.571707, 24.918728 ], [ 75.554454, 24.947333 ], [ 75.57366, 24.971137 ], [ 75.6338, 25.008734 ], [ 75.719005, 25.083441 ], [ 75.742931, 25.111151 ], [ 75.732921, 25.121527 ], [ 75.734955, 25.130805 ], [ 75.744151, 25.13878 ], [ 75.755951, 25.14529 ], [ 75.766205, 25.148708 ], [ 75.774018, 25.148301 ], [ 75.782237, 25.146348 ], [ 75.7942, 25.14529 ], [ 75.80714, 25.154975 ], [ 75.845307, 25.214179 ], [ 75.904389, 25.273261 ], [ 75.917735, 25.283026 ], [ 75.930919, 25.283718 ], [ 75.935476, 25.280829 ], [ 75.945323, 25.272488 ], [ 75.951752, 25.263739 ], [ 75.963878, 25.240343 ], [ 75.969493, 25.234646 ], [ 75.986339, 25.237494 ], [ 76.004324, 25.25019 ], [ 76.018321, 25.266221 ], [ 76.024099, 25.279364 ], [ 76.02296, 25.321845 ], [ 76.032481, 25.333441 ], [ 76.058197, 25.344509 ], [ 76.063406, 25.347764 ], [ 76.066905, 25.355496 ], [ 76.071869, 25.358181 ], [ 76.076182, 25.356309 ], [ 76.088634, 25.346625 ], [ 76.093028, 25.344509 ], [ 76.10491, 25.346055 ], [ 76.119151, 25.350409 ], [ 76.129893, 25.351345 ], [ 76.14088, 25.354682 ], [ 76.138438, 25.362901 ], [ 76.13087, 25.37287 ], [ 76.126475, 25.3817 ], [ 76.127859, 25.390245 ], [ 76.167491, 25.482856 ], [ 76.177745, 25.498399 ], [ 76.186046, 25.501736 ], [ 76.211681, 25.5008 ], [ 76.222748, 25.502143 ], [ 76.228282, 25.506619 ], [ 76.233409, 25.513251 ], [ 76.240815, 25.519355 ], [ 76.253184, 25.52204 ], [ 76.270518, 25.529486 ], [ 76.277192, 25.547227 ], [ 76.279226, 25.610663 ], [ 76.283621, 25.627387 ], [ 76.293386, 25.641303 ], [ 76.311534, 25.659206 ], [ 76.29713, 25.674384 ], [ 76.285248, 25.691596 ], [ 76.284923, 25.707953 ], [ 76.304698, 25.720649 ], [ 76.322276, 25.714464 ], [ 76.342296, 25.732693 ], [ 76.363292, 25.756903 ], [ 76.3838, 25.76907 ], [ 76.397065, 25.771348 ], [ 76.433849, 25.785224 ], [ 76.445567, 25.79328 ], [ 76.463308, 25.814276 ], [ 76.469819, 25.824286 ], [ 76.476573, 25.837958 ], [ 76.469168, 25.844184 ], [ 76.487315, 25.85163 ], [ 76.509776, 25.853461 ], [ 76.554779, 25.85163 ], [ 76.559255, 25.854356 ], [ 76.582774, 25.875515 ], [ 76.591889, 25.880683 ], [ 76.610606, 25.881537 ], [ 76.620616, 25.885118 ], [ 76.627452, 25.893093 ], [ 76.636241, 25.914252 ], [ 76.641043, 25.920478 ], [ 76.651785, 25.922675 ], [ 76.704356, 25.918769 ], [ 76.715587, 25.916124 ], [ 76.727061, 25.916327 ], [ 76.740001, 25.923285 ], [ 76.759939, 25.945909 ], [ 76.770274, 25.954047 ], [ 76.779063, 25.957953 ], [ 76.78769, 25.960273 ], [ 76.79599, 25.964626 ], [ 76.804291, 25.974473 ], [ 76.807546, 25.985419 ], [ 76.807546, 25.996894 ], [ 76.808849, 26.008328 ], [ 76.81544, 26.018866 ], [ 76.87322, 26.052029 ], [ 76.887462, 26.06391 ], [ 76.89267, 26.073757 ], [ 76.895274, 26.082587 ], [ 76.899099, 26.090766 ], [ 76.90797, 26.09866 ], [ 76.937511, 26.104315 ], [ 76.945567, 26.108222 ], [ 76.95989, 26.122911 ], [ 76.96933, 26.129462 ], [ 76.991791, 26.135932 ], [ 76.998627, 26.145087 ], [ 77.003673, 26.156317 ], [ 77.010346, 26.166287 ], [ 77.018972, 26.171698 ], [ 77.049083, 26.184353 ], [ 77.061941, 26.186794 ], [ 77.075694, 26.184597 ], [ 77.082286, 26.185329 ], [ 77.089854, 26.190497 ], [ 77.0949, 26.198757 ], [ 77.097097, 26.214911 ], [ 77.099864, 26.221503 ], [ 77.124766, 26.237901 ], [ 77.152354, 26.23961 ], [ 77.181082, 26.237413 ], [ 77.209727, 26.242011 ], [ 77.230072, 26.262519 ], [ 77.254161, 26.274726 ], [ 77.266368, 26.284491 ], [ 77.281179, 26.294257 ], [ 77.288097, 26.300076 ], [ 77.294444, 26.308295 ], [ 77.301362, 26.32449 ], [ 77.305186, 26.331366 ], [ 77.323334, 26.352078 ], [ 77.335704, 26.361151 ], [ 77.34962, 26.364936 ], [ 77.380463, 26.364203 ], [ 77.39503, 26.366238 ], [ 77.407644, 26.372382 ], [ 77.41505, 26.364936 ], [ 77.431244, 26.373725 ], [ 77.432384, 26.386257 ], [ 77.431407, 26.400214 ], [ 77.441824, 26.413357 ], [ 77.459565, 26.416815 ], [ 77.499929, 26.411689 ], [ 77.514415, 26.416449 ], [ 77.525971, 26.426337 ], [ 77.565359, 26.447455 ], [ 77.616791, 26.483018 ], [ 77.631114, 26.488389 ], [ 77.645763, 26.490546 ], [ 77.680756, 26.499945 ], [ 77.699311, 26.502061 ], [ 77.715017, 26.506049 ], [ 77.726573, 26.51557 ], [ 77.74407, 26.5362 ], [ 77.772716, 26.548529 ], [ 77.809011, 26.559353 ], [ 77.831472, 26.575792 ], [ 77.819021, 26.605089 ], [ 77.869884, 26.619412 ], [ 77.880626, 26.625596 ], [ 77.885916, 26.634223 ], [ 77.889089, 26.651679 ], [ 77.894216, 26.659735 ], [ 77.902599, 26.664089 ], [ 77.913585, 26.666083 ], [ 77.93214, 26.666571 ], [ 77.949962, 26.669867 ], [ 77.978282, 26.684394 ], [ 78.003673, 26.693874 ], [ 78.012787, 26.695624 ], [ 78.021495, 26.691107 ], [ 78.029063, 26.685329 ], [ 78.038259, 26.68183 ], [ 78.048839, 26.680284 ], [ 78.059255, 26.680243 ], [ 78.079275, 26.682969 ], [ 78.085053, 26.68948 ], [ 78.084972, 26.701606 ], [ 78.087332, 26.721218 ], [ 78.090017, 26.728054 ], [ 78.098562, 26.741034 ], [ 78.100352, 26.742947 ], [ 78.099864, 26.753485 ], [ 78.094249, 26.770331 ], [ 78.092784, 26.779853 ], [ 78.101166, 26.795193 ], [ 78.119884, 26.794704 ], [ 78.151459, 26.783271 ], [ 78.16505, 26.792019 ], [ 78.168956, 26.822211 ], [ 78.182221, 26.81741 ], [ 78.204194, 26.824774 ], [ 78.219249, 26.82392 ], [ 78.233816, 26.819851 ], [ 78.254893, 26.81741 ], [ 78.258067, 26.821357 ], [ 78.272227, 26.844672 ], [ 78.280284, 26.851508 ], [ 78.286062, 26.854926 ], [ 78.326101, 26.85989 ], [ 78.350597, 26.858507 ], [ 78.371349, 26.851101 ], [ 78.384858, 26.82685 ], [ 78.396007, 26.824246 ], [ 78.418712, 26.824815 ], [ 78.427989, 26.822577 ], [ 78.433523, 26.816718 ], [ 78.438243, 26.808783 ], [ 78.446056, 26.799994 ], [ 78.461518, 26.792344 ], [ 78.498627, 26.788275 ], [ 78.518077, 26.783271 ], [ 78.563487, 26.758572 ], [ 78.583263, 26.755927 ], [ 78.595225, 26.75849 ], [ 78.601573, 26.764431 ], [ 78.606537, 26.771186 ], [ 78.614268, 26.776435 ], [ 78.622569, 26.777371 ], [ 78.642589, 26.775214 ], [ 78.655203, 26.776435 ], [ 78.693289, 26.797919 ], [ 78.710053, 26.798936 ], [ 78.724132, 26.776435 ], [ 78.734304, 26.785468 ], [ 78.745372, 26.789252 ], [ 78.754487, 26.785753 ], [ 78.75823, 26.773017 ], [ 78.761974, 26.765245 ], [ 78.770763, 26.763617 ], [ 78.781993, 26.763943 ], [ 78.792491, 26.762152 ], [ 78.812022, 26.747748 ], [ 78.842296, 26.711982 ], [ 78.861339, 26.70128 ], [ 78.873464, 26.700629 ], [ 78.90504, 26.708197 ], [ 78.919363, 26.707872 ], [ 78.926036, 26.706244 ], [ 78.935802, 26.694525 ], [ 78.937755, 26.687038 ], [ 78.937755, 26.677802 ], [ 78.941173, 26.669867 ], [ 78.953136, 26.666571 ], [ 78.984793, 26.673774 ], [ 78.997162, 26.674018 ], [ 78.994233, 26.633653 ], [ 79.026296, 26.591498 ], [ 79.073171, 26.556179 ], [ 79.114513, 26.5362 ], [ 79.163178, 26.531358 ], [ 79.184988, 26.525214 ], [ 79.196381, 26.508897 ], [ 79.192882, 26.497626 ], [ 79.184825, 26.487657 ], [ 79.182628, 26.479682 ], [ 79.196381, 26.474799 ], [ 79.207449, 26.477566 ], [ 79.244884, 26.502061 ] ], [ [ 75.581391, 24.647732 ], [ 75.56894, 24.667548 ], [ 75.507253, 24.743964 ] ], [ [ 75.667247, 22.473212 ], [ 75.657644, 22.475165 ], [ 75.650076, 22.47781 ], [ 75.6338, 22.486843 ], [ 75.602794, 22.510443 ], [ 75.595225, 22.514187 ], [ 75.583751, 22.523017 ], [ 75.558116, 22.566677 ], [ 75.544363, 22.583075 ], [ 75.516856, 22.595811 ], [ 75.510183, 22.602891 ], [ 75.507253, 22.611396 ], [ 75.504324, 22.625271 ], [ 75.503429, 22.63821 ], [ 75.506765, 22.643866 ], [ 75.509776, 22.655341 ], [ 75.503347, 22.726426 ], [ 75.473155, 22.791205 ], [ 75.468679, 22.812079 ], [ 75.510183, 23.062852 ], [ 75.513601, 23.072089 ], [ 75.522716, 23.090033 ], [ 75.524506, 23.096991 ], [ 75.52239, 23.108954 ], [ 75.512462, 23.130398 ], [ 75.510183, 23.141384 ], [ 75.508311, 23.186306 ], [ 75.504324, 23.207953 ], [ 75.496511, 23.226671 ], [ 75.472179, 23.252509 ], [ 75.460541, 23.269232 ], [ 75.455577, 23.291856 ], [ 75.45045, 23.306098 ], [ 75.414073, 23.350206 ], [ 75.401134, 23.370632 ], [ 75.392589, 23.389675 ], [ 75.388113, 23.410346 ], [ 75.386648, 23.435574 ], [ 75.393158, 23.455512 ], [ 75.39503, 23.467719 ], [ 75.390066, 23.47309 ], [ 75.366222, 23.50788 ], [ 75.354584, 23.543891 ], [ 75.358816, 23.67239 ], [ 75.354584, 23.694525 ], [ 75.344168, 23.715766 ], [ 75.328217, 23.726386 ], [ 75.307628, 23.716742 ], [ 75.293386, 23.715644 ], [ 75.280691, 23.732611 ], [ 75.271983, 23.756171 ], [ 75.269949, 23.774766 ], [ 75.278738, 23.796942 ], [ 75.292979, 23.801825 ], [ 75.335216, 23.795233 ], [ 75.34962, 23.802354 ], [ 75.359304, 23.818915 ], [ 75.366222, 23.837429 ], [ 75.373057, 23.850531 ], [ 75.426036, 23.892198 ], [ 75.454356, 23.907742 ], [ 75.46339, 23.929796 ], [ 75.469249, 23.955024 ], [ 75.476085, 23.973985 ], [ 75.503022, 24.01435 ], [ 75.513113, 24.036078 ], [ 75.517019, 24.059353 ], [ 75.511729, 24.075629 ], [ 75.48585, 24.113837 ], [ 75.476085, 24.124823 ], [ 75.462494, 24.133979 ], [ 75.450694, 24.139268 ], [ 75.439545, 24.147569 ], [ 75.427664, 24.165839 ], [ 75.414236, 24.198676 ], [ 75.405284, 24.209825 ], [ 75.385509, 24.22252 ] ] ] } },
{ "type": "Feature", "properties": { "name": "Ganges", "name_en": "Ganges", "scalerank": 3.0 }, "geometry": { "type": "LineString", "coordinates": [ [ 79.84075, 30.888495 ], [ 79.820323, 30.856757 ], [ 79.813731, 30.840155 ], [ 79.813487, 30.819607 ], [ 79.818451, 30.802924 ], [ 79.83489, 30.768907 ], [ 79.84075, 30.750678 ], [ 79.840261, 30.744696 ], [ 79.837901, 30.740017 ], [ 79.836925, 30.733954 ], [ 79.84075, 30.723985 ], [ 79.849213, 30.714626 ], [ 79.868907, 30.700751 ], [ 79.874929, 30.689236 ], [ 79.856537, 30.684882 ], [ 79.847097, 30.675564 ], [ 79.833914, 30.648261 ], [ 79.824799, 30.637234 ], [ 79.807384, 30.626654 ], [ 79.796397, 30.61754 ], [ 79.779307, 30.595486 ], [ 79.753835, 30.546576 ], [ 79.738292, 30.524115 ], [ 79.715343, 30.508165 ], [ 79.684988, 30.500108 ], [ 79.654714, 30.501654 ], [ 79.631602, 30.514512 ], [ 79.593272, 30.550645 ], [ 79.568777, 30.56684 ], [ 79.545909, 30.573188 ], [ 79.522553, 30.563992 ], [ 79.436046, 30.482367 ], [ 79.409434, 30.439073 ], [ 79.388927, 30.42239 ], [ 79.340831, 30.409939 ], [ 79.3213, 30.398057 ], [ 79.31308, 30.372097 ], [ 79.31308, 30.371161 ], [ 79.306733, 30.345974 ], [ 79.290701, 30.323188 ], [ 79.268891, 30.30447 ], [ 79.218761, 30.2803 ], [ 79.205089, 30.277167 ], [ 79.189545, 30.277696 ], [ 79.177989, 30.282172 ], [ 79.170665, 30.288926 ], [ 79.165701, 30.295356 ], [ 79.162364, 30.298855 ], [ 79.136974, 30.304307 ], [ 79.020274, 30.307685 ], [ 79.000662, 30.306016 ], [ 78.903819, 30.267849 ], [ 78.878347, 30.264716 ], [ 78.858653, 30.25906 ], [ 78.803152, 30.235907 ], [ 78.789073, 30.233344 ], [ 78.779714, 30.238105 ], [ 78.770763, 30.236355 ], [ 78.762462, 30.232245 ], [ 78.754812, 30.229926 ], [ 78.741954, 30.232489 ], [ 78.70989, 30.242784 ], [ 78.696218, 30.244208 ], [ 78.687104, 30.240017 ], [ 78.642589, 30.204454 ], [ 78.594249, 30.145209 ], [ 78.582612, 30.122138 ], [ 78.578868, 30.097602 ], [ 78.586355, 30.072862 ], [ 78.537201, 30.077338 ], [ 78.528575, 30.076361 ], [ 78.517345, 30.073188 ], [ 78.46339, 30.072862 ], [ 78.453054, 30.07571 ], [ 78.441905, 30.081488 ], [ 78.433035, 30.090603 ], [ 78.42213, 30.122138 ], [ 78.40504, 30.132351 ], [ 78.384532, 30.133897 ], [ 78.367198, 30.126899 ], [ 78.357921, 30.13349 ], [ 78.34547, 30.139106 ], [ 78.332123, 30.142035 ], [ 78.320079, 30.14057 ], [ 78.285818, 30.096503 ], [ 78.28004, 30.071601 ], [ 78.265717, 30.054063 ], [ 78.230724, 30.024482 ], [ 78.164073, 29.949897 ], [ 78.154877, 29.925482 ], [ 78.156342, 29.89997 ], [ 78.160737, 29.877224 ], [ 78.19044, 29.79267 ], [ 78.197846, 29.748236 ], [ 78.189057, 29.706732 ], [ 78.154877, 29.675076 ], [ 78.107188, 29.654568 ], [ 78.094737, 29.646511 ], [ 78.090017, 29.642442 ], [ 78.084483, 29.641059 ], [ 78.069347, 29.640937 ], [ 78.042084, 29.634874 ], [ 78.018891, 29.619208 ], [ 78.000987, 29.597032 ], [ 77.990489, 29.572048 ], [ 77.991791, 29.531073 ], [ 78.011241, 29.497667 ], [ 78.035655, 29.467231 ], [ 78.052419, 29.434841 ], [ 78.053722, 29.419867 ], [ 78.050304, 29.389268 ], [ 78.052419, 29.373969 ], [ 78.062104, 29.363796 ], [ 78.075206, 29.35574 ], [ 78.082042, 29.344672 ], [ 78.072358, 29.325629 ], [ 78.103526, 29.27851 ], [ 78.117198, 29.25141 ], [ 78.117686, 29.2331 ], [ 78.113536, 29.222683 ], [ 78.115001, 29.211859 ], [ 78.118744, 29.201483 ], [ 78.120942, 29.192165 ], [ 78.115245, 29.179755 ], [ 78.088471, 29.153144 ], [ 78.079845, 29.140652 ], [ 78.076101, 29.058051 ], [ 78.079519, 29.046942 ], [ 78.072032, 28.991319 ], [ 78.072358, 28.969306 ], [ 78.0949, 28.935981 ], [ 78.105968, 28.913642 ], [ 78.10377, 28.897325 ], [ 78.096202, 28.88703 ], [ 78.095795, 28.877631 ], [ 78.098562, 28.867865 ], [ 78.100352, 28.856309 ], [ 78.099132, 28.851386 ], [ 78.094005, 28.841986 ], [ 78.092784, 28.835883 ], [ 78.095876, 28.828477 ], [ 78.103038, 28.824164 ], [ 78.110362, 28.821316 ], [ 78.114675, 28.818468 ], [ 78.118663, 28.814317 ], [ 78.123057, 28.813422 ], [ 78.12672, 28.811632 ], [ 78.128347, 28.804796 ], [ 78.126964, 28.799913 ], [ 78.121593, 28.788031 ], [ 78.120942, 28.784369 ], [ 78.12379, 28.778144 ], [ 78.13144, 28.770046 ], [ 78.134532, 28.763861 ], [ 78.140229, 28.74787 ], [ 78.146495, 28.738349 ], [ 78.165701, 28.719184 ], [ 78.182709, 28.692898 ], [ 78.183604, 28.67182 ], [ 78.177989, 28.649848 ], [ 78.176036, 28.620469 ], [ 78.195323, 28.570258 ], [ 78.264659, 28.488796 ], [ 78.279063, 28.441718 ], [ 78.27239, 28.43476 ], [ 78.267507, 28.428168 ], [ 78.26474, 28.421251 ], [ 78.2671, 28.419989 ], [ 78.271983, 28.414984 ], [ 78.276866, 28.407986 ], [ 78.279063, 28.400743 ], [ 78.275401, 28.390448 ], [ 78.268321, 28.381049 ], [ 78.263927, 28.372016 ], [ 78.268565, 28.36286 ], [ 78.275483, 28.355007 ], [ 78.280935, 28.344794 ], [ 78.284597, 28.333441 ], [ 78.285818, 28.322292 ], [ 78.290131, 28.306952 ], [ 78.300792, 28.296169 ], [ 78.326752, 28.277208 ], [ 78.345225, 28.251776 ], [ 78.353526, 28.243109 ], [ 78.37379, 28.229804 ], [ 78.382742, 28.221991 ], [ 78.406261, 28.186103 ], [ 78.441417, 28.150662 ], [ 78.456065, 28.12641 ], [ 78.46339, 28.105902 ], [ 78.477061, 28.092882 ], [ 78.543956, 28.045193 ], [ 78.556651, 28.03974 ], [ 78.569591, 28.037665 ], [ 78.584727, 28.032782 ], [ 78.595307, 28.021186 ], [ 78.604096, 28.007514 ], [ 78.614268, 27.996039 ], [ 78.62558, 27.989936 ], [ 78.669526, 27.975613 ], [ 78.711681, 27.96894 ], [ 78.720714, 27.965033 ], [ 78.73878, 27.952012 ], [ 78.759939, 27.945583 ], [ 78.806082, 27.941474 ], [ 78.877045, 27.922187 ], [ 78.895112, 27.913153 ], [ 78.939464, 27.882839 ], [ 78.945893, 27.872585 ], [ 78.950694, 27.848904 ], [ 78.956716, 27.838446 ], [ 78.981212, 27.827012 ], [ 79.032807, 27.83161 ], [ 79.055919, 27.821357 ], [ 79.076264, 27.815619 ], [ 79.130056, 27.827501 ], [ 79.155528, 27.817939 ], [ 79.161388, 27.810411 ], [ 79.163992, 27.802843 ], [ 79.165701, 27.794257 ], [ 79.1692, 27.7838 ], [ 79.192963, 27.735704 ], [ 79.195567, 27.723985 ], [ 79.195567, 27.711046 ], [ 79.197032, 27.699327 ], [ 79.203624, 27.691352 ], [ 79.265391, 27.6671 ], [ 79.298269, 27.649685 ], [ 79.33196, 27.636827 ], [ 79.368582, 27.634101 ], [ 79.409923, 27.646593 ], [ 79.443289, 27.60696 ], [ 79.464692, 27.586534 ], [ 79.480724, 27.577704 ], [ 79.493175, 27.573432 ], [ 79.515717, 27.554714 ], [ 79.528575, 27.550401 ], [ 79.546479, 27.548163 ], [ 79.554779, 27.541531 ], [ 79.557872, 27.530829 ], [ 79.561697, 27.486884 ], [ 79.566417, 27.475369 ], [ 79.576182, 27.46308 ], [ 79.598562, 27.448594 ], [ 79.611095, 27.437812 ], [ 79.622488, 27.417507 ], [ 79.626231, 27.394843 ], [ 79.628429, 27.351833 ], [ 79.631602, 27.340888 ], [ 79.636241, 27.330512 ], [ 79.648936, 27.311469 ], [ 79.684255, 27.276475 ], [ 79.689952, 27.266425 ], [ 79.697765, 27.241523 ], [ 79.716726, 27.225043 ], [ 79.765636, 27.201606 ], [ 79.819021, 27.156928 ], [ 79.837983, 27.145209 ], [ 79.850841, 27.141059 ], [ 79.857595, 27.139919 ], [ 79.864838, 27.139512 ], [ 79.91155, 27.148383 ], [ 79.930186, 27.143744 ], [ 79.950613, 27.119005 ], [ 79.990245, 27.049628 ], [ 80.008311, 27.026882 ], [ 80.012462, 27.017117 ], [ 80.010753, 27.006415 ], [ 80.007253, 26.995673 ], [ 80.005056, 26.985622 ], [ 80.009369, 26.97073 ], [ 80.019949, 26.957221 ], [ 80.089854, 26.896918 ], [ 80.107839, 26.873725 ], [ 80.115001, 26.848456 ], [ 80.117686, 26.8039 ], [ 80.121674, 26.781358 ], [ 80.128184, 26.762152 ], [ 80.141612, 26.742377 ], [ 80.162608, 26.722602 ], [ 80.186127, 26.707384 ], [ 80.231212, 26.69599 ], [ 80.245128, 26.681952 ], [ 80.253184, 26.662136 ], [ 80.262136, 26.62991 ], [ 80.290538, 26.570095 ], [ 80.296886, 26.548692 ], [ 80.305756, 26.541287 ], [ 80.317882, 26.53738 ], [ 80.330658, 26.5362 ], [ 80.336355, 26.530137 ], [ 80.343272, 26.500067 ], [ 80.347748, 26.488389 ], [ 80.403331, 26.441596 ], [ 80.414806, 26.436225 ], [ 80.42628, 26.432318 ], [ 80.509939, 26.381049 ], [ 80.525971, 26.364936 ], [ 80.532725, 26.348944 ], [ 80.553315, 26.262966 ], [ 80.553803, 26.25198 ], [ 80.558849, 26.238227 ], [ 80.570567, 26.232611 ], [ 80.584402, 26.229071 ], [ 80.5949, 26.221503 ], [ 80.59962, 26.210517 ], [ 80.599132, 26.202216 ], [ 80.596446, 26.194119 ], [ 80.5949, 26.183661 ], [ 80.597667, 26.174587 ], [ 80.604584, 26.169053 ], [ 80.622162, 26.160102 ], [ 80.673106, 26.114814 ], [ 80.69044, 26.104844 ], [ 80.700694, 26.103827 ], [ 80.718761, 26.10989 ], [ 80.728282, 26.11164 ], [ 80.742931, 26.110175 ], [ 80.750011, 26.106024 ], [ 80.755626, 26.099555 ], [ 80.765554, 26.091173 ], [ 80.788585, 26.080634 ], [ 80.796886, 26.07335 ], [ 80.800304, 26.060411 ], [ 80.797944, 26.049099 ], [ 80.795095, 26.040351 ], [ 80.798432, 26.034044 ], [ 80.813975, 26.029731 ], [ 80.832449, 26.047919 ], [ 80.853445, 26.058173 ], [ 80.877859, 26.062812 ], [ 80.906342, 26.06391 ], [ 80.925792, 26.066596 ], [ 80.961925, 26.076972 ], [ 80.985281, 26.076931 ], [ 81.0, 26.073710063049621 ] ] } },
{ "type": "Feature", "properties": { "name": "Yamuna", "name_en": "Yamuna", "scalerank": 6.0 }, "geometry": { "type": "MultiLineString", "coordinates": [ [ [ 78.339936, 30.915147 ], [ 78.25058, 30.840277 ], [ 78.217052, 30.819607 ], [ 78.131114, 30.794135 ], [ 78.09547, 30.775499 ], [ 78.072358, 30.737657 ], [ 78.063731, 30.689561 ], [ 78.053722, 30.665839 ], [ 78.020518, 30.64704 ], [ 78.009532, 30.627305 ], [ 77.97169, 30.532253 ], [ 77.9699, 30.521064 ], [ 77.9581, 30.511054 ], [ 77.932221, 30.518419 ], [ 77.894216, 30.538398 ], [ 77.885916, 30.535671 ], [ 77.868175, 30.522528 ], [ 77.860037, 30.51793 ], [ 77.838878, 30.512559 ], [ 77.791596, 30.507351 ], [ 77.768565, 30.498236 ], [ 77.688569, 30.455268 ], [ 77.664968, 30.44599 ], [ 77.64446, 30.442206 ], [ 77.623139, 30.441189 ], [ 77.597748, 30.437079 ], [ 77.575857, 30.428778 ], [ 77.565359, 30.414903 ], [ 77.567475, 30.40644 ], [ 77.581472, 30.388983 ], [ 77.586436, 30.380723 ], [ 77.587901, 30.370469 ], [ 77.584972, 30.325263 ], [ 77.570079, 30.278266 ], [ 77.538178, 30.209418 ], [ 77.513682, 30.177436 ], [ 77.484304, 30.15294 ], [ 77.370128, 30.096503 ], [ 77.338959, 30.069688 ], [ 77.323253, 30.064399 ], [ 77.320323, 30.060126 ], [ 77.319021, 30.054511 ], [ 77.317882, 30.040473 ], [ 77.315033, 30.039496 ], [ 77.310802, 30.040473 ], [ 77.305186, 30.038153 ], [ 77.301036, 30.037055 ], [ 77.289236, 30.038845 ], [ 77.284679, 30.038153 ], [ 77.28004, 30.032986 ], [ 77.279063, 30.027167 ], [ 77.279063, 30.021674 ], [ 77.277354, 30.017646 ], [ 77.240001, 29.983507 ], [ 77.229991, 29.976671 ], [ 77.220876, 29.960761 ], [ 77.209727, 29.9289 ], [ 77.180431, 29.804307 ], [ 77.161876, 29.771267 ], [ 77.156179, 29.76911 ], [ 77.148448, 29.770046 ], [ 77.140554, 29.769802 ], [ 77.133881, 29.764431 ], [ 77.132253, 29.755886 ], [ 77.134939, 29.747626 ], [ 77.139252, 29.740017 ], [ 77.141368, 29.733425 ], [ 77.137462, 29.722846 ], [ 77.128184, 29.714301 ], [ 77.106619, 29.702338 ], [ 77.11378, 29.682196 ], [ 77.087901, 29.658555 ], [ 77.093679, 29.640937 ], [ 77.085704, 29.624091 ], [ 77.088878, 29.611599 ], [ 77.095876, 29.600857 ], [ 77.099864, 29.589057 ], [ 77.093272, 29.581163 ], [ 77.078868, 29.576361 ], [ 77.064708, 29.569607 ], [ 77.058116, 29.555528 ], [ 77.060476, 29.548611 ], [ 77.070323, 29.536444 ], [ 77.072358, 29.52794 ], [ 77.070811, 29.511176 ], [ 77.068777, 29.503038 ], [ 77.065684, 29.50373 ], [ 77.077566, 29.492255 ], [ 77.105235, 29.495429 ], [ 77.120209, 29.483832 ], [ 77.107188, 29.469306 ], [ 77.072765, 29.440131 ], [ 77.065684, 29.424872 ], [ 77.076915, 29.423936 ], [ 77.102631, 29.427029 ], [ 77.130626, 29.426459 ], [ 77.148204, 29.414984 ], [ 77.149913, 29.403428 ], [ 77.145437, 29.395575 ], [ 77.138682, 29.388739 ], [ 77.133881, 29.380194 ], [ 77.132823, 29.37226 ], [ 77.133881, 29.342637 ], [ 77.13795, 29.333564 ], [ 77.145518, 29.32392 ], [ 77.149994, 29.313341 ], [ 77.144786, 29.301703 ], [ 77.134044, 29.289333 ], [ 77.130626, 29.280626 ], [ 77.141368, 29.130398 ], [ 77.140229, 29.124213 ], [ 77.137706, 29.121039 ], [ 77.134939, 29.119005 ], [ 77.133881, 29.1164 ], [ 77.135753, 29.108507 ], [ 77.140147, 29.104804 ], [ 77.144949, 29.102647 ], [ 77.148204, 29.099677 ], [ 77.169444, 29.036485 ], [ 77.195567, 28.997626 ], [ 77.189708, 28.988227 ], [ 77.177664, 28.980658 ], [ 77.175548, 28.963162 ], [ 77.20224, 28.942491 ], [ 77.209727, 28.935167 ], [ 77.216807, 28.923692 ], [ 77.220714, 28.914415 ], [ 77.2199, 28.906073 ], [ 77.213145, 28.897325 ], [ 77.202159, 28.877061 ], [ 77.216726, 28.843573 ], [ 77.206391, 28.821885 ], [ 77.198416, 28.813096 ], [ 77.195567, 28.80683 ], [ 77.195893, 28.794257 ], [ 77.197765, 28.790961 ], [ 77.202403, 28.790066 ], [ 77.213145, 28.790595 ], [ 77.216563, 28.788275 ], [ 77.216807, 28.78266 ], [ 77.215831, 28.776068 ], [ 77.216563, 28.770697 ], [ 77.214854, 28.770209 ], [ 77.216563, 28.749579 ], [ 77.219249, 28.74494 ], [ 77.228282, 28.738715 ], [ 77.230072, 28.732856 ], [ 77.229015, 28.721055 ], [ 77.223888, 28.700751 ], [ 77.223155, 28.693956 ] ], [ [ 77.223155, 28.693956 ], [ 77.222667, 28.688788 ], [ 77.222667, 28.694932 ], [ 77.223155, 28.693956 ] ], [ [ 77.223155, 28.693956 ], [ 77.22991, 28.681423 ], [ 77.244395, 28.660346 ], [ 77.250011, 28.647162 ], [ 77.253184, 28.610175 ], [ 77.259044, 28.592597 ], [ 77.289968, 28.578884 ], [ 77.303233, 28.562934 ], [ 77.327403, 28.519802 ], [ 77.335216, 28.507921 ], [ 77.343435, 28.498358 ], [ 77.352794, 28.491889 ], [ 77.363292, 28.489529 ], [ 77.376964, 28.484198 ], [ 77.37851, 28.47248 ], [ 77.375987, 28.460761 ], [ 77.377208, 28.45539 ], [ 77.384939, 28.457628 ], [ 77.402354, 28.467353 ], [ 77.407644, 28.469062 ], [ 77.415294, 28.465033 ], [ 77.417084, 28.459784 ], [ 77.417491, 28.453966 ], [ 77.424571, 28.441962 ], [ 77.425222, 28.435655 ], [ 77.428233, 28.430732 ], [ 77.438731, 28.428738 ], [ 77.456635, 28.434638 ], [ 77.465831, 28.434353 ], [ 77.469737, 28.424994 ], [ 77.468191, 28.396755 ], [ 77.475678, 28.391384 ], [ 77.497081, 28.393337 ], [ 77.471934, 28.340522 ], [ 77.466401, 28.315253 ], [ 77.487885, 28.299018 ], [ 77.489513, 28.286444 ], [ 77.48878, 28.272569 ], [ 77.490733, 28.263617 ], [ 77.503673, 28.256781 ], [ 77.528901, 28.253526 ], [ 77.538585, 28.243109 ], [ 77.532644, 28.241238 ], [ 77.528331, 28.237901 ], [ 77.52589, 28.232856 ], [ 77.524913, 28.225775 ], [ 77.5206, 28.217312 ], [ 77.511241, 28.213487 ], [ 77.501557, 28.211697 ], [ 77.497081, 28.209011 ], [ 77.501557, 28.196723 ], [ 77.528575, 28.192979 ], [ 77.538585, 28.181016 ], [ 77.507253, 28.170274 ], [ 77.494884, 28.151923 ], [ 77.495616, 28.126044 ], [ 77.503835, 28.092882 ], [ 77.469737, 28.11282 ], [ 77.470714, 28.099433 ], [ 77.476492, 28.07156 ], [ 77.468028, 28.046902 ], [ 77.479747, 28.036485 ], [ 77.495697, 28.028388 ], [ 77.503835, 28.02029 ], [ 77.512299, 27.99962 ], [ 77.526459, 27.974473 ], [ 77.529307, 27.952582 ], [ 77.503835, 27.941474 ], [ 77.510509, 27.91946 ], [ 77.519623, 27.898261 ], [ 77.53297, 27.879828 ], [ 77.551687, 27.866319 ], [ 77.565033, 27.863105 ], [ 77.575857, 27.863105 ], [ 77.585053, 27.859687 ], [ 77.593272, 27.845893 ], [ 77.59433, 27.833564 ], [ 77.591075, 27.820258 ], [ 77.5796, 27.797431 ], [ 77.605479, 27.798774 ], [ 77.650483, 27.811713 ], [ 77.668956, 27.811103 ], [ 77.679291, 27.807807 ], [ 77.68629, 27.804267 ], [ 77.689871, 27.797309 ], [ 77.689464, 27.7838 ], [ 77.684011, 27.784491 ], [ 77.67213, 27.772284 ], [ 77.664561, 27.757514 ], [ 77.67213, 27.750312 ], [ 77.676362, 27.744452 ], [ 77.687266, 27.715684 ], [ 77.689464, 27.704657 ], [ 77.687104, 27.691352 ], [ 77.677338, 27.673122 ], [ 77.675222, 27.663398 ], [ 77.678233, 27.654975 ], [ 77.685476, 27.649237 ], [ 77.692393, 27.642157 ], [ 77.69573, 27.629584 ], [ 77.690359, 27.621161 ], [ 77.66448, 27.614203 ], [ 77.655284, 27.605048 ], [ 77.664806, 27.602566 ], [ 77.687429, 27.602078 ], [ 77.69573, 27.599433 ], [ 77.705658, 27.587958 ], [ 77.7046, 27.578315 ], [ 77.698985, 27.567898 ], [ 77.693614, 27.546088 ], [ 77.684581, 27.532579 ], [ 77.682628, 27.527167 ], [ 77.684581, 27.514919 ], [ 77.689708, 27.508368 ], [ 77.6963, 27.503363 ], [ 77.703136, 27.495795 ], [ 77.720714, 27.436469 ], [ 77.72698, 27.426866 ], [ 77.732514, 27.423774 ], [ 77.73821, 27.416083 ], [ 77.742442, 27.406277 ], [ 77.747081, 27.383083 ], [ 77.754487, 27.380968 ], [ 77.771414, 27.385932 ], [ 77.783946, 27.392442 ], [ 77.791921, 27.391669 ], [ 77.798757, 27.379706 ], [ 77.796886, 27.371202 ], [ 77.78183, 27.352973 ], [ 77.77825, 27.341864 ], [ 77.782644, 27.332953 ], [ 77.792247, 27.323025 ], [ 77.802419, 27.314805 ], [ 77.808604, 27.311469 ], [ 77.821788, 27.309149 ], [ 77.827729, 27.303005 ], [ 77.831635, 27.294013 ], [ 77.838959, 27.283515 ], [ 77.860932, 27.26614 ], [ 77.865733, 27.275458 ], [ 77.868175, 27.293972 ], [ 77.884369, 27.304023 ], [ 77.898448, 27.292426 ], [ 77.902924, 27.26911 ], [ 77.90919, 27.251329 ], [ 77.928396, 27.256212 ], [ 77.933116, 27.266791 ], [ 77.933442, 27.280585 ], [ 77.937104, 27.29267 ], [ 77.952647, 27.297797 ], [ 77.959972, 27.291042 ], [ 77.959239, 27.275824 ], [ 77.961192, 27.259467 ], [ 77.976736, 27.249376 ], [ 77.980561, 27.270209 ], [ 77.993256, 27.273139 ], [ 78.008067, 27.265937 ], [ 78.018484, 27.256212 ], [ 78.028087, 27.237494 ], [ 78.031179, 27.219346 ], [ 78.029307, 27.200792 ], [ 78.024669, 27.180487 ], [ 78.045828, 27.187201 ], [ 78.055186, 27.19184 ], [ 78.062755, 27.197862 ], [ 78.074718, 27.202094 ], [ 78.087006, 27.195339 ], [ 78.099376, 27.185574 ], [ 78.11085, 27.180487 ], [ 78.158702, 27.173651 ], [ 78.168712, 27.178778 ], [ 78.17864, 27.188788 ], [ 78.188894, 27.195583 ], [ 78.199962, 27.191026 ], [ 78.210867, 27.169135 ], [ 78.20696, 27.150662 ], [ 78.198741, 27.132636 ], [ 78.197195, 27.11225 ], [ 78.213878, 27.086534 ], [ 78.235606, 27.083523 ], [ 78.24822, 27.093288 ], [ 78.236908, 27.106024 ], [ 78.236908, 27.11225 ], [ 78.251394, 27.112128 ], [ 78.261241, 27.10696 ], [ 78.26767, 27.097357 ], [ 78.272227, 27.084296 ], [ 78.28419, 27.094021 ], [ 78.294851, 27.116034 ], [ 78.306407, 27.125271 ], [ 78.309011, 27.12405 ], [ 78.330984, 27.124457 ], [ 78.333751, 27.125271 ], [ 78.341563, 27.125922 ], [ 78.348643, 27.127468 ], [ 78.354991, 27.124579 ], [ 78.360362, 27.11225 ], [ 78.341319, 27.109646 ], [ 78.322765, 27.09752 ], [ 78.307628, 27.080634 ], [ 78.29892, 27.063788 ], [ 78.310639, 27.063259 ], [ 78.330089, 27.074897 ], [ 78.343028, 27.07807 ], [ 78.357514, 27.075873 ], [ 78.379975, 27.066026 ], [ 78.391124, 27.063788 ], [ 78.411143, 27.055976 ], [ 78.429861, 27.037421 ], [ 78.44044, 27.015001 ], [ 78.435476, 26.996161 ], [ 78.456635, 26.993516 ], [ 78.479015, 26.981309 ], [ 78.497081, 26.965277 ], [ 78.504405, 26.951483 ], [ 78.507091, 26.940009 ], [ 78.513927, 26.929389 ], [ 78.52296, 26.925645 ], [ 78.531668, 26.934678 ], [ 78.527843, 26.94005 ], [ 78.511241, 26.981879 ], [ 78.531505, 26.976874 ], [ 78.555919, 26.975653 ], [ 78.5595, 26.970242 ], [ 78.562511, 26.946357 ], [ 78.583263, 26.929063 ], [ 78.590587, 26.926785 ], [ 78.593761, 26.937812 ], [ 78.591401, 26.939236 ], [ 78.586925, 26.9442 ], [ 78.583995, 26.950303 ], [ 78.586355, 26.955146 ], [ 78.591726, 26.956366 ], [ 78.598643, 26.956 ], [ 78.604747, 26.95421 ], [ 78.607432, 26.951483 ], [ 78.609955, 26.931708 ], [ 78.617198, 26.910427 ], [ 78.62794, 26.893256 ], [ 78.641612, 26.886298 ], [ 78.67571, 26.91413 ], [ 78.695567, 26.921454 ], [ 78.703624, 26.899929 ], [ 78.722341, 26.915961 ], [ 78.729015, 26.919013 ], [ 78.730968, 26.913601 ], [ 78.752371, 26.904079 ], [ 78.75823, 26.899929 ], [ 78.761974, 26.893866 ], [ 78.76946, 26.876492 ], [ 78.771902, 26.872016 ], [ 78.793712, 26.867947 ], [ 78.799327, 26.86579 ], [ 78.808197, 26.85045 ], [ 78.815033, 26.841742 ], [ 78.838878, 26.831488 ], [ 78.857921, 26.80329 ], [ 78.871511, 26.796942 ], [ 78.906505, 26.79324 ], [ 78.943289, 26.783271 ], [ 78.938731, 26.777899 ], [ 78.933442, 26.767524 ], [ 78.928966, 26.762152 ], [ 78.948985, 26.76203 ], [ 78.985362, 26.757514 ], [ 79.004649, 26.762152 ], [ 79.002859, 26.753852 ], [ 78.99879, 26.746894 ], [ 78.992198, 26.740912 ], [ 78.98349, 26.735419 ], [ 78.993663, 26.733344 ], [ 79.002533, 26.728787 ], [ 79.009044, 26.721503 ], [ 79.011485, 26.711534 ], [ 79.015717, 26.700548 ], [ 79.034597, 26.692084 ], [ 79.038829, 26.683946 ], [ 79.03769, 26.671169 ], [ 79.038178, 26.654364 ], [ 79.04599, 26.641181 ], [ 79.066661, 26.639228 ], [ 79.066661, 26.633083 ], [ 79.062022, 26.631049 ], [ 79.057058, 26.627794 ], [ 79.052419, 26.625596 ], [ 79.062022, 26.620185 ], [ 79.080577, 26.602159 ], [ 79.083507, 26.598253 ], [ 79.095225, 26.599636 ], [ 79.115489, 26.604763 ], [ 79.127533, 26.605089 ], [ 79.138601, 26.602362 ], [ 79.160248, 26.59337 ], [ 79.172862, 26.591417 ], [ 79.180268, 26.58751 ], [ 79.195404, 26.569444 ], [ 79.203217, 26.564154 ], [ 79.204031, 26.545193 ], [ 79.231212, 26.53559 ], [ 79.292735, 26.52322 ], [ 79.282156, 26.515326 ], [ 79.244884, 26.502061 ], [ 79.261974, 26.480414 ], [ 79.247651, 26.467149 ], [ 79.223562, 26.456977 ], [ 79.210704, 26.444363 ], [ 79.21933, 26.431016 ], [ 79.240001, 26.433132 ], [ 79.264903, 26.440009 ], [ 79.285818, 26.44123 ], [ 79.296641, 26.434109 ], [ 79.302664, 26.423774 ], [ 79.306895, 26.413438 ], [ 79.31308, 26.406521 ], [ 79.324718, 26.404364 ], [ 79.336843, 26.40705 ], [ 79.348237, 26.4112 ], [ 79.374441, 26.417589 ], [ 79.416026, 26.43655 ], [ 79.437266, 26.44123 ], [ 79.462576, 26.4383 ], [ 79.474213, 26.428778 ], [ 79.477143, 26.414333 ], [ 79.477061, 26.396552 ], [ 79.480235, 26.383857 ], [ 79.494884, 26.364814 ], [ 79.498057, 26.355292 ], [ 79.504161, 26.349677 ], [ 79.517019, 26.353827 ], [ 79.528819, 26.361029 ], [ 79.532237, 26.364936 ], [ 79.555431, 26.360378 ], [ 79.556163, 26.349189 ], [ 79.543956, 26.334784 ], [ 79.528575, 26.320583 ], [ 79.52296, 26.304999 ], [ 79.531993, 26.288031 ], [ 79.548595, 26.272813 ], [ 79.566417, 26.262519 ], [ 79.585541, 26.258368 ], [ 79.608165, 26.256049 ], [ 79.626882, 26.250922 ], [ 79.634695, 26.238593 ], [ 79.638438, 26.219021 ], [ 79.648936, 26.209662 ], [ 79.715017, 26.191352 ], [ 79.72405, 26.186794 ], [ 79.741303, 26.173122 ], [ 79.747976, 26.16413 ], [ 79.741466, 26.160102 ], [ 79.738536, 26.155788 ], [ 79.737315, 26.146104 ], [ 79.739838, 26.136501 ], [ 79.753429, 26.129421 ], [ 79.766368, 26.116238 ], [ 79.772472, 26.11164 ], [ 79.794526, 26.108995 ], [ 79.847097, 26.114691 ], [ 79.864838, 26.108222 ], [ 79.886485, 26.091579 ], [ 79.899913, 26.095282 ], [ 79.908702, 26.111436 ], [ 79.922374, 26.153388 ], [ 79.927419, 26.162462 ], [ 79.937022, 26.166287 ], [ 79.949474, 26.162665 ], [ 79.95574, 26.153591 ], [ 79.957774, 26.141425 ], [ 79.958018, 26.12873 ], [ 79.951671, 26.088324 ], [ 79.958507, 26.072374 ], [ 79.984793, 26.06391 ], [ 80.009207, 26.066026 ], [ 80.059093, 26.076239 ], [ 80.080333, 26.070665 ], [ 80.092784, 26.054999 ], [ 80.093028, 26.037055 ], [ 80.085216, 26.020535 ], [ 80.073416, 26.009304 ], [ 80.080496, 25.998847 ], [ 80.088308, 25.995063 ], [ 80.09726, 25.993272 ], [ 80.107514, 25.988796 ], [ 80.128429, 25.971869 ], [ 80.140636, 25.964138 ], [ 80.170095, 25.954942 ], [ 80.193858, 25.928046 ], [ 80.211192, 25.920478 ], [ 80.255951, 25.929511 ], [ 80.276866, 25.926337 ], [ 80.285737, 25.903144 ], [ 80.296886, 25.891872 ], [ 80.321788, 25.89643 ], [ 80.361501, 25.913031 ], [ 80.406668, 25.914903 ], [ 80.446381, 25.90587 ], [ 80.519135, 25.878933 ], [ 80.537039, 25.869086 ], [ 80.545502, 25.855333 ], [ 80.539968, 25.843207 ], [ 80.516043, 25.837958 ], [ 80.46933, 25.842353 ], [ 80.459076, 25.835273 ], [ 80.471446, 25.810614 ], [ 80.49171, 25.791327 ], [ 80.511322, 25.785834 ], [ 80.557221, 25.789578 ], [ 80.567556, 25.786241 ], [ 80.5678, 25.778347 ], [ 80.563487, 25.7685 ], [ 80.560639, 25.759467 ], [ 80.560557, 25.744574 ], [ 80.561697, 25.738145 ], [ 80.567475, 25.734483 ], [ 80.580577, 25.728095 ], [ 80.600515, 25.721951 ], [ 80.649099, 25.71365 ], [ 80.682872, 25.693874 ], [ 80.705658, 25.6883 ], [ 80.730479, 25.686469 ], [ 80.771983, 25.688422 ], [ 80.779552, 25.689887 ], [ 80.786632, 25.693305 ], [ 80.797944, 25.712022 ], [ 80.806407, 25.72309 ], [ 80.817393, 25.728095 ], [ 80.828868, 25.725409 ], [ 80.838634, 25.71837 ], [ 80.84547, 25.708441 ], [ 80.851166, 25.683905 ], [ 80.85906, 25.681708 ], [ 80.882253, 25.68712 ], [ 80.906342, 25.688096 ], [ 80.923432, 25.685492 ], [ 80.933523, 25.674343 ], [ 80.940522, 25.625434 ], [ 80.951264, 25.614285 ], [ 80.968679, 25.612901 ], [ 81.0, 25.621338383739911 ] ], [ [ 81.0, 25.571490676357651 ], [ 80.999115, 25.570665 ], [ 81.0, 25.568070548729413 ] ] ] } },
{ "type": "Feature", "properties": { "name": "Ghäghara", "name_en": "Ghäghara", "scalerank": 7.0 }, "geometry": { "type": "MultiLineString", "coordinates": [ [ [ 80.923269, 30.552069 ], [ 80.9428, 30.544053 ], [ 80.961192, 30.54267 ], [ 81.0, 30.545637824595218 ] ], [ [ 81.0, 28.9494986630977 ], [ 80.997, 28.947048 ], [ 80.992117, 28.935167 ], [ 81.0, 28.927844997985876 ] ] ] } },
{ "type": "Feature", "properties": { "name": "Tapi", "name_en": "Tapi", "scalerank": 7.0 }, "geometry": { "type": "LineString", "coordinates": [ [ 78.130789, 21.700792 ], [ 78.027843, 21.681952 ], [ 77.997081, 21.68419 ], [ 77.951915, 21.715888 ], [ 77.924327, 21.725124 ], [ 77.839366, 21.724555 ], [ 77.811127, 21.727647 ], [ 77.807546, 21.733425 ], [ 77.808442, 21.760199 ], [ 77.807221, 21.773301 ], [ 77.778412, 21.811103 ], [ 77.728933, 21.821397 ], [ 77.395274, 21.807725 ], [ 77.368663, 21.805772 ], [ 77.312266, 21.808132 ], [ 77.296397, 21.804796 ], [ 77.302013, 21.787421 ], [ 77.285737, 21.777452 ], [ 77.239513, 21.763454 ], [ 77.227794, 21.754503 ], [ 77.2199, 21.747016 ], [ 77.211029, 21.74018 ], [ 77.196869, 21.733669 ], [ 77.177664, 21.729071 ], [ 77.115489, 21.724066 ], [ 77.069347, 21.712348 ], [ 77.028819, 21.693671 ], [ 76.91741, 21.618191 ], [ 76.899669, 21.612738 ], [ 76.843679, 21.613389 ], [ 76.813975, 21.600165 ], [ 76.793712, 21.577094 ], [ 76.788259, 21.546739 ], [ 76.771088, 21.512722 ], [ 76.726003, 21.479519 ], [ 76.67335, 21.453233 ], [ 76.634288, 21.440131 ], [ 76.606863, 21.438992 ], [ 76.527843, 21.453233 ], [ 76.492605, 21.45128 ], [ 76.388276, 21.422187 ], [ 76.343435, 21.399848 ], [ 76.234955, 21.297553 ], [ 76.173757, 21.258857 ], [ 76.16212, 21.248236 ], [ 76.143565, 21.224392 ], [ 76.099701, 21.188015 ], [ 76.072276, 21.171169 ], [ 76.067149, 21.160834 ], [ 76.064952, 21.150255 ], [ 76.057384, 21.139838 ], [ 76.000418, 21.102403 ], [ 75.935802, 21.075751 ], [ 75.867686, 21.060858 ], [ 75.799571, 21.058661 ], [ 75.771495, 21.062934 ], [ 75.718191, 21.082058 ], [ 75.692475, 21.09455 ], [ 75.664561, 21.104438 ], [ 75.578054, 21.117458 ], [ 75.440196, 21.17003 ], [ 75.387706, 21.172797 ], [ 75.370372, 21.170111 ], [ 75.31544, 21.150336 ], [ 75.303152, 21.148261 ], [ 75.239838, 21.149766 ], [ 75.225352, 21.153347 ], [ 75.209076, 21.159369 ], [ 75.187918, 21.174343 ], [ 75.177013, 21.178778 ], [ 75.121593, 21.166327 ], [ 75.066661, 21.170844 ], [ 75.014089, 21.186306 ], [ 74.971772, 21.215847 ], [ 74.955577, 21.220282 ], [ 74.948985, 21.2237 ], [ 74.941661, 21.232042 ], [ 74.932546, 21.245632 ], [ 74.923839, 21.25377 ], [ 74.902599, 21.264024 ], [ 74.851003, 21.273871 ], [ 74.827891, 21.280951 ], [ 74.807221, 21.297919 ], [ 74.783702, 21.34162 ], [ 74.762218, 21.36046 ], [ 74.704112, 21.382025 ], [ 74.694916, 21.388536 ], [ 74.688975, 21.394843 ], [ 74.681244, 21.399766 ], [ 74.404877, 21.444119 ], [ 74.383718, 21.455512 ], [ 74.360281, 21.475694 ], [ 74.331391, 21.506863 ], [ 74.313894, 21.517157 ], [ 74.291921, 21.517401 ], [ 74.260183, 21.511501 ], [ 74.226573, 21.509548 ], [ 74.192882, 21.511176 ], [ 74.160411, 21.516221 ], [ 74.134044, 21.515937 ], [ 73.94101, 21.473741 ], [ 73.906505, 21.461982 ], [ 73.884532, 21.451687 ], [ 73.864757, 21.439399 ], [ 73.847667, 21.424831 ], [ 73.806407, 21.369818 ], [ 73.790131, 21.356635 ], [ 73.727468, 21.324774 ], [ 73.713145, 21.310655 ], [ 73.703624, 21.289252 ], [ 73.7046, 21.280341 ], [ 73.708588, 21.272325 ], [ 73.71046, 21.264106 ], [ 73.704194, 21.254706 ], [ 73.691905, 21.247382 ], [ 73.679454, 21.245469 ], [ 73.62672, 21.249213 ], [ 73.524343, 21.271796 ], [ 73.388438, 21.280382 ], [ 73.36378, 21.279079 ], [ 73.341563, 21.272406 ], [ 73.331472, 21.265448 ], [ 73.324474, 21.257839 ], [ 73.316173, 21.250922 ], [ 73.302175, 21.245917 ], [ 73.286143, 21.244656 ], [ 73.252533, 21.245917 ], [ 73.235362, 21.243354 ], [ 73.197683, 21.228135 ], [ 73.183197, 21.227322 ], [ 73.163503, 21.23017 ], [ 73.147065, 21.234931 ], [ 73.132823, 21.243842 ], [ 73.106049, 21.273627 ], [ 73.089773, 21.285427 ], [ 73.071056, 21.293769 ], [ 73.010671, 21.307074 ], [ 72.998139, 21.308132 ], [ 72.981863, 21.305284 ], [ 72.97169, 21.299831 ], [ 72.962332, 21.29324 ], [ 72.92685, 21.276964 ], [ 72.877452, 21.229315 ], [ 72.857432, 21.227891 ], [ 72.819835, 21.2508 ], [ 72.801768, 21.244656 ], [ 72.798757, 21.230536 ], [ 72.812022, 21.202094 ], [ 72.805186, 21.190863 ], [ 72.751394, 21.155707 ], [ 72.728608, 21.148057 ] ] } },
{ "type": "Feature", "properties": { "name": "Mahi", "name_en": "Mahi", "scalerank": 7.0 }, "geometry": { "type": "LineString", "coordinates": [ [ 72.907319, 22.278632 ], [ 72.918224, 22.296332 ], [ 72.939708, 22.286404 ], [ 72.965343, 22.268175 ], [ 72.989024, 22.261501 ], [ 73.005463, 22.270697 ], [ 73.024669, 22.287665 ], [ 73.039806, 22.307237 ], [ 73.045421, 22.324286 ], [ 73.045014, 22.34573 ], [ 73.052745, 22.388048 ], [ 73.089773, 22.49079 ], [ 73.104584, 22.510199 ], [ 73.118907, 22.521796 ], [ 73.128429, 22.531846 ], [ 73.136322, 22.542914 ], [ 73.156179, 22.582139 ], [ 73.164073, 22.591335 ], [ 73.205007, 22.61461 ], [ 73.228445, 22.636786 ], [ 73.244884, 22.663275 ], [ 73.251475, 22.691677 ], [ 73.24464, 22.735704 ], [ 73.243663, 22.759101 ], [ 73.252045, 22.778022 ], [ 73.269623, 22.787055 ], [ 73.313406, 22.788764 ], [ 73.33253, 22.794989 ], [ 73.35906, 22.81627 ], [ 73.370535, 22.829901 ], [ 73.376882, 22.845079 ], [ 73.376475, 22.856065 ], [ 73.368744, 22.875556 ], [ 73.367605, 22.885525 ], [ 73.37379, 22.906114 ], [ 73.385671, 22.920681 ], [ 73.416921, 22.947821 ], [ 73.430431, 22.970771 ], [ 73.427826, 22.987372 ], [ 73.422537, 23.003445 ], [ 73.427826, 23.024766 ], [ 73.435802, 23.033149 ], [ 73.444835, 23.03559 ], [ 73.454682, 23.036241 ], [ 73.464692, 23.039089 ], [ 73.516694, 23.079372 ], [ 73.536388, 23.098822 ], [ 73.57545, 23.181342 ], [ 73.593761, 23.196641 ], [ 73.634207, 23.203437 ], [ 73.654552, 23.213731 ], [ 73.66212, 23.223578 ], [ 73.673106, 23.246609 ], [ 73.682546, 23.25613 ], [ 73.691824, 23.260281 ], [ 73.739024, 23.266303 ], [ 73.77532, 23.265204 ], [ 73.79241, 23.268256 ], [ 73.810313, 23.280829 ], [ 73.832123, 23.31623 ], [ 73.851166, 23.329698 ], [ 73.871349, 23.332628 ], [ 73.892589, 23.331855 ], [ 73.913178, 23.334744 ], [ 73.931244, 23.348456 ], [ 73.990001, 23.414496 ], [ 73.998464, 23.428738 ], [ 73.999766, 23.439399 ], [ 73.998627, 23.449815 ], [ 74.000011, 23.463162 ], [ 74.009939, 23.491238 ], [ 74.056163, 23.567816 ], [ 74.073253, 23.588935 ], [ 74.089854, 23.60338 ], [ 74.104096, 23.619005 ], [ 74.114675, 23.643663 ], [ 74.117931, 23.668036 ], [ 74.115245, 23.712104 ], [ 74.116628, 23.733954 ], [ 74.136811, 23.773953 ], [ 74.173269, 23.793647 ], [ 74.216238, 23.806016 ], [ 74.256602, 23.82392 ], [ 74.318289, 23.869656 ], [ 74.35198, 23.888861 ], [ 74.453136, 23.914496 ], [ 74.470876, 23.913357 ], [ 74.475515, 23.908149 ], [ 74.490733, 23.881415 ], [ 74.496511, 23.878689 ], [ 74.510916, 23.877753 ], [ 74.516531, 23.874294 ], [ 74.518972, 23.866482 ], [ 74.516531, 23.850531 ], [ 74.51767, 23.843777 ], [ 74.539561, 23.815497 ], [ 74.547944, 23.800727 ], [ 74.552013, 23.780056 ], [ 74.549734, 23.756619 ], [ 74.542491, 23.738145 ], [ 74.524913, 23.704535 ], [ 74.5206, 23.681464 ], [ 74.519054, 23.657904 ], [ 74.52003, 23.640408 ], [ 74.523692, 23.634955 ], [ 74.529552, 23.63227 ], [ 74.537201, 23.62287 ], [ 74.541515, 23.61286 ], [ 74.546967, 23.587755 ], [ 74.548106, 23.574815 ], [ 74.545421, 23.561876 ], [ 74.530528, 23.548122 ], [ 74.526541, 23.53852 ], [ 74.531179, 23.522406 ], [ 74.568126, 23.476752 ], [ 74.605479, 23.40766 ], [ 74.61964, 23.393256 ], [ 74.654552, 23.370307 ], [ 74.698253, 23.348578 ], [ 74.707612, 23.342149 ], [ 74.712332, 23.335883 ], [ 74.712901, 23.329372 ], [ 74.712576, 23.323269 ], [ 74.714773, 23.318061 ], [ 74.72047, 23.314317 ], [ 74.736827, 23.306667 ], [ 74.745535, 23.299831 ], [ 74.751964, 23.296332 ], [ 74.755626, 23.29206 ], [ 74.75172, 23.28616 ], [ 74.742768, 23.281195 ], [ 74.738048, 23.277899 ], [ 74.73642, 23.274482 ], [ 74.739675, 23.264472 ], [ 74.744884, 23.255439 ], [ 74.758393, 23.238105 ], [ 74.762625, 23.235867 ], [ 74.774099, 23.234239 ], [ 74.777273, 23.232489 ], [ 74.778738, 23.224962 ], [ 74.775808, 23.211493 ], [ 74.775971, 23.204291 ], [ 74.780528, 23.17536 ], [ 74.785085, 23.160997 ], [ 74.794526, 23.147406 ], [ 74.812266, 23.134589 ], [ 74.828298, 23.131415 ], [ 74.868582, 23.132107 ], [ 74.8838, 23.134223 ], [ 74.908702, 23.148749 ], [ 74.922781, 23.152289 ], [ 74.932221, 23.150946 ], [ 74.954194, 23.144355 ], [ 74.964936, 23.142361 ], [ 75.005382, 23.102362 ], [ 75.016694, 23.016791 ], [ 75.008311, 22.924099 ], [ 74.989268, 22.86282 ], [ 74.966563, 22.832465 ], [ 74.959727, 22.81684 ], [ 74.958507, 22.795356 ], [ 74.973399, 22.729804 ] ] } },
{ "type": "Feature", "properties": { "name": "Banas", "name_en": "Banas", "scalerank": 8.0 }, "geometry": { "type": "LineString", "coordinates": [ [ 73.542084, 24.867214 ], [ 73.57724, 24.87877 ], [ 73.669037, 24.929877 ], [ 73.851085, 24.968573 ], [ 73.871104, 24.977851 ], [ 73.901296, 25.002997 ], [ 73.918468, 25.013943 ], [ 74.048595, 25.063178 ], [ 74.059011, 25.065253 ], [ 74.076182, 25.065212 ], [ 74.085216, 25.06155 ], [ 74.093435, 25.055732 ], [ 74.108002, 25.048936 ], [ 74.140147, 25.042589 ], [ 74.283702, 25.042344 ], [ 74.310069, 25.047797 ], [ 74.411225, 25.112331 ], [ 74.432384, 25.130235 ], [ 74.473399, 25.178778 ], [ 74.491628, 25.191189 ], [ 74.541596, 25.206855 ], [ 74.554617, 25.209052 ], [ 74.580658, 25.208319 ], [ 74.593761, 25.209418 ], [ 74.605561, 25.214626 ], [ 74.623953, 25.232693 ], [ 74.634044, 25.240668 ], [ 74.659597, 25.248725 ], [ 74.678722, 25.244412 ], [ 74.697276, 25.236192 ], [ 74.721283, 25.23253 ], [ 74.823253, 25.256049 ], [ 74.859874, 25.257758 ], [ 74.905284, 25.246772 ], [ 74.919444, 25.248236 ], [ 74.92628, 25.255927 ], [ 74.931733, 25.265815 ], [ 74.941498, 25.273993 ], [ 74.955333, 25.272162 ], [ 75.019054, 25.248847 ], [ 75.039073, 25.253689 ], [ 75.054861, 25.275255 ], [ 75.065359, 25.302802 ], [ 75.06894, 25.325303 ], [ 75.066987, 25.332953 ], [ 75.058849, 25.349229 ], [ 75.056895, 25.358018 ], [ 75.059174, 25.371161 ], [ 75.069428, 25.39704 ], [ 75.069916, 25.410224 ], [ 75.059174, 25.444119 ], [ 75.062266, 25.456326 ], [ 75.077647, 25.475857 ], [ 75.189138, 25.581 ], [ 75.216563, 25.625312 ], [ 75.2199, 25.635525 ], [ 75.22169, 25.644355 ], [ 75.224376, 25.65294 ], [ 75.230479, 25.662543 ], [ 75.241222, 25.672187 ], [ 75.252045, 25.679023 ], [ 75.262462, 25.687567 ], [ 75.271495, 25.701972 ], [ 75.274913, 25.713243 ], [ 75.278901, 25.735907 ], [ 75.283376, 25.74726 ], [ 75.383556, 25.878119 ], [ 75.422537, 25.915066 ], [ 75.457612, 25.92532 ], [ 75.461925, 25.920762 ], [ 75.474864, 25.901882 ], [ 75.481456, 25.89529 ], [ 75.490815, 25.891954 ], [ 75.512787, 25.889268 ], [ 75.523204, 25.88642 ], [ 75.543061, 25.885443 ], [ 75.549734, 25.901475 ], [ 75.548106, 25.92414 ], [ 75.543468, 25.942939 ], [ 75.542003, 25.963935 ], [ 75.549408, 25.981513 ], [ 75.564057, 25.990424 ], [ 75.606212, 25.979926 ], [ 75.626882, 25.985663 ], [ 75.64503, 25.999132 ], [ 75.658946, 26.016628 ], [ 75.666108, 26.057318 ], [ 75.656993, 26.101182 ], [ 75.653738, 26.14114 ], [ 75.678803, 26.170193 ], [ 75.691905, 26.173651 ], [ 75.716807, 26.175605 ], [ 75.72991, 26.181708 ], [ 75.763113, 26.206122 ], [ 75.782156, 26.215766 ], [ 75.801199, 26.218126 ], [ 75.818614, 26.212755 ], [ 75.855886, 26.193712 ], [ 75.875011, 26.186469 ], [ 75.928396, 26.173163 ], [ 75.9428, 26.165107 ], [ 75.95574, 26.149929 ], [ 75.964773, 26.13406 ], [ 75.975678, 26.119981 ], [ 75.995209, 26.110378 ], [ 76.020112, 26.110134 ], [ 76.044851, 26.119005 ], [ 76.089122, 26.143134 ], [ 76.17099, 26.176337 ], [ 76.315684, 26.211249 ], [ 76.376231, 26.190863 ], [ 76.411632, 26.198594 ], [ 76.449229, 26.212429 ], [ 76.48585, 26.219021 ], [ 76.581391, 26.216173 ], [ 76.605968, 26.206977 ], [ 76.616222, 26.190985 ], [ 76.613292, 26.175116 ], [ 76.607188, 26.159695 ], [ 76.608165, 26.145046 ], [ 76.617605, 26.138129 ], [ 76.646251, 26.134548 ], [ 76.65919, 26.127305 ], [ 76.665619, 26.11697 ], [ 76.671316, 26.102118 ], [ 76.675304, 26.086737 ], [ 76.676524, 26.074734 ], [ 76.672537, 26.060004 ], [ 76.658783, 26.029161 ], [ 76.656668, 26.011908 ], [ 76.659923, 25.997016 ], [ 76.666596, 25.985378 ], [ 76.67685, 25.976426 ], [ 76.69044, 25.969916 ], [ 76.704112, 25.960273 ], [ 76.722667, 25.934434 ], [ 76.739513, 25.926093 ] ] } },
{ "type": "Feature", "properties": { "name": "Indus", "name_en": "Indus", "scalerank": 3.0 }, "geometry": { "type": "MultiLineString", "coordinates": [ [ [ 72.70696, 34.085517 ], [ 72.667491, 34.05919 ], [ 72.651866, 34.043524 ], [ 72.645763, 34.023261 ], [ 72.63323, 34.01378 ], [ 72.604991, 34.013373 ], [ 72.509532, 34.02265 ], [ 72.467459, 34.020453 ], [ 72.430675, 34.011298 ], [ 72.398692, 33.993191 ], [ 72.36671, 33.969346 ], [ 72.348399, 33.961005 ], [ 72.254975, 33.944403 ], [ 72.240326, 33.937934 ], [ 72.225841, 33.901231 ], [ 72.241303, 33.804796 ], [ 72.23406, 33.765977 ], [ 72.223155, 33.774237 ], [ 72.210867, 33.776475 ], [ 72.198253, 33.773505 ], [ 72.186453, 33.765977 ], [ 72.171886, 33.773057 ], [ 72.152599, 33.777289 ], [ 72.114757, 33.779649 ], [ 72.087413, 33.789903 ], [ 72.082937, 33.788153 ], [ 72.062918, 33.765977 ], [ 72.052826, 33.76085 ], [ 72.031749, 33.753974 ], [ 72.021902, 33.746161 ], [ 72.010183, 33.71601 ], [ 72.004893, 33.711371 ], [ 71.999034, 33.703437 ], [ 71.97934, 33.664496 ], [ 71.974132, 33.64997 ], [ 71.971772, 33.598212 ], [ 71.953136, 33.570502 ], [ 71.953054, 33.559882 ], [ 71.955577, 33.547146 ], [ 71.953054, 33.526435 ], [ 71.944753, 33.515652 ], [ 71.901785, 33.488552 ], [ 71.897065, 33.481635 ], [ 71.892507, 33.467963 ], [ 71.888194, 33.461249 ], [ 71.879405, 33.45185 ], [ 71.873546, 33.443468 ], [ 71.872569, 33.434516 ], [ 71.87794, 33.423407 ], [ 71.867768, 33.420844 ], [ 71.863373, 33.41531 ], [ 71.859386, 33.408759 ], [ 71.850597, 33.40351 ], [ 71.841807, 33.402167 ], [ 71.812755, 33.40351 ], [ 71.796804, 33.40001 ], [ 71.740733, 33.375556 ], [ 71.723155, 33.355251 ], [ 71.722341, 33.336127 ], [ 71.725027, 33.318671 ], [ 71.716889, 33.303575 ], [ 71.704682, 33.289618 ], [ 71.698985, 33.272528 ], [ 71.703217, 33.256537 ], [ 71.720876, 33.245876 ], [ 71.712901, 33.245876 ], [ 71.726573, 33.231147 ], [ 71.740733, 33.219428 ], [ 71.751069, 33.20539 ], [ 71.754405, 33.183783 ], [ 71.749522, 33.163438 ], [ 71.740245, 33.14997 ], [ 71.729584, 33.139716 ], [ 71.720876, 33.129177 ], [ 71.712901, 33.110867 ], [ 71.710948, 33.094306 ], [ 71.712901, 33.054063 ], [ 71.718761, 33.037177 ], [ 71.718435, 33.029405 ], [ 71.699474, 33.022813 ], [ 71.694021, 33.015082 ], [ 71.690684, 33.005968 ], [ 71.685476, 32.998847 ], [ 71.649343, 32.978624 ], [ 71.611095, 32.964057 ], [ 71.599539, 32.961859 ], [ 71.572765, 32.960639 ], [ 71.549408, 32.954169 ], [ 71.551687, 32.955593 ], [ 71.541921, 32.952948 ], [ 71.533783, 32.949083 ], [ 71.526947, 32.943386 ], [ 71.512706, 32.920193 ], [ 71.506765, 32.914822 ], [ 71.498139, 32.910712 ], [ 71.461925, 32.897976 ], [ 71.448009, 32.887274 ], [ 71.437511, 32.868964 ], [ 71.430268, 32.842556 ], [ 71.426036, 32.83454 ], [ 71.409109, 32.816433 ], [ 71.40504, 32.808946 ], [ 71.403087, 32.790107 ], [ 71.412852, 32.753119 ], [ 71.414073, 32.734402 ], [ 71.411713, 32.725653 ], [ 71.407725, 32.718777 ], [ 71.402436, 32.713324 ], [ 71.396088, 32.709011 ], [ 71.364187, 32.695014 ], [ 71.354503, 32.68891 ], [ 71.340587, 32.673692 ], [ 71.331472, 32.656073 ], [ 71.325857, 32.636786 ], [ 71.322765, 32.616482 ], [ 71.323416, 32.593573 ], [ 71.329682, 32.574286 ], [ 71.348074, 32.535264 ], [ 71.350841, 32.52501 ], [ 71.346609, 32.432318 ], [ 71.340587, 32.415107 ], [ 71.331472, 32.399278 ], [ 71.293875, 32.356147 ], [ 71.283376, 32.339911 ], [ 71.278738, 32.322333 ], [ 71.278331, 32.302029 ], [ 71.276459, 32.292589 ], [ 71.271902, 32.282823 ], [ 71.251964, 32.254503 ], [ 71.247162, 32.243516 ], [ 71.236501, 32.20185 ], [ 71.22877, 32.181749 ], [ 71.215587, 32.165473 ], [ 71.206716, 32.159695 ], [ 71.177664, 32.147162 ], [ 71.167898, 32.140815 ], [ 71.132091, 32.105821 ], [ 71.123464, 32.094062 ], [ 71.117198, 32.081122 ], [ 71.114675, 32.066514 ], [ 71.11435, 32.047471 ], [ 71.112315, 32.039008 ], [ 71.106944, 32.030544 ], [ 71.070242, 31.999091 ], [ 71.054698, 31.982204 ], [ 71.036876, 31.940212 ], [ 71.023041, 31.925849 ], [ 71.007335, 31.912909 ], [ 70.992768, 31.897895 ], [ 70.983409, 31.879259 ], [ 70.973888, 31.83869 ], [ 70.966807, 31.818915 ], [ 70.923595, 31.744452 ], [ 70.905772, 31.721462 ], [ 70.899343, 31.709581 ], [ 70.899343, 31.695136 ], [ 70.904226, 31.678819 ], [ 70.904714, 31.672919 ], [ 70.903331, 31.663682 ], [ 70.826752, 31.489447 ], [ 70.801036, 31.453681 ], [ 70.795421, 31.440945 ], [ 70.791433, 31.426337 ], [ 70.788178, 31.379665 ], [ 70.767507, 31.263983 ], [ 70.768077, 31.249823 ], [ 70.771495, 31.235948 ], [ 70.781668, 31.209296 ], [ 70.784434, 31.195136 ], [ 70.788829, 31.138251 ], [ 70.793386, 31.125434 ], [ 70.814057, 31.09162 ], [ 70.818614, 31.078152 ], [ 70.835867, 30.977607 ], [ 70.835216, 30.948269 ], [ 70.829031, 30.919867 ], [ 70.819347, 30.883857 ], [ 70.814708, 30.872667 ], [ 70.796886, 30.846747 ], [ 70.765554, 30.813056 ], [ 70.757253, 30.801703 ], [ 70.75172, 30.789008 ], [ 70.750011, 30.774441 ], [ 70.751231, 30.766425 ], [ 70.759939, 30.74433 ], [ 70.762136, 30.736843 ], [ 70.765717, 30.695095 ], [ 70.771414, 30.677314 ], [ 70.780772, 30.661322 ], [ 70.814464, 30.625434 ], [ 70.830333, 30.599433 ], [ 70.841726, 30.57099 ], [ 70.848074, 30.542019 ], [ 70.849701, 30.522325 ], [ 70.84905, 30.502997 ], [ 70.84547, 30.484076 ], [ 70.835541, 30.456977 ], [ 70.829845, 30.416571 ], [ 70.815196, 30.363959 ], [ 70.811046, 30.356147 ], [ 70.805186, 30.349718 ], [ 70.785085, 30.33747 ], [ 70.779552, 30.331366 ], [ 70.774018, 30.315863 ], [ 70.775076, 30.298448 ], [ 70.780528, 30.28144 ], [ 70.80185, 30.237657 ], [ 70.812266, 30.225653 ], [ 70.815929, 30.219509 ], [ 70.817312, 30.210517 ], [ 70.816417, 30.20246 ], [ 70.805431, 30.171007 ], [ 70.803722, 30.162299 ], [ 70.80185, 30.109442 ], [ 70.806163, 30.093533 ], [ 70.835053, 30.053412 ], [ 70.838878, 30.018378 ], [ 70.834239, 29.946885 ], [ 70.83546, 29.938666 ], [ 70.843272, 29.916571 ], [ 70.844737, 29.908026 ], [ 70.844168, 29.89997 ], [ 70.830007, 29.854763 ], [ 70.823741, 29.841417 ], [ 70.812999, 29.829413 ], [ 70.805431, 29.824978 ], [ 70.788503, 29.819119 ], [ 70.780772, 29.814521 ], [ 70.775076, 29.808905 ], [ 70.770763, 29.802436 ], [ 70.76767, 29.795274 ], [ 70.763194, 29.771674 ], [ 70.760509, 29.765001 ], [ 70.755056, 29.758124 ], [ 70.728282, 29.732123 ], [ 70.701182, 29.696641 ], [ 70.689138, 29.686143 ], [ 70.668956, 29.673367 ], [ 70.663097, 29.66828 ], [ 70.658702, 29.661241 ], [ 70.653412, 29.637274 ], [ 70.635346, 29.600653 ], [ 70.6338, 29.591986 ], [ 70.633556, 29.582465 ], [ 70.635753, 29.564073 ], [ 70.644542, 29.545966 ], [ 70.659434, 29.53738 ], [ 70.676768, 29.531358 ], [ 70.692882, 29.521186 ], [ 70.700287, 29.506049 ], [ 70.702159, 29.486151 ], [ 70.700206, 29.448188 ], [ 70.701182, 29.438422 ], [ 70.704112, 29.431098 ], [ 70.714692, 29.416612 ], [ 70.718842, 29.40823 ], [ 70.720307, 29.399604 ], [ 70.719249, 29.390733 ], [ 70.716319, 29.381456 ], [ 70.708751, 29.366645 ], [ 70.680593, 29.32453 ], [ 70.67628, 29.307644 ], [ 70.675385, 29.272406 ], [ 70.67213, 29.254706 ], [ 70.668712, 29.248074 ], [ 70.659434, 29.236436 ], [ 70.648204, 29.215115 ], [ 70.649343, 29.187283 ], [ 70.651947, 29.173896 ], [ 70.661632, 29.14822 ], [ 70.667898, 29.123603 ], [ 70.667898, 29.083808 ], [ 70.665294, 29.070624 ], [ 70.660167, 29.058783 ], [ 70.652192, 29.049669 ], [ 70.641856, 29.043809 ], [ 70.630382, 29.040351 ], [ 70.59075, 29.033637 ], [ 70.577566, 29.029649 ], [ 70.565033, 29.023261 ], [ 70.555268, 29.015408 ], [ 70.525971, 28.975898 ], [ 70.476003, 28.922675 ], [ 70.466075, 28.916124 ], [ 70.436534, 28.911566 ], [ 70.404063, 28.915595 ], [ 70.373627, 28.914618 ], [ 70.350108, 28.895128 ], [ 70.34547, 28.883409 ], [ 70.339122, 28.858954 ], [ 70.333914, 28.84752 ], [ 70.326264, 28.837958 ], [ 70.276378, 28.792507 ], [ 70.252371, 28.777615 ], [ 70.156749, 28.745429 ], [ 70.144135, 28.738959 ], [ 70.132742, 28.728949 ], [ 70.107351, 28.69241 ], [ 70.095795, 28.682644 ], [ 70.054698, 28.666612 ], [ 70.043061, 28.659247 ], [ 70.037364, 28.650255 ], [ 70.035574, 28.639268 ], [ 70.03655, 28.625922 ], [ 70.028575, 28.597927 ], [ 70.003022, 28.586737 ], [ 69.940929, 28.581651 ], [ 69.926768, 28.576972 ], [ 69.91505, 28.569525 ], [ 69.893565, 28.550116 ], [ 69.882498, 28.542263 ], [ 69.871186, 28.538438 ], [ 69.82366, 28.533515 ], [ 69.801768, 28.528428 ], [ 69.781016, 28.520453 ], [ 69.762218, 28.509101 ], [ 69.752533, 28.499864 ], [ 69.746349, 28.489773 ], [ 69.724701, 28.416083 ], [ 69.716563, 28.40119 ], [ 69.708263, 28.391872 ], [ 69.678315, 28.37462 ], [ 69.6692, 28.366034 ], [ 69.66269, 28.355496 ], [ 69.652599, 28.332384 ], [ 69.64503, 28.320624 ], [ 69.585378, 28.258612 ], [ 69.573334, 28.250271 ], [ 69.561127, 28.245673 ], [ 69.535737, 28.239691 ], [ 69.523529, 28.234971 ], [ 69.500011, 28.220811 ], [ 69.487804, 28.21601 ], [ 69.473888, 28.215399 ], [ 69.432709, 28.231879 ], [ 69.419526, 28.232449 ], [ 69.410574, 28.225775 ], [ 69.405691, 28.214179 ], [ 69.400483, 28.189643 ], [ 69.395763, 28.176052 ], [ 69.388764, 28.16295 ], [ 69.378998, 28.152371 ], [ 69.365896, 28.146308 ], [ 69.338308, 28.150458 ], [ 69.312022, 28.164008 ], [ 69.288097, 28.169745 ], [ 69.2671, 28.150702 ], [ 69.259369, 28.138129 ], [ 69.25058, 28.12934 ], [ 69.23935, 28.124091 ], [ 69.224376, 28.121934 ], [ 69.194835, 28.121894 ], [ 69.180756, 28.11876 ], [ 69.1692, 28.110175 ], [ 69.162852, 28.098497 ], [ 69.153331, 28.073432 ], [ 69.144786, 28.062812 ], [ 69.131358, 28.056179 ], [ 69.116954, 28.054999 ], [ 69.074311, 28.064276 ], [ 69.06129, 28.065619 ], [ 69.048432, 28.065131 ], [ 69.034923, 28.06269 ], [ 69.036225, 28.034939 ], [ 69.035574, 28.030585 ], [ 69.026134, 28.001776 ], [ 69.021902, 27.992499 ], [ 69.016124, 27.984076 ], [ 68.998953, 27.972113 ], [ 68.980886, 27.970974 ], [ 68.932872, 27.985907 ], [ 68.927826, 27.986518 ], [ 68.922537, 27.98432 ], [ 68.918712, 27.979682 ], [ 68.917491, 27.974229 ], [ 68.918224, 27.968451 ], [ 68.920421, 27.962917 ], [ 68.926768, 27.952989 ], [ 68.942963, 27.936143 ], [ 68.949636, 27.926296 ], [ 68.953624, 27.915229 ], [ 68.955089, 27.903754 ], [ 68.953543, 27.880439 ], [ 68.949962, 27.868272 ], [ 68.943126, 27.86164 ], [ 68.933197, 27.858588 ], [ 68.895112, 27.853705 ], [ 68.882742, 27.849433 ], [ 68.87322, 27.842597 ], [ 68.870372, 27.837917 ], [ 68.862641, 27.820014 ], [ 68.860932, 27.813585 ], [ 68.860769, 27.807563 ], [ 68.863048, 27.794989 ], [ 68.87794, 27.782538 ], [ 68.884044, 27.782416 ], [ 68.890717, 27.780219 ], [ 68.896088, 27.77615 ], [ 68.898204, 27.770535 ], [ 68.917898, 27.766425 ], [ 68.940684, 27.758653 ], [ 68.955577, 27.745876 ], [ 68.951752, 27.726426 ], [ 68.932628, 27.710273 ], [ 68.882091, 27.691474 ], [ 68.835867, 27.667996 ], [ 68.813406, 27.663113 ], [ 68.791026, 27.666938 ], [ 68.768891, 27.680732 ], [ 68.749929, 27.699734 ], [ 68.734386, 27.721706 ], [ 68.717052, 27.766872 ], [ 68.699229, 27.784857 ], [ 68.676524, 27.790351 ], [ 68.65797, 27.781684 ], [ 68.65211, 27.757188 ], [ 68.655284, 27.732733 ], [ 68.653738, 27.721137 ], [ 68.646576, 27.711046 ], [ 68.635671, 27.705268 ], [ 68.623057, 27.703192 ], [ 68.609955, 27.703803 ], [ 68.575857, 27.710069 ], [ 68.565522, 27.70954 ], [ 68.554698, 27.705512 ], [ 68.542572, 27.696397 ], [ 68.522065, 27.674262 ], [ 68.510671, 27.66474 ], [ 68.48878, 27.662462 ], [ 68.468191, 27.672187 ], [ 68.449718, 27.676581 ], [ 68.433849, 27.658026 ], [ 68.424327, 27.635443 ], [ 68.416596, 27.627387 ], [ 68.404552, 27.623603 ], [ 68.37794, 27.624538 ], [ 68.365164, 27.623399 ], [ 68.352794, 27.617743 ], [ 68.344737, 27.609646 ], [ 68.332612, 27.590155 ], [ 68.325287, 27.581366 ], [ 68.29835, 27.56448 ], [ 68.291108, 27.556912 ], [ 68.289236, 27.534613 ], [ 68.326182, 27.499294 ], [ 68.331472, 27.477647 ], [ 68.324962, 27.464789 ], [ 68.305675, 27.442328 ], [ 68.29835, 27.429796 ], [ 68.296967, 27.418769 ], [ 68.300873, 27.409532 ], [ 68.315684, 27.393622 ], [ 68.326671, 27.374132 ], [ 68.316987, 27.364081 ], [ 68.296641, 27.361151 ], [ 68.274832, 27.362738 ], [ 68.247081, 27.368354 ], [ 68.232921, 27.369656 ], [ 68.219249, 27.367865 ], [ 68.20989, 27.363105 ], [ 68.15325, 27.300727 ], [ 68.146495, 27.27912 ], [ 68.162201, 27.259792 ], [ 68.19752, 27.244818 ], [ 68.205496, 27.235948 ], [ 68.206716, 27.224677 ], [ 68.201671, 27.214871 ], [ 68.192393, 27.207221 ], [ 68.182384, 27.202257 ], [ 68.161388, 27.200548 ], [ 68.134288, 27.201524 ], [ 68.108979, 27.198757 ], [ 68.094168, 27.185858 ], [ 68.094249, 27.175727 ], [ 68.099213, 27.165473 ], [ 68.111746, 27.147162 ], [ 68.117768, 27.133979 ], [ 68.120697, 27.120632 ], [ 68.119558, 27.107245 ], [ 68.113292, 27.094102 ], [ 68.074474, 27.053412 ], [ 68.051036, 27.021918 ], [ 68.040945, 27.013373 ], [ 68.000011, 26.991563 ], [ 67.976085, 26.969672 ], [ 67.966726, 26.964423 ], [ 67.955333, 26.962348 ], [ 67.943858, 26.963731 ], [ 67.92213, 26.972032 ], [ 67.913015, 26.965644 ], [ 67.908702, 26.957058 ], [ 67.908132, 26.947089 ], [ 67.917003, 26.914374 ], [ 67.917084, 26.90294 ], [ 67.914236, 26.891181 ], [ 67.904714, 26.867051 ], [ 67.901785, 26.861762 ], [ 67.894623, 26.852078 ], [ 67.892589, 26.846544 ], [ 67.891694, 26.83279 ], [ 67.902599, 26.794135 ], [ 67.905284, 26.768256 ], [ 67.904714, 26.742051 ], [ 67.902436, 26.717393 ], [ 67.900645, 26.711127 ], [ 67.890554, 26.694363 ], [ 67.884939, 26.681952 ], [ 67.881358, 26.669867 ], [ 67.879405, 26.657335 ], [ 67.878998, 26.643826 ], [ 67.88087, 26.63349 ], [ 67.884858, 26.624538 ], [ 67.891124, 26.616523 ], [ 67.911225, 26.598253 ], [ 67.920421, 26.586778 ], [ 67.926036, 26.573676 ], [ 67.927338, 26.557929 ], [ 67.922862, 26.537177 ], [ 67.922374, 26.530056 ], [ 67.924734, 26.505723 ], [ 67.927013, 26.498969 ], [ 67.919526, 26.471706 ], [ 67.918712, 26.46129 ], [ 67.91684, 26.451443 ], [ 67.913503, 26.442003 ], [ 67.908295, 26.432929 ], [ 67.88974, 26.410468 ], [ 67.886322, 26.401801 ], [ 67.889903, 26.385688 ], [ 67.917084, 26.358222 ], [ 67.927419, 26.34394 ], [ 67.931895, 26.325548 ], [ 67.9345, 26.287218 ], [ 67.939057, 26.26907 ], [ 67.952566, 26.255194 ], [ 67.972341, 26.24962 ], [ 67.993744, 26.246121 ], [ 68.012136, 26.238145 ], [ 68.018565, 26.230902 ], [ 68.02239, 26.222683 ], [ 68.02825, 26.204861 ], [ 68.033214, 26.19656 ], [ 68.039968, 26.190741 ], [ 68.047944, 26.186713 ], [ 68.094168, 26.174587 ], [ 68.110362, 26.166327 ], [ 68.124115, 26.152371 ], [ 68.128998, 26.143744 ], [ 68.132091, 26.134711 ], [ 68.133393, 26.125271 ], [ 68.133311, 26.115424 ], [ 68.127208, 26.088324 ], [ 68.127208, 26.079291 ], [ 68.13616, 26.062079 ], [ 68.153331, 26.047146 ], [ 68.207286, 26.012519 ], [ 68.221446, 25.999823 ], [ 68.233002, 25.98489 ], [ 68.241954, 25.966173 ], [ 68.252533, 25.932644 ], [ 68.259939, 25.916693 ], [ 68.271088, 25.903266 ], [ 68.28655, 25.893378 ], [ 68.318451, 25.878241 ], [ 68.331554, 25.865505 ], [ 68.341401, 25.852891 ], [ 68.347097, 25.847846 ], [ 68.35434, 25.843573 ], [ 68.38323, 25.832587 ], [ 68.391368, 25.82685 ], [ 68.397716, 25.809597 ], [ 68.385753, 25.795274 ], [ 68.365815, 25.784288 ], [ 68.349132, 25.777289 ], [ 68.331391, 25.765815 ], [ 68.321869, 25.750515 ], [ 68.322683, 25.732937 ], [ 68.33489, 25.714789 ], [ 68.353445, 25.702908 ], [ 68.396495, 25.689276 ], [ 68.41627, 25.678656 ], [ 68.426362, 25.661241 ], [ 68.416108, 25.646837 ], [ 68.39739, 25.633979 ], [ 68.382335, 25.621161 ], [ 68.378835, 25.603461 ], [ 68.393972, 25.567816 ], [ 68.39267, 25.54918 ], [ 68.380382, 25.535346 ], [ 68.362397, 25.527045 ], [ 68.343191, 25.520779 ], [ 68.325857, 25.512885 ], [ 68.314464, 25.498806 ], [ 68.315033, 25.48371 ], [ 68.327891, 25.451036 ], [ 68.326264, 25.435411 ], [ 68.310639, 25.409288 ], [ 68.309825, 25.395331 ], [ 68.315522, 25.385281 ], [ 68.332042, 25.371609 ], [ 68.339447, 25.363593 ], [ 68.344168, 25.352851 ], [ 68.349132, 25.279324 ], [ 68.347179, 25.272081 ], [ 68.343516, 25.265977 ], [ 68.332774, 25.25495 ], [ 68.313569, 25.241482 ], [ 68.30836, 25.236029 ], [ 68.304291, 25.228054 ], [ 68.301768, 25.218329 ], [ 68.301199, 25.208319 ], [ 68.302745, 25.19953 ], [ 68.311615, 25.188178 ], [ 68.355561, 25.16474 ], [ 68.360769, 25.160264 ], [ 68.365896, 25.154812 ], [ 68.369884, 25.148464 ], [ 68.370535, 25.141791 ], [ 68.366222, 25.134833 ], [ 68.358002, 25.131619 ], [ 68.348643, 25.130968 ], [ 68.32252, 25.134955 ], [ 68.306651, 25.135606 ], [ 68.294688, 25.129096 ], [ 68.28948, 25.110622 ], [ 68.288666, 25.10102 ], [ 68.287039, 25.093126 ], [ 68.283702, 25.085801 ], [ 68.272553, 25.070014 ], [ 68.268565, 25.06212 ], [ 68.266368, 25.053656 ], [ 68.266531, 25.044053 ], [ 68.273448, 25.00963 ], [ 68.273692, 24.992743 ], [ 68.2671, 24.976345 ], [ 68.260834, 24.969265 ], [ 68.253347, 24.964545 ], [ 68.245128, 24.963731 ], [ 68.237071, 24.968207 ], [ 68.231212, 24.976426 ], [ 68.222585, 24.995225 ], [ 68.215424, 25.002631 ], [ 68.197765, 25.006374 ], [ 68.180593, 24.998236 ], [ 68.165457, 24.98432 ], [ 68.142589, 24.956488 ], [ 68.134776, 24.941474 ], [ 68.132253, 24.925238 ], [ 68.136811, 24.907416 ], [ 68.144135, 24.895209 ], [ 68.146495, 24.888861 ], [ 68.145518, 24.881619 ], [ 68.140636, 24.874091 ], [ 68.133067, 24.869005 ], [ 68.123953, 24.866278 ], [ 68.115001, 24.86579 ], [ 68.078705, 24.875922 ], [ 68.060639, 24.877305 ], [ 68.044037, 24.868354 ], [ 68.037527, 24.853461 ], [ 68.042247, 24.839138 ], [ 68.050222, 24.824734 ], [ 68.053315, 24.809516 ], [ 68.047455, 24.790717 ], [ 68.036062, 24.77497 ], [ 68.009207, 24.746161 ], [ 68.001069, 24.732245 ], [ 67.986827, 24.687567 ], [ 67.970307, 24.656317 ], [ 67.968761, 24.64114 ], [ 67.978445, 24.625067 ], [ 68.003998, 24.601142 ], [ 68.010509, 24.587348 ], [ 68.006765, 24.569892 ], [ 68.002045, 24.562323 ], [ 67.996593, 24.555976 ], [ 67.990245, 24.550727 ], [ 67.966889, 24.53852 ], [ 67.960948, 24.532823 ], [ 67.957937, 24.524482 ], [ 67.958263, 24.516547 ], [ 67.967377, 24.494167 ], [ 67.97169, 24.479438 ], [ 67.974132, 24.464301 ], [ 67.974213, 24.45657 ], [ 67.973074, 24.44953 ], [ 67.970307, 24.442898 ], [ 67.966319, 24.436306 ], [ 67.956716, 24.43122 ], [ 67.943858, 24.432196 ], [ 67.920095, 24.436713 ], [ 67.915294, 24.435248 ], [ 67.900645, 24.427069 ], [ 67.877208, 24.420681 ], [ 67.858897, 24.418809 ], [ 67.849539, 24.416612 ], [ 67.843354, 24.411892 ], [ 67.842052, 24.403388 ], [ 67.846202, 24.396104 ], [ 67.858653, 24.383857 ], [ 67.863536, 24.375841 ], [ 67.867931, 24.366034 ], [ 67.870535, 24.35578 ], [ 67.870046, 24.346462 ], [ 67.854747, 24.333319 ], [ 67.830333, 24.339138 ], [ 67.805431, 24.348456 ], [ 67.788097, 24.3463 ], [ 67.784679, 24.336046 ], [ 67.78769, 24.325019 ], [ 67.794363, 24.314724 ], [ 67.801524, 24.306667 ], [ 67.819021, 24.29267 ], [ 67.826101, 24.284857 ], [ 67.830333, 24.273871 ], [ 67.8296, 24.263536 ], [ 67.824799, 24.255194 ], [ 67.816824, 24.2508 ], [ 67.80657, 24.252387 ], [ 67.788097, 24.266547 ], [ 67.778087, 24.271308 ], [ 67.766531, 24.269314 ], [ 67.758067, 24.261013 ], [ 67.755626, 24.250271 ], [ 67.756358, 24.227159 ], [ 67.753184, 24.20539 ], [ 67.749929, 24.19477 ], [ 67.745209, 24.185085 ], [ 67.737804, 24.17414 ], [ 67.729747, 24.166571 ], [ 67.719819, 24.163682 ], [ 67.707042, 24.166612 ], [ 67.687022, 24.174872 ], [ 67.676768, 24.175605 ], [ 67.666026, 24.171576 ], [ 67.659679, 24.166124 ], [ 67.65504, 24.159125 ], [ 67.652273, 24.15115 ], [ 67.651296, 24.14289 ], [ 67.653331, 24.132839 ], [ 67.661632, 24.114447 ], [ 67.663585, 24.106431 ] ], [ [ 79.437266, 32.738105 ], [ 79.422374, 32.752712 ], [ 79.399343, 32.792751 ], [ 79.356944, 32.850694 ], [ 79.336436, 32.860419 ], [ 79.327403, 32.868476 ], [ 79.317882, 32.908271 ], [ 79.308604, 32.928168 ], [ 79.289236, 32.936794 ], [ 79.284272, 32.94005 ], [ 79.273692, 32.954617 ], [ 79.268891, 32.957831 ], [ 79.224376, 32.970893 ], [ 79.181895, 32.989325 ], [ 79.152354, 33.015408 ], [ 79.100841, 33.080756 ], [ 78.955333, 33.201239 ], [ 78.935802, 33.211127 ], [ 78.924083, 33.212836 ], [ 78.91505, 33.210395 ], [ 78.906993, 33.206732 ], [ 78.898529, 33.204901 ], [ 78.797781, 33.153103 ], [ 78.78655, 33.14997 ], [ 78.771902, 33.149685 ], [ 78.760834, 33.152289 ], [ 78.734386, 33.163275 ], [ 78.710948, 33.165351 ], [ 78.592377, 33.207872 ], [ 78.576671, 33.211127 ], [ 78.570567, 33.216498 ], [ 78.559093, 33.240424 ], [ 78.548757, 33.245876 ], [ 78.538259, 33.247585 ], [ 78.511241, 33.259548 ], [ 78.433523, 33.282416 ], [ 78.406261, 33.299425 ], [ 78.366303, 33.344062 ], [ 78.353038, 33.354682 ], [ 78.335867, 33.360297 ], [ 78.3095, 33.361925 ], [ 78.291026, 33.365505 ], [ 78.276541, 33.374294 ], [ 78.25172, 33.396674 ], [ 78.195811, 33.432888 ], [ 78.162608, 33.461859 ], [ 78.152273, 33.46894 ], [ 78.149099, 33.479844 ], [ 78.158376, 33.525336 ], [ 78.157807, 33.54796 ], [ 78.149832, 33.566514 ], [ 78.131358, 33.574246 ], [ 78.100841, 33.577826 ], [ 78.092459, 33.588406 ], [ 78.090831, 33.605536 ], [ 78.079845, 33.628852 ], [ 78.066987, 33.638129 ], [ 78.022472, 33.659451 ], [ 78.007823, 33.663601 ], [ 77.996511, 33.673936 ], [ 77.958751, 33.722846 ], [ 77.942556, 33.738715 ], [ 77.884207, 33.769151 ], [ 77.870372, 33.773464 ], [ 77.858409, 33.780382 ], [ 77.733897, 33.921983 ], [ 77.660411, 34.029324 ], [ 77.593272, 34.088162 ], [ 77.556163, 34.113471 ], [ 77.53419, 34.124538 ], [ 77.5053, 34.131212 ], [ 77.497569, 34.135077 ], [ 77.488862, 34.136908 ], [ 77.466563, 34.130439 ], [ 77.433604, 34.128485 ], [ 77.421316, 34.129096 ], [ 77.339366, 34.160183 ], [ 77.333751, 34.1824 ], [ 77.319591, 34.196153 ], [ 77.299571, 34.202989 ], [ 77.277354, 34.20421 ], [ 77.272716, 34.202012 ], [ 77.269135, 34.193386 ], [ 77.263682, 34.191189 ], [ 77.257091, 34.19184 ], [ 77.252208, 34.193915 ], [ 77.248057, 34.196234 ], [ 77.23349, 34.20128 ], [ 77.217052, 34.209906 ], [ 77.196788, 34.212958 ], [ 77.184093, 34.216498 ], [ 77.172862, 34.221991 ], [ 77.167979, 34.229031 ], [ 77.164073, 34.237372 ], [ 77.154714, 34.23725 ], [ 77.143484, 34.233913 ], [ 77.133881, 34.232123 ], [ 77.112722, 34.237576 ], [ 77.07073, 34.255561 ], [ 77.043386, 34.26199 ], [ 77.036143, 34.268866 ], [ 77.032481, 34.278835 ], [ 77.031505, 34.290798 ], [ 76.990001, 34.307888 ], [ 76.904307, 34.307888 ], [ 76.887706, 34.311143 ], [ 76.842784, 34.330349 ], [ 76.788585, 34.37169 ], [ 76.772716, 34.389512 ], [ 76.770274, 34.403428 ], [ 76.737722, 34.424262 ], [ 76.694021, 34.44123 ], [ 76.6845, 34.447821 ], [ 76.625092, 34.518826 ], [ 76.611827, 34.54267 ], [ 76.600108, 34.554267 ], [ 76.584402, 34.5633 ], [ 76.538097, 34.574774 ], [ 76.523448, 34.582628 ], [ 76.490245, 34.608913 ], [ 76.449474, 34.631415 ], [ 76.435069, 34.636827 ], [ 76.387462, 34.64411 ], [ 76.372976, 34.649848 ], [ 76.372976, 34.643622 ], [ 76.334239, 34.657986 ], [ 76.316824, 34.667792 ], [ 76.300873, 34.680854 ], [ 76.242686, 34.746039 ], [ 76.234386, 34.752305 ], [ 76.220876, 34.760321 ], [ 76.215343, 34.766547 ], [ 76.210378, 34.777371 ], [ 76.203217, 34.802558 ], [ 76.189871, 34.829901 ], [ 76.190359, 34.853054 ], [ 76.195404, 34.87519 ], [ 76.201671, 34.890692 ], [ 76.206391, 34.897081 ], [ 76.218028, 34.908515 ], [ 76.222748, 34.917344 ], [ 76.224864, 34.931423 ], [ 76.221934, 34.941026 ], [ 76.217459, 34.948188 ], [ 76.215343, 34.954901 ], [ 76.210216, 34.95893 ], [ 76.185802, 34.965115 ], [ 76.177745, 34.968858 ], [ 76.15032, 34.989285 ], [ 76.12322, 35.016384 ], [ 76.075613, 35.051134 ], [ 76.06129, 35.066474 ], [ 76.052664, 35.072577 ], [ 76.041108, 35.075019 ], [ 76.038259, 35.077012 ], [ 76.03655, 35.087592 ], [ 76.034272, 35.092393 ], [ 76.027436, 35.096055 ], [ 76.011241, 35.09455 ], [ 76.003673, 35.096137 ], [ 75.957449, 35.148261 ], [ 75.945323, 35.157009 ], [ 75.921641, 35.165554 ], [ 75.914968, 35.185614 ], [ 75.915619, 35.208564 ], [ 75.914236, 35.225857 ], [ 75.90797, 35.234442 ], [ 75.90089, 35.238471 ], [ 75.893565, 35.241278 ], [ 75.886974, 35.246365 ], [ 75.882498, 35.254259 ], [ 75.874604, 35.275946 ], [ 75.859386, 35.303046 ], [ 75.85377, 35.324042 ], [ 75.843272, 35.341376 ], [ 75.817963, 35.349392 ], [ 75.79713, 35.34337 ], [ 75.768077, 35.31448 ], [ 75.746349, 35.307807 ], [ 75.726492, 35.308051 ], [ 75.721283, 35.311062 ], [ 75.712169, 35.318386 ], [ 75.699962, 35.322862 ], [ 75.689138, 35.319159 ], [ 75.67864, 35.312323 ], [ 75.667247, 35.307807 ], [ 75.635916, 35.314154 ], [ 75.486095, 35.415595 ], [ 75.46933, 35.431098 ], [ 75.462413, 35.448065 ], [ 75.451752, 35.46015 ], [ 75.427175, 35.471137 ], [ 75.399506, 35.476671 ], [ 75.379812, 35.472276 ], [ 75.362804, 35.485907 ], [ 75.352468, 35.505316 ], [ 75.347097, 35.527859 ], [ 75.345714, 35.551093 ], [ 75.339366, 35.575303 ], [ 75.323253, 35.585639 ], [ 75.105479, 35.602607 ], [ 75.085948, 35.601752 ], [ 75.080007, 35.603583 ], [ 75.07073, 35.609442 ], [ 75.061534, 35.618842 ], [ 75.055756, 35.627875 ], [ 75.048269, 35.63463 ], [ 75.033214, 35.637315 ], [ 74.989268, 35.640082 ], [ 74.967296, 35.644314 ], [ 74.948334, 35.650987 ], [ 74.938569, 35.657172 ], [ 74.920502, 35.678331 ], [ 74.88974, 35.701931 ], [ 74.872488, 35.711737 ], [ 74.850108, 35.716864 ], [ 74.772716, 35.717963 ], [ 74.76295, 35.719306 ], [ 74.745209, 35.724148 ], [ 74.739757, 35.728339 ], [ 74.742442, 35.749701 ], [ 74.747488, 35.768663 ], [ 74.747081, 35.777167 ], [ 74.72462, 35.785997 ], [ 74.722911, 35.798285 ], [ 74.728608, 35.822333 ], [ 74.726573, 35.836371 ], [ 74.72462, 35.841579 ], [ 74.656749, 35.842841 ], [ 74.638927, 35.836371 ], [ 74.630463, 35.820868 ], [ 74.629161, 35.802436 ], [ 74.632498, 35.786933 ], [ 74.639171, 35.777371 ], [ 74.64503, 35.77558 ], [ 74.648204, 35.772895 ], [ 74.646902, 35.760281 ], [ 74.641205, 35.759467 ], [ 74.629487, 35.749538 ], [ 74.621674, 35.737901 ], [ 74.629161, 35.732367 ], [ 74.635183, 35.728705 ], [ 74.644054, 35.720079 ], [ 74.650483, 35.710028 ], [ 74.649913, 35.701931 ], [ 74.611339, 35.671495 ], [ 74.609467, 35.660509 ], [ 74.611339, 35.649522 ], [ 74.624278, 35.620144 ], [ 74.628673, 35.613715 ], [ 74.631602, 35.606228 ], [ 74.632498, 35.527452 ], [ 74.607188, 35.495795 ], [ 74.564708, 35.483669 ], [ 74.516694, 35.478135 ], [ 74.474864, 35.466091 ], [ 74.459565, 35.453559 ], [ 74.443614, 35.437445 ], [ 74.42571, 35.423529 ], [ 74.403575, 35.41767 ], [ 74.317882, 35.41767 ], [ 74.27003, 35.427558 ], [ 74.246674, 35.426703 ], [ 74.207042, 35.404893 ], [ 74.183442, 35.402655 ], [ 74.15919, 35.405341 ], [ 74.139659, 35.410834 ], [ 74.129324, 35.417182 ], [ 74.10906, 35.433539 ], [ 74.098155, 35.438178 ], [ 74.087576, 35.437852 ], [ 74.046886, 35.431342 ], [ 74.029796, 35.434272 ], [ 73.967784, 35.458604 ], [ 73.923106, 35.489691 ], [ 73.910818, 35.494086 ], [ 73.862315, 35.492743 ], [ 73.836925, 35.49726 ], [ 73.756114, 35.527452 ], [ 73.627208, 35.543484 ], [ 73.563569, 35.542304 ], [ 73.502371, 35.534369 ], [ 73.463145, 35.558132 ], [ 73.439952, 35.562201 ], [ 73.395925, 35.543524 ], [ 73.344005, 35.548936 ], [ 73.323416, 35.548041 ], [ 73.312429, 35.541571 ], [ 73.307709, 35.533515 ], [ 73.303722, 35.513251 ], [ 73.304128, 35.512071 ], [ 73.29835, 35.486274 ], [ 73.296886, 35.482856 ], [ 73.294688, 35.473944 ], [ 73.285411, 35.453437 ], [ 73.283214, 35.44123 ], [ 73.280284, 35.434841 ], [ 73.266694, 35.414171 ], [ 73.262706, 35.403998 ], [ 73.262706, 35.343126 ], [ 73.260183, 35.337429 ], [ 73.251069, 35.324978 ], [ 73.249034, 35.318386 ], [ 73.258556, 35.306586 ], [ 73.276134, 35.298163 ], [ 73.285411, 35.285224 ], [ 73.26946, 35.260037 ], [ 73.250662, 35.248725 ], [ 73.201915, 35.233262 ], [ 73.118663, 35.184882 ], [ 73.053233, 35.126532 ], [ 73.038829, 35.116523 ], [ 73.003998, 35.099066 ], [ 72.988292, 35.08869 ], [ 72.950857, 35.050727 ], [ 72.927989, 35.034939 ], [ 72.90919, 35.037787 ], [ 72.899506, 35.042507 ], [ 72.892019, 35.036973 ], [ 72.887136, 35.026679 ], [ 72.885265, 35.016669 ], [ 72.888113, 35.008979 ], [ 72.893891, 35.00198 ], [ 72.898855, 34.992784 ], [ 72.898936, 34.978827 ], [ 72.891368, 34.961859 ], [ 72.869395, 34.929023 ], [ 72.864838, 34.906806 ], [ 72.872325, 34.892035 ], [ 72.890636, 34.884711 ], [ 72.933604, 34.87641 ], [ 72.969168, 34.856553 ], [ 72.986339, 34.840115 ], [ 72.98463, 34.824897 ], [ 72.975597, 34.821885 ], [ 72.962901, 34.82038 ], [ 72.951671, 34.817694 ], [ 72.946788, 34.81155 ], [ 72.943777, 34.806586 ], [ 72.927175, 34.787543 ], [ 72.919444, 34.780829 ], [ 72.888113, 34.771511 ], [ 72.854747, 34.769314 ], [ 72.824474, 34.76081 ], [ 72.802745, 34.732449 ], [ 72.80071, 34.717231 ], [ 72.809581, 34.674099 ], [ 72.804861, 34.657172 ], [ 72.785411, 34.637478 ], [ 72.781668, 34.622504 ] ], [ [ 79.73463, 32.443915 ], [ 79.719656, 32.45246 ], [ 79.67628, 32.511583 ], [ 79.461518, 32.707384 ], [ 79.429779, 32.744981 ] ], [ [ 67.663585, 24.106431 ], [ 67.661388, 24.1081 ] ], [ [ 67.663585, 24.106431 ], [ 67.664073, 24.104763 ], [ 67.658132, 24.083808 ], [ 67.63974, 24.070828 ], [ 67.616466, 24.065212 ], [ 67.573171, 24.068549 ], [ 67.552338, 24.066596 ], [ 67.532319, 24.060492 ] ], [ [ 67.71339, 24.066433 ], [ 67.701915, 24.078559 ], [ 67.663585, 24.106431 ] ], [ [ 67.71339, 24.066433 ], [ 67.723725, 24.062934 ], [ 67.737885, 24.056952 ], [ 67.753673, 24.054145 ], [ 67.760183, 24.052843 ] ], [ [ 67.925873, 23.982449 ], [ 67.9428, 23.986518 ], [ 67.95574, 23.994493 ], [ 67.954845, 24.004421 ], [ 67.945079, 24.017361 ], [ 67.932628, 24.045518 ], [ 67.924246, 24.055976 ], [ 67.911143, 24.063096 ], [ 67.868907, 24.076443 ], [ 67.853526, 24.075466 ], [ 67.828298, 24.065294 ], [ 67.811127, 24.062771 ], [ 67.794688, 24.06623 ], [ 67.777924, 24.071641 ], [ 67.764903, 24.071845 ], [ 67.759695, 24.059353 ], [ 67.7671, 24.023017 ], [ 67.786713, 24.002956 ], [ 67.815196, 23.994737 ], [ 67.883311, 23.993964 ], [ 67.900645, 23.990912 ], [ 67.913992, 23.983954 ], [ 67.925548, 23.982367 ], [ 67.925873, 23.982449 ] ], [ [ 67.925873, 23.982449 ], [ 67.926768, 23.984931 ] ], [ [ 68.024506, 23.933661 ], [ 68.022065, 23.949327 ], [ 68.016368, 23.968085 ], [ 68.016612, 23.978949 ], [ 68.02003, 23.994574 ], [ 68.018891, 24.001492 ], [ 68.013927, 24.00963 ], [ 68.007091, 24.015937 ], [ 67.999278, 24.018744 ], [ 67.990733, 24.018581 ], [ 67.981456, 24.015937 ], [ 67.973155, 24.010932 ], [ 67.966726, 24.005235 ], [ 67.956391, 23.999457 ] ], [ [ 67.65089, 23.93122 ], [ 67.668712, 23.943712 ], [ 67.707612, 23.947455 ], [ 67.725515, 23.953559 ], [ 67.731375, 23.965155 ], [ 67.728933, 23.980333 ], [ 67.722667, 23.997382 ], [ 67.719249, 24.015001 ], [ 67.719819, 24.049994 ], [ 67.71339, 24.066433 ] ], [ [ 67.857514, 23.909491 ], [ 67.857514, 23.915351 ], [ 67.86085, 23.9324 ], [ 67.862722, 23.938015 ], [ 67.868175, 23.944525 ], [ 67.875662, 23.949083 ], [ 67.884044, 23.952175 ], [ 67.910167, 23.957709 ], [ 67.915538, 23.960883 ], [ 67.919526, 23.965115 ], [ 67.925873, 23.982449 ] ] ] } },
{ "type": "Feature", "properties": { "name": "Sutlej", "name_en": "Sutlej", "scalerank": 6.0 }, "geometry": { "type": "MultiLineString", "coordinates": [ [ [ 76.435069, 31.422227 ], [ 76.430105, 31.418484 ], [ 76.419037, 31.41767 ], [ 76.409434, 31.420925 ], [ 76.40089, 31.429145 ], [ 76.394623, 31.4171 ], [ 76.384695, 31.412462 ], [ 76.374115, 31.409491 ], [ 76.36671, 31.402411 ], [ 76.364838, 31.390977 ], [ 76.378184, 31.338975 ], [ 76.437266, 31.242743 ], [ 76.467865, 31.219062 ], [ 76.538097, 31.183295 ], [ 76.553396, 31.1706 ], [ 76.564138, 31.153835 ], [ 76.570242, 31.133612 ], [ 76.572276, 31.110663 ], [ 76.584727, 31.090155 ], [ 76.587332, 31.078559 ], [ 76.575613, 31.073432 ], [ 76.562429, 31.072089 ], [ 76.549083, 31.06745 ], [ 76.538097, 31.058905 ], [ 76.531261, 31.045518 ], [ 76.531749, 31.036729 ], [ 76.538585, 31.015896 ], [ 76.538097, 31.004584 ], [ 76.532237, 30.997341 ], [ 76.514578, 30.986843 ], [ 76.510753, 30.980333 ], [ 76.505789, 30.977851 ], [ 76.472911, 30.970404 ], [ 76.459483, 30.971218 ], [ 76.452891, 30.97366 ], [ 76.426199, 30.997748 ], [ 76.411632, 31.006944 ], [ 76.395437, 31.011542 ], [ 76.372976, 31.01142 ], [ 76.343435, 31.004828 ], [ 76.332612, 31.004584 ], [ 76.321788, 31.007148 ], [ 76.302338, 31.01614 ], [ 76.291026, 31.018826 ], [ 76.287201, 31.016791 ], [ 76.276378, 31.007025 ], [ 76.270518, 31.004584 ], [ 76.219737, 31.018581 ], [ 76.208507, 31.018826 ], [ 76.199311, 31.016384 ], [ 76.17921, 31.00727 ], [ 76.167491, 31.004584 ], [ 76.122813, 31.004584 ], [ 76.113699, 31.002468 ], [ 76.094005, 30.993028 ], [ 76.08253, 30.990912 ], [ 75.999766, 30.99433 ], [ 75.980235, 30.999579 ], [ 75.96575, 31.008002 ], [ 75.922944, 31.022528 ], [ 75.829682, 30.997138 ], [ 75.790701, 31.004584 ], [ 75.754487, 30.995307 ], [ 75.634939, 30.987128 ], [ 75.606375, 30.990912 ], [ 75.575694, 30.977403 ], [ 75.539154, 30.972602 ], [ 75.3956, 30.985175 ], [ 75.360444, 30.993191 ], [ 75.332042, 31.004584 ], [ 75.320404, 31.013943 ], [ 75.309174, 31.025214 ], [ 75.296479, 31.034695 ], [ 75.280203, 31.038682 ], [ 75.271658, 31.039618 ], [ 75.264903, 31.041775 ], [ 75.256358, 31.045518 ], [ 75.250987, 31.047146 ], [ 75.247081, 31.048936 ], [ 75.243582, 31.051703 ], [ 75.239268, 31.056016 ], [ 75.233165, 31.060004 ], [ 75.229096, 31.057807 ], [ 75.226003, 31.0539 ], [ 75.222179, 31.052314 ], [ 75.214122, 31.052843 ], [ 75.205577, 31.052029 ], [ 75.19752, 31.052273 ], [ 75.191173, 31.056016 ], [ 75.187022, 31.063992 ], [ 75.18214, 31.082058 ], [ 75.177175, 31.089911 ], [ 75.165131, 31.097357 ], [ 75.149669, 31.101426 ], [ 75.13323, 31.102484 ], [ 75.118582, 31.100775 ], [ 75.112315, 31.10696 ], [ 75.116466, 31.109565 ], [ 75.125987, 31.121283 ], [ 75.115489, 31.129665 ], [ 75.078217, 31.147976 ], [ 75.04241, 31.179063 ], [ 75.033214, 31.183295 ], [ 75.017182, 31.18183 ], [ 74.963471, 31.167263 ], [ 74.933849, 31.16295 ], [ 74.861339, 31.162543 ], [ 74.836436, 31.158555 ], [ 74.81129, 31.147976 ], [ 74.761974, 31.1081 ], [ 74.740245, 31.101426 ], [ 74.708263, 31.114366 ], [ 74.687755, 31.097724 ], [ 74.600597, 31.05683 ], [ 74.579112, 31.042914 ], [ 74.563731, 31.025214 ], [ 74.563569, 31.004584 ], [ 74.54835, 30.992377 ], [ 74.534434, 30.976426 ], [ 74.519054, 30.962673 ], [ 74.499034, 30.956814 ], [ 74.476736, 30.956326 ], [ 74.4581, 30.95364 ], [ 74.441173, 30.946397 ], [ 74.424083, 30.932563 ], [ 74.413015, 30.91531 ], [ 74.408702, 30.90119 ], [ 74.40089, 30.893337 ], [ 74.379324, 30.894721 ], [ 74.353282, 30.901313 ], [ 74.342052, 30.902167 ], [ 74.329356, 30.899848 ], [ 74.318858, 30.893622 ], [ 74.310476, 30.884711 ], [ 74.30364, 30.874213 ], [ 74.311046, 30.856147 ], [ 74.299815, 30.838406 ], [ 74.279552, 30.824978 ], [ 74.259776, 30.819607 ], [ 74.256277, 30.815497 ], [ 74.265391, 30.7956 ], [ 74.266205, 30.788601 ], [ 74.2588, 30.781277 ], [ 74.243663, 30.77143 ], [ 74.235281, 30.76435 ], [ 74.214854, 30.737657 ], [ 74.198334, 30.725206 ], [ 74.190684, 30.717231 ], [ 74.184174, 30.697089 ], [ 74.169688, 30.687364 ], [ 74.166433, 30.679307 ], [ 74.163178, 30.665107 ], [ 74.155365, 30.659776 ], [ 74.132253, 30.655707 ], [ 74.111095, 30.646511 ], [ 74.09547, 30.637315 ], [ 74.081716, 30.626166 ], [ 74.067149, 30.610704 ], [ 74.056733, 30.591824 ], [ 74.057872, 30.574734 ], [ 74.061127, 30.555772 ], [ 74.05714, 30.531602 ], [ 74.043712, 30.518866 ], [ 74.003998, 30.509101 ], [ 73.995697, 30.501166 ], [ 73.98935, 30.488064 ], [ 73.938731, 30.426215 ], [ 73.928803, 30.419257 ], [ 73.91627, 30.417304 ], [ 73.899506, 30.42239 ], [ 73.901785, 30.415839 ], [ 73.903819, 30.401638 ], [ 73.905691, 30.395046 ], [ 73.887218, 30.396755 ], [ 73.867198, 30.387722 ], [ 73.851492, 30.37287 ], [ 73.8449, 30.357204 ], [ 73.834076, 30.352647 ], [ 73.769786, 30.367743 ], [ 73.699799, 30.339219 ], [ 73.664643, 30.31745 ], [ 73.648936, 30.317572 ], [ 73.632742, 30.322821 ], [ 73.612234, 30.326117 ], [ 73.600352, 30.325303 ], [ 73.589773, 30.322862 ], [ 73.580089, 30.318793 ], [ 73.570567, 30.313096 ], [ 73.539806, 30.277696 ], [ 73.533702, 30.277045 ], [ 73.505382, 30.268337 ], [ 73.453868, 30.244208 ], [ 73.436534, 30.233669 ], [ 73.417898, 30.224718 ], [ 73.397472, 30.218614 ], [ 73.340587, 30.216254 ], [ 73.331554, 30.210069 ], [ 73.3331, 30.196804 ], [ 73.339285, 30.184516 ], [ 73.344005, 30.181505 ], [ 73.334727, 30.171413 ], [ 73.323985, 30.16946 ], [ 73.311127, 30.168565 ], [ 73.296886, 30.161689 ], [ 73.290294, 30.15001 ], [ 73.286876, 30.136664 ], [ 73.279796, 30.128933 ], [ 73.262706, 30.134345 ], [ 73.253347, 30.146308 ], [ 73.24464, 30.161973 ], [ 73.233002, 30.170681 ], [ 73.214854, 30.161689 ], [ 73.212332, 30.149237 ], [ 73.225597, 30.125067 ], [ 73.218028, 30.120673 ], [ 73.203298, 30.117377 ], [ 73.139171, 30.086534 ], [ 73.131765, 30.08572 ], [ 73.053233, 30.09337 ], [ 73.04713, 30.085801 ], [ 73.033783, 30.055284 ], [ 72.945079, 29.98961 ], [ 72.932628, 29.982611 ], [ 72.92685, 29.98664 ], [ 72.922944, 30.003607 ], [ 72.913259, 30.008002 ], [ 72.888438, 30.004014 ], [ 72.86964, 29.996609 ], [ 72.834239, 29.96365 ], [ 72.813243, 29.956163 ], [ 72.787364, 29.952704 ], [ 72.76767, 29.943427 ], [ 72.728282, 29.915229 ], [ 72.728119, 29.906317 ], [ 72.709972, 29.902411 ], [ 72.66269, 29.901557 ], [ 72.635509, 29.892524 ], [ 72.630056, 29.871039 ], [ 72.629975, 29.845974 ], [ 72.618337, 29.825873 ], [ 72.599376, 29.839301 ], [ 72.582123, 29.841376 ], [ 72.542735, 29.833319 ], [ 72.522065, 29.834744 ], [ 72.491466, 29.848497 ], [ 72.473725, 29.853217 ], [ 72.453136, 29.851589 ], [ 72.391856, 29.833319 ], [ 72.372081, 29.838568 ], [ 72.362071, 29.838446 ], [ 72.357595, 29.829617 ], [ 72.35434, 29.817572 ], [ 72.345632, 29.807563 ], [ 72.334483, 29.802558 ], [ 72.32366, 29.805365 ], [ 72.30071, 29.788682 ], [ 72.281993, 29.771267 ], [ 72.266043, 29.748318 ], [ 72.258067, 29.732856 ], [ 72.254649, 29.719753 ], [ 72.249604, 29.711737 ], [ 72.237641, 29.71129 ], [ 72.210378, 29.71601 ], [ 72.196218, 29.713162 ], [ 72.185557, 29.705512 ], [ 72.177989, 29.694607 ], [ 72.172781, 29.68183 ], [ 72.184093, 29.676052 ], [ 72.184255, 29.671739 ], [ 72.178722, 29.667426 ], [ 72.172781, 29.661404 ], [ 72.169932, 29.660834 ], [ 72.155772, 29.661404 ], [ 72.148204, 29.659532 ], [ 72.14796, 29.655219 ], [ 72.150808, 29.650417 ], [ 72.152354, 29.647081 ], [ 72.149669, 29.629747 ], [ 72.152436, 29.610907 ], [ 72.158621, 29.593329 ], [ 72.166026, 29.579454 ], [ 72.11614, 29.555691 ], [ 72.100678, 29.55211 ], [ 72.07724, 29.551093 ], [ 72.064708, 29.546983 ], [ 72.042491, 29.524237 ], [ 72.018484, 29.506659 ], [ 71.984304, 29.4914 ], [ 71.946788, 29.484076 ], [ 71.913178, 29.490058 ], [ 71.916596, 29.473904 ], [ 71.918875, 29.469591 ], [ 71.901134, 29.46247 ], [ 71.881358, 29.462226 ], [ 71.816905, 29.476182 ], [ 71.806163, 29.477078 ], [ 71.801362, 29.464382 ], [ 71.795909, 29.454901 ], [ 71.788585, 29.449083 ], [ 71.777599, 29.458686 ], [ 71.763601, 29.461982 ], [ 71.749278, 29.459744 ], [ 71.719656, 29.442654 ], [ 71.710948, 29.450385 ], [ 71.7046, 29.465359 ], [ 71.693451, 29.477078 ], [ 71.667735, 29.4737 ], [ 71.618663, 29.423204 ], [ 71.589854, 29.408149 ], [ 71.591889, 29.403632 ], [ 71.595225, 29.392157 ], [ 71.597341, 29.387641 ], [ 71.589447, 29.388007 ], [ 71.575206, 29.39289 ], [ 71.568126, 29.393988 ], [ 71.514171, 29.390001 ], [ 71.503429, 29.393581 ], [ 71.494395, 29.408149 ], [ 71.489268, 29.381415 ], [ 71.482839, 29.370429 ], [ 71.467052, 29.366523 ], [ 71.452729, 29.370876 ], [ 71.446381, 29.380479 ], [ 71.439708, 29.408149 ], [ 71.408132, 29.376532 ], [ 71.388438, 29.366319 ], [ 71.363862, 29.373969 ], [ 71.360362, 29.381781 ], [ 71.360362, 29.392198 ], [ 71.358653, 29.402045 ], [ 71.34962, 29.408149 ], [ 71.340912, 29.406602 ], [ 71.334402, 29.399604 ], [ 71.323009, 29.380194 ], [ 71.312999, 29.392035 ], [ 71.30185, 29.400702 ], [ 71.305105, 29.405056 ], [ 71.306651, 29.408759 ], [ 71.309255, 29.411973 ], [ 71.315522, 29.414984 ], [ 71.305756, 29.422227 ], [ 71.295502, 29.426337 ], [ 71.284272, 29.428249 ], [ 71.271495, 29.428575 ], [ 71.254649, 29.426378 ], [ 71.249441, 29.421007 ], [ 71.249278, 29.414333 ], [ 71.247325, 29.408149 ], [ 71.229096, 29.391181 ], [ 71.218191, 29.386786 ], [ 71.207774, 29.408718 ], [ 71.196056, 29.418524 ], [ 71.1845, 29.421332 ], [ 71.179128, 29.411566 ], [ 71.168224, 29.397406 ], [ 71.144623, 29.38463 ], [ 71.121023, 29.376736 ], [ 71.110037, 29.377143 ], [ 71.09726, 29.38996 ], [ 71.068614, 29.384792 ], [ 71.021983, 29.366523 ] ], [ [ 81.0, 30.969349621208952 ], [ 80.995535, 30.970404 ], [ 80.970307, 30.972195 ], [ 80.951752, 30.978054 ], [ 80.937022, 30.988593 ], [ 80.894949, 31.034776 ], [ 80.86321, 31.057929 ], [ 80.792898, 31.093329 ], [ 80.787364, 31.098253 ], [ 80.771251, 31.116319 ], [ 80.765554, 31.121283 ], [ 80.755056, 31.12462 ], [ 80.732839, 31.127794 ], [ 80.652761, 31.126654 ], [ 80.628429, 31.121283 ], [ 80.584727, 31.107123 ], [ 80.563243, 31.096055 ], [ 80.553803, 31.083075 ], [ 80.545502, 31.066352 ], [ 80.525483, 31.054796 ], [ 80.502533, 31.048041 ], [ 80.484955, 31.045518 ], [ 80.460541, 31.047919 ], [ 80.424734, 31.062567 ], [ 80.399425, 31.065985 ], [ 80.390066, 31.069159 ], [ 80.371186, 31.083319 ], [ 80.365245, 31.086493 ], [ 80.353526, 31.087999 ], [ 80.285737, 31.114366 ], [ 80.261648, 31.13821 ], [ 80.248953, 31.144884 ], [ 80.231619, 31.159003 ], [ 80.220795, 31.162177 ], [ 80.211436, 31.163845 ], [ 80.152436, 31.185981 ], [ 80.138764, 31.196723 ], [ 80.086029, 31.260443 ], [ 80.076915, 31.265245 ], [ 80.062104, 31.266303 ], [ 80.050548, 31.269232 ], [ 80.031993, 31.278266 ], [ 80.012136, 31.290798 ], [ 80.003429, 31.298407 ], [ 79.99822, 31.30622 ], [ 80.00351, 31.335639 ], [ 80.00172, 31.343451 ], [ 79.930186, 31.402411 ], [ 79.894949, 31.461737 ], [ 79.885346, 31.4713 ], [ 79.866628, 31.475124 ], [ 79.827891, 31.49254 ], [ 79.806651, 31.497992 ], [ 79.679454, 31.48725 ], [ 79.6421, 31.491156 ], [ 79.613048, 31.502305 ], [ 79.600597, 31.504828 ], [ 79.549327, 31.504828 ], [ 79.52589, 31.509589 ], [ 79.508311, 31.521023 ], [ 79.493093, 31.534532 ], [ 79.477061, 31.545762 ], [ 79.468272, 31.548163 ], [ 79.452403, 31.548774 ], [ 79.443451, 31.553249 ], [ 79.435964, 31.561387 ], [ 79.427989, 31.578925 ], [ 79.422944, 31.586737 ], [ 79.370128, 31.615098 ], [ 79.360932, 31.617784 ], [ 79.354096, 31.633246 ], [ 79.33782, 31.635932 ], [ 79.317556, 31.633979 ], [ 79.299408, 31.635199 ], [ 79.25294, 31.668809 ], [ 79.244884, 31.672716 ], [ 79.226573, 31.669623 ], [ 79.121349, 31.696601 ], [ 79.113292, 31.694363 ], [ 79.096772, 31.685085 ], [ 79.087169, 31.6824 ], [ 79.076264, 31.682807 ], [ 79.058849, 31.688422 ], [ 79.049083, 31.689765 ], [ 79.031261, 31.685574 ], [ 79.013438, 31.674994 ], [ 78.999034, 31.661648 ], [ 78.990896, 31.648871 ], [ 78.970876, 31.656317 ], [ 78.94866, 31.660956 ], [ 78.930268, 31.6706 ], [ 78.922781, 31.693183 ], [ 78.919526, 31.716376 ], [ 78.910737, 31.729438 ], [ 78.881765, 31.751247 ], [ 78.858653, 31.786444 ], [ 78.842703, 31.805203 ], [ 78.823416, 31.8133 ], [ 78.812022, 31.812201 ], [ 78.792491, 31.807563 ], [ 78.782481, 31.806464 ], [ 78.769623, 31.808132 ], [ 78.763438, 31.812567 ], [ 78.7588, 31.819159 ], [ 78.73878, 31.839667 ], [ 78.731537, 31.84394 ], [ 78.717296, 31.84748 ], [ 78.703136, 31.846625 ], [ 78.690684, 31.841579 ], [ 78.680186, 31.835883 ], [ 78.663259, 31.830756 ], [ 78.654226, 31.824774 ], [ 78.638194, 31.809882 ], [ 78.633067, 31.799506 ], [ 78.631277, 31.774115 ], [ 78.62794, 31.765489 ], [ 78.608979, 31.759101 ], [ 78.581391, 31.756537 ], [ 78.556244, 31.750596 ], [ 78.545339, 31.734198 ], [ 78.538503, 31.718451 ], [ 78.521983, 31.706326 ], [ 78.454845, 31.675401 ], [ 78.435313, 31.657782 ], [ 78.429617, 31.633816 ], [ 78.442393, 31.600409 ], [ 78.423595, 31.595079 ], [ 78.370616, 31.594265 ], [ 78.353526, 31.598334 ], [ 78.334402, 31.60574 ], [ 78.313731, 31.608913 ], [ 78.292084, 31.600409 ], [ 78.28476, 31.593085 ], [ 78.281505, 31.585639 ], [ 78.272227, 31.528388 ], [ 78.261322, 31.521104 ], [ 78.236339, 31.515448 ], [ 78.208507, 31.512234 ], [ 78.189057, 31.512274 ], [ 78.101573, 31.528388 ], [ 78.018484, 31.553249 ], [ 77.985362, 31.567654 ], [ 77.968761, 31.571641 ], [ 77.945811, 31.573106 ], [ 77.829275, 31.56391 ], [ 77.78769, 31.550157 ], [ 77.703136, 31.504828 ], [ 77.688894, 31.492458 ], [ 77.676036, 31.476589 ], [ 77.66212, 31.462836 ], [ 77.63323, 31.454413 ], [ 77.628347, 31.447333 ], [ 77.627208, 31.437323 ], [ 77.627371, 31.425727 ], [ 77.629649, 31.411811 ], [ 77.632823, 31.405056 ], [ 77.631602, 31.400946 ], [ 77.620535, 31.394965 ], [ 77.578298, 31.394232 ], [ 77.555431, 31.389187 ], [ 77.538015, 31.354438 ], [ 77.519786, 31.350613 ], [ 77.476573, 31.354031 ], [ 77.441173, 31.347113 ], [ 77.428722, 31.347195 ], [ 77.420502, 31.349962 ], [ 77.403087, 31.359442 ], [ 77.390554, 31.361436 ], [ 77.368175, 31.358669 ], [ 77.356212, 31.350531 ], [ 77.320404, 31.287869 ], [ 77.307628, 31.276068 ], [ 77.288097, 31.27143 ], [ 77.267019, 31.269721 ], [ 77.159109, 31.240749 ], [ 77.137706, 31.237901 ], [ 77.129812, 31.241034 ], [ 77.115001, 31.254706 ], [ 77.103282, 31.257839 ], [ 77.091319, 31.258897 ], [ 77.0796, 31.26199 ], [ 76.993744, 31.306708 ], [ 76.983816, 31.316759 ], [ 76.976166, 31.325995 ], [ 76.940929, 31.358954 ], [ 76.929128, 31.367703 ], [ 76.905772, 31.370388 ], [ 76.890636, 31.366278 ], [ 76.882416, 31.36876 ], [ 76.880056, 31.391547 ], [ 76.882498, 31.402371 ], [ 76.885916, 31.40998 ], [ 76.884207, 31.414578 ], [ 76.858328, 31.418524 ], [ 76.836029, 31.428412 ], [ 76.82545, 31.429145 ], [ 76.810964, 31.423163 ], [ 76.798595, 31.415351 ], [ 76.784597, 31.409288 ], [ 76.764659, 31.408637 ] ] ] } },
{ "type": "Feature", "properties": { "name": "Chenab", "name_en": "Chenab", "scalerank": 6.0 }, "geometry": { "type": "MultiLineString", "coordinates": [ [ [ 77.435557, 32.293077 ], [ 77.417247, 32.299831 ], [ 77.374115, 32.3074 ], [ 77.356456, 32.316718 ], [ 77.297781, 32.368232 ], [ 77.133881, 32.456977 ], [ 77.097911, 32.488349 ], [ 77.078705, 32.500434 ], [ 77.055268, 32.50491 ], [ 77.012706, 32.506781 ], [ 76.992198, 32.512803 ], [ 76.975841, 32.525173 ], [ 76.968191, 32.541612 ], [ 76.962901, 32.57807 ], [ 76.955089, 32.59455 ], [ 76.949474, 32.599799 ], [ 76.922293, 32.615058 ], [ 76.905528, 32.620429 ], [ 76.897553, 32.62405 ], [ 76.880951, 32.635443 ], [ 76.875092, 32.638699 ], [ 76.849701, 32.647732 ], [ 76.836436, 32.650458 ], [ 76.808849, 32.652859 ], [ 76.730479, 32.673407 ], [ 76.714447, 32.680447 ], [ 76.646576, 32.733751 ], [ 76.627371, 32.744737 ], [ 76.60906, 32.750596 ], [ 76.477061, 32.754462 ], [ 76.444347, 32.768256 ], [ 76.428233, 32.799628 ], [ 76.428233, 32.822862 ], [ 76.433035, 32.842312 ], [ 76.441417, 32.858588 ], [ 76.452159, 32.872178 ], [ 76.461518, 32.889594 ], [ 76.462413, 32.908759 ], [ 76.457123, 32.92768 ], [ 76.448741, 32.9442 ], [ 76.443289, 32.949774 ], [ 76.437266, 32.953721 ], [ 76.431895, 32.95954 ], [ 76.428233, 32.970893 ], [ 76.428233, 32.980292 ], [ 76.433604, 32.99726 ], [ 76.435069, 33.009101 ], [ 76.433116, 33.032904 ], [ 76.427013, 33.049506 ], [ 76.416433, 33.062079 ], [ 76.354747, 33.115912 ], [ 76.342459, 33.122341 ], [ 76.334239, 33.124335 ], [ 76.323985, 33.129014 ], [ 76.315196, 33.134589 ], [ 76.311534, 33.139106 ], [ 76.307628, 33.148871 ], [ 76.29835, 33.152696 ], [ 76.277354, 33.155829 ], [ 76.245535, 33.178982 ], [ 76.19866, 33.242458 ], [ 76.167491, 33.265692 ], [ 76.136485, 33.275458 ], [ 76.126475, 33.280056 ], [ 76.118744, 33.286566 ], [ 76.103282, 33.30329 ], [ 76.096202, 33.306708 ], [ 76.079519, 33.310492 ], [ 76.042491, 33.328559 ], [ 76.024099, 33.334581 ], [ 76.014252, 33.335395 ], [ 75.998139, 33.334174 ], [ 75.963878, 33.339179 ], [ 75.832612, 33.377265 ], [ 75.770763, 33.383002 ], [ 75.752371, 33.379503 ], [ 75.736339, 33.36697 ], [ 75.727468, 33.350857 ], [ 75.72519, 33.334744 ], [ 75.729584, 33.319037 ], [ 75.740489, 33.304063 ], [ 75.790619, 33.249538 ], [ 75.808442, 33.216864 ], [ 75.811127, 33.18126 ], [ 75.800141, 33.162055 ], [ 75.780935, 33.156114 ], [ 75.758718, 33.158637 ], [ 75.714122, 33.170844 ], [ 75.702729, 33.170966 ], [ 75.690196, 33.16767 ], [ 75.647472, 33.148139 ], [ 75.632091, 33.143866 ], [ 75.599539, 33.141425 ], [ 75.499929, 33.149685 ], [ 75.407725, 33.136013 ], [ 75.385671, 33.136501 ], [ 75.363536, 33.139919 ], [ 75.342784, 33.146267 ], [ 75.324636, 33.155829 ], [ 75.314871, 33.169745 ], [ 75.304861, 33.190619 ], [ 75.292003, 33.209581 ], [ 75.273367, 33.217882 ], [ 75.252208, 33.221869 ], [ 75.233409, 33.231757 ], [ 75.198416, 33.25727 ], [ 75.183523, 33.26557 ], [ 75.16269, 33.273057 ], [ 75.14267, 33.274359 ], [ 75.129975, 33.263943 ], [ 75.128673, 33.254096 ], [ 75.129649, 33.244086 ], [ 75.129161, 33.234442 ], [ 75.123546, 33.225775 ], [ 75.095876, 33.21072 ], [ 75.083507, 33.201117 ], [ 75.078217, 33.187283 ], [ 75.075857, 33.174099 ], [ 75.069428, 33.165961 ], [ 75.059581, 33.162543 ], [ 75.046641, 33.163438 ], [ 74.997569, 33.177802 ], [ 74.980724, 33.177924 ], [ 74.903575, 33.168321 ], [ 74.879161, 33.175076 ], [ 74.847667, 33.187567 ], [ 74.81837, 33.193386 ], [ 74.80071, 33.17947 ], [ 74.800873, 33.172878 ], [ 74.806163, 33.152411 ], [ 74.807546, 33.143988 ], [ 74.793712, 33.079169 ], [ 74.79184, 33.056708 ], [ 74.795421, 33.035264 ], [ 74.807872, 33.015896 ], [ 74.808523, 33.001899 ], [ 74.783295, 32.936794 ], [ 74.782807, 32.931912 ], [ 74.78419, 32.920966 ], [ 74.783295, 32.916287 ], [ 74.779796, 32.911973 ], [ 74.776785, 32.911648 ], [ 74.773529, 32.911892 ], [ 74.760671, 32.902859 ], [ 74.739675, 32.892117 ], [ 74.735606, 32.885565 ], [ 74.72462, 32.873155 ], [ 74.653087, 32.854804 ], [ 74.603282, 32.818712 ], [ 74.580333, 32.810126 ], [ 74.564708, 32.796454 ], [ 74.542247, 32.790391 ], [ 74.533376, 32.783067 ], [ 74.496104, 32.726426 ], [ 74.468679, 32.701117 ], [ 74.377533, 32.64407 ], [ 74.354503, 32.622341 ], [ 74.33839, 32.611518 ], [ 74.31601, 32.602566 ], [ 74.271658, 32.591376 ], [ 74.219819, 32.564643 ], [ 74.207042, 32.554999 ], [ 74.201752, 32.542914 ], [ 74.193126, 32.53616 ], [ 74.154552, 32.528428 ], [ 74.145925, 32.522488 ], [ 74.13323, 32.500312 ], [ 74.103526, 32.476833 ], [ 74.069347, 32.461615 ], [ 74.043468, 32.464423 ], [ 74.010346, 32.428778 ], [ 73.991303, 32.419257 ], [ 73.964366, 32.416042 ], [ 73.921153, 32.416856 ], [ 73.90504, 32.413153 ], [ 73.867931, 32.392279 ], [ 73.85255, 32.388495 ], [ 73.814057, 32.388699 ], [ 73.790538, 32.38288 ], [ 73.778087, 32.369208 ], [ 73.769135, 32.353583 ], [ 73.756114, 32.341498 ], [ 73.737722, 32.337958 ], [ 73.676687, 32.347113 ], [ 73.661225, 32.339911 ], [ 73.62794, 32.305243 ], [ 73.612234, 32.293077 ], [ 73.602143, 32.290717 ], [ 73.580333, 32.289333 ], [ 73.570567, 32.286241 ], [ 73.565196, 32.280585 ], [ 73.552419, 32.262763 ], [ 73.540619, 32.255683 ], [ 73.522065, 32.241156 ], [ 73.512218, 32.23786 ], [ 73.420421, 32.236192 ], [ 73.400483, 32.227362 ], [ 73.384695, 32.190009 ], [ 73.32545, 32.133002 ], [ 73.290538, 32.107286 ], [ 73.283214, 32.097276 ], [ 73.278901, 32.072699 ], [ 73.267345, 32.061225 ], [ 73.227957, 32.046698 ], [ 73.214122, 32.035102 ], [ 73.203298, 32.017686 ], [ 73.196381, 31.996649 ], [ 73.193858, 31.974392 ], [ 73.187755, 31.94953 ], [ 73.172944, 31.931993 ], [ 73.139171, 31.902126 ], [ 73.129405, 31.883246 ], [ 73.118093, 31.845526 ], [ 73.108165, 31.830105 ], [ 73.092784, 31.819037 ], [ 73.073985, 31.810858 ], [ 73.001394, 31.792263 ], [ 72.992768, 31.78738 ], [ 72.975515, 31.774929 ], [ 72.970876, 31.772325 ], [ 72.95989, 31.763495 ], [ 72.933035, 31.72252 ], [ 72.919444, 31.710273 ], [ 72.908376, 31.708035 ], [ 72.879161, 31.710273 ], [ 72.865652, 31.707587 ], [ 72.838145, 31.698554 ], [ 72.804779, 31.694444 ], [ 72.741954, 31.676134 ], [ 72.672293, 31.671902 ], [ 72.655935, 31.666205 ], [ 72.647716, 31.659939 ], [ 72.618337, 31.645087 ], [ 72.608165, 31.637641 ], [ 72.594005, 31.621894 ], [ 72.583588, 31.614691 ], [ 72.573741, 31.612006 ], [ 72.552989, 31.611599 ], [ 72.542735, 31.607856 ], [ 72.536143, 31.601508 ], [ 72.529389, 31.591986 ], [ 72.524343, 31.582587 ], [ 72.522227, 31.576524 ], [ 72.5171, 31.5692 ], [ 72.505056, 31.563788 ], [ 72.480886, 31.556342 ], [ 72.470225, 31.550889 ], [ 72.446381, 31.531521 ], [ 72.388194, 31.505561 ], [ 72.361339, 31.488064 ], [ 72.35019, 31.460476 ], [ 72.342865, 31.449164 ], [ 72.251231, 31.364569 ], [ 72.254649, 31.309638 ], [ 72.253022, 31.294053 ], [ 72.23406, 31.220242 ], [ 72.229991, 31.215155 ], [ 72.210216, 31.210273 ], [ 72.203136, 31.206895 ], [ 72.190196, 31.19831 ], [ 72.138601, 31.183295 ] ], [ [ 72.138764, 31.183295 ], [ 72.140391, 31.102891 ], [ 72.139252, 31.094062 ], [ 72.132823, 31.086778 ], [ 72.110037, 31.067328 ], [ 72.096446, 31.059027 ], [ 72.090831, 31.052314 ], [ 72.088145, 31.041938 ], [ 72.091319, 31.023871 ], [ 72.087413, 31.015082 ], [ 72.083425, 31.008816 ], [ 72.078217, 30.994737 ], [ 72.073416, 30.987494 ], [ 72.066987, 30.98196 ], [ 72.052664, 30.97248 ], [ 72.045909, 30.966986 ], [ 72.039643, 30.962999 ], [ 72.025645, 30.958319 ], [ 72.018484, 30.953396 ], [ 72.011648, 30.94363 ], [ 72.001475, 30.919867 ], [ 71.99464, 30.908962 ], [ 71.98585, 30.885688 ], [ 71.964366, 30.871283 ], [ 71.942475, 30.861029 ], [ 71.932628, 30.850287 ], [ 71.927257, 30.832302 ], [ 71.913829, 30.8192 ], [ 71.87794, 30.799099 ], [ 71.857921, 30.772895 ], [ 71.850597, 30.697862 ], [ 71.836925, 30.661933 ], [ 71.831635, 30.657294 ], [ 71.809011, 30.641466 ], [ 71.793875, 30.622911 ], [ 71.785167, 30.616563 ], [ 71.771495, 30.614122 ], [ 71.746511, 30.609198 ], [ 71.736827, 30.59748 ], [ 71.729747, 30.583848 ], [ 71.712901, 30.573188 ], [ 71.692556, 30.573798 ], [ 71.668224, 30.577094 ], [ 71.647716, 30.572455 ], [ 71.638927, 30.548936 ], [ 71.629487, 30.533474 ], [ 71.608328, 30.521023 ], [ 71.569347, 30.50491 ], [ 71.559174, 30.495225 ], [ 71.545502, 30.473009 ], [ 71.535248, 30.463324 ], [ 71.527843, 30.459174 ], [ 71.521007, 30.457139 ], [ 71.504649, 30.456488 ], [ 71.493582, 30.45421 ], [ 71.489838, 30.448432 ], [ 71.488536, 30.440619 ], [ 71.48406, 30.432237 ], [ 71.452729, 30.389106 ], [ 71.434988, 30.372667 ], [ 71.40504, 30.360297 ], [ 71.414073, 30.334499 ], [ 71.398204, 30.324042 ], [ 71.375499, 30.320665 ], [ 71.363862, 30.31623 ], [ 71.362641, 30.291449 ], [ 71.358653, 30.273505 ], [ 71.352306, 30.258979 ], [ 71.343435, 30.244208 ], [ 71.335704, 30.225938 ], [ 71.323009, 30.182725 ], [ 71.312511, 30.165107 ], [ 71.308849, 30.155544 ], [ 71.309988, 30.132636 ], [ 71.305675, 30.123806 ], [ 71.297862, 30.115749 ], [ 71.295421, 30.109809 ], [ 71.293956, 30.103217 ], [ 71.288992, 30.09337 ], [ 71.262706, 30.062527 ], [ 71.251882, 30.044298 ], [ 71.245046, 29.999538 ], [ 71.239268, 29.984442 ], [ 71.232514, 29.971462 ], [ 71.226736, 29.956163 ], [ 71.225597, 29.944892 ], [ 71.226085, 29.93476 ], [ 71.225108, 29.925157 ], [ 71.2199, 29.915229 ], [ 71.210053, 29.910183 ], [ 71.196381, 29.907253 ], [ 71.184174, 29.902289 ], [ 71.17685, 29.88642 ], [ 71.173432, 29.876003 ], [ 71.173839, 29.865424 ], [ 71.182546, 29.860663 ], [ 71.187999, 29.855292 ], [ 71.202159, 29.82921 ], [ 71.205658, 29.819648 ], [ 71.206065, 29.79328 ], [ 71.199229, 29.772244 ], [ 71.179128, 29.736436 ], [ 71.175222, 29.724799 ], [ 71.171641, 29.688747 ], [ 71.167491, 29.680243 ], [ 71.153901, 29.663886 ], [ 71.140636, 29.639838 ], [ 71.116222, 29.620917 ], [ 71.087901, 29.606024 ], [ 71.053803, 29.596503 ], [ 71.04892, 29.587592 ], [ 71.048757, 29.562364 ], [ 71.044688, 29.548529 ], [ 71.034597, 29.539984 ], [ 71.021414, 29.53498 ], [ 71.007742, 29.531684 ], [ 71.017345, 29.516669 ], [ 71.023692, 29.497748 ], [ 71.027192, 29.477729 ], [ 71.028087, 29.459337 ], [ 71.03004, 29.450507 ], [ 71.034272, 29.441026 ], [ 71.045665, 29.424872 ], [ 71.043712, 29.419786 ], [ 71.027761, 29.402289 ], [ 71.021983, 29.393866 ], [ 71.017996, 29.380398 ], [ 71.015636, 29.367377 ], [ 71.012625, 29.314032 ], [ 71.003673, 29.293321 ], [ 70.980398, 29.277777 ], [ 70.948822, 29.266221 ], [ 70.946218, 29.256415 ], [ 70.9463, 29.2331 ], [ 70.938894, 29.219184 ], [ 70.921479, 29.216417 ], [ 70.847585, 29.227851 ], [ 70.83017, 29.224677 ], [ 70.822765, 29.212673 ], [ 70.822683, 29.190985 ], [ 70.820323, 29.173611 ], [ 70.812022, 29.159369 ], [ 70.794851, 29.147488 ], [ 70.777354, 29.156806 ], [ 70.757416, 29.150499 ], [ 70.745942, 29.135769 ], [ 70.753917, 29.119493 ], [ 70.747081, 29.106472 ], [ 70.738292, 29.099392 ], [ 70.728526, 29.09394 ], [ 70.719737, 29.086005 ], [ 70.71339, 29.075303 ], [ 70.69866, 29.037624 ], [ 70.694347, 29.034532 ], [ 70.682384, 29.029486 ], [ 70.663666, 29.028266 ], [ 70.639171, 29.036811 ] ] ] } },
{ "type": "Feature", "properties": { "name": "Ravi", "name_en": "Ravi", "scalerank": 9.0 }, "geometry": { "type": "MultiLineString", "coordinates": [ [ [ 76.82545, 32.327257 ], [ 76.767507, 32.303046 ], [ 76.746593, 32.299913 ], [ 76.73585, 32.302069 ], [ 76.717296, 32.311469 ], [ 76.705333, 32.313585 ], [ 76.695893, 32.310981 ], [ 76.690929, 32.304999 ], [ 76.687266, 32.298163 ], [ 76.68214, 32.293077 ], [ 76.642507, 32.287299 ], [ 76.601573, 32.299343 ], [ 76.564871, 32.320339 ], [ 76.538097, 32.341498 ], [ 76.518321, 32.362331 ], [ 76.510753, 32.368232 ], [ 76.481619, 32.386298 ], [ 76.476573, 32.392117 ], [ 76.475597, 32.414496 ], [ 76.47047, 32.432685 ], [ 76.458018, 32.446804 ], [ 76.435069, 32.456977 ], [ 76.416026, 32.457343 ], [ 76.376475, 32.445014 ], [ 76.35255, 32.443915 ], [ 76.330577, 32.451524 ], [ 76.304291, 32.473497 ], [ 76.280772, 32.478095 ], [ 76.216563, 32.467963 ], [ 76.194835, 32.470649 ], [ 76.181082, 32.479315 ], [ 76.129893, 32.529608 ], [ 76.120616, 32.545844 ], [ 76.110362, 32.583604 ], [ 76.100678, 32.600287 ], [ 76.082774, 32.614854 ], [ 76.064382, 32.620958 ], [ 76.044444, 32.621527 ], [ 75.979747, 32.610867 ], [ 75.967784, 32.611355 ], [ 75.944347, 32.616278 ], [ 75.934174, 32.617011 ], [ 75.912852, 32.610622 ], [ 75.895518, 32.596869 ], [ 75.865815, 32.560614 ], [ 75.867198, 32.547553 ], [ 75.854991, 32.526313 ], [ 75.839122, 32.506619 ], [ 75.828624, 32.497911 ], [ 75.817882, 32.494818 ], [ 75.797537, 32.481147 ], [ 75.742931, 32.464423 ], [ 75.736827, 32.455919 ], [ 75.732514, 32.437201 ], [ 75.72934, 32.429633 ], [ 75.723155, 32.424262 ], [ 75.705658, 32.412869 ], [ 75.698253, 32.406073 ], [ 75.682546, 32.399848 ], [ 75.611908, 32.395535 ], [ 75.573253, 32.374701 ], [ 75.538015, 32.345242 ], [ 75.464447, 32.252794 ], [ 75.455577, 32.244696 ], [ 75.419444, 32.226426 ], [ 75.414073, 32.220771 ], [ 75.403331, 32.211982 ], [ 75.338308, 32.190701 ], [ 75.328624, 32.179023 ], [ 75.320323, 32.165351 ], [ 75.309988, 32.153876 ], [ 75.2942, 32.149115 ], [ 75.26295, 32.15115 ], [ 75.249522, 32.149115 ], [ 75.226085, 32.142279 ], [ 75.195242, 32.12877 ], [ 75.172781, 32.109931 ], [ 75.173757, 32.087022 ], [ 75.161062, 32.088202 ], [ 75.13795, 32.093695 ], [ 75.129405, 32.09044 ], [ 75.118582, 32.081244 ], [ 75.109955, 32.077826 ], [ 75.101654, 32.078315 ], [ 75.040538, 32.098212 ], [ 75.022227, 32.094916 ], [ 75.029796, 32.066514 ], [ 75.019786, 32.066107 ], [ 74.995128, 32.067572 ], [ 74.985769, 32.063422 ], [ 74.978038, 32.053575 ], [ 74.973643, 32.045193 ], [ 74.967377, 32.038153 ], [ 74.95517, 32.032416 ], [ 74.930919, 32.030097 ], [ 74.908376, 32.032091 ], [ 74.888682, 32.02912 ], [ 74.872813, 32.011908 ], [ 74.828217, 32.025662 ], [ 74.810802, 32.003933 ], [ 74.802013, 31.969062 ], [ 74.783295, 31.943061 ], [ 74.762625, 31.939154 ], [ 74.698009, 31.950507 ], [ 74.669526, 31.904405 ], [ 74.656749, 31.89586 ], [ 74.640636, 31.890815 ], [ 74.565033, 31.840766 ], [ 74.550141, 31.827216 ], [ 74.540457, 31.811103 ], [ 74.537039, 31.78913 ], [ 74.536632, 31.775946 ], [ 74.534679, 31.771348 ], [ 74.530528, 31.768093 ], [ 74.522716, 31.758653 ], [ 74.520925, 31.753974 ], [ 74.517996, 31.742011 ], [ 74.51588, 31.737616 ], [ 74.512787, 31.735378 ], [ 74.504975, 31.732204 ], [ 74.502859, 31.73078 ], [ 74.492198, 31.714789 ], [ 74.47934, 31.700303 ], [ 74.46282, 31.694403 ], [ 74.441417, 31.704047 ], [ 74.420665, 31.692654 ], [ 74.404796, 31.681342 ], [ 74.387462, 31.672716 ], [ 74.362641, 31.669298 ], [ 74.343679, 31.661729 ], [ 74.324799, 31.628485 ], [ 74.307628, 31.620917 ], [ 74.292572, 31.597276 ], [ 74.289968, 31.59044 ], [ 74.28655, 31.577826 ], [ 74.278087, 31.569851 ], [ 74.222097, 31.544216 ], [ 74.211436, 31.535224 ], [ 74.20517, 31.525987 ], [ 74.203543, 31.517768 ], [ 74.203298, 31.508979 ], [ 74.201752, 31.497992 ] ], [ [ 74.208018, 31.497992 ], [ 74.170665, 31.476671 ], [ 74.154714, 31.462429 ], [ 74.166433, 31.449571 ], [ 74.166433, 31.443386 ], [ 74.152354, 31.438096 ], [ 74.131847, 31.440741 ], [ 74.118663, 31.436591 ], [ 74.106456, 31.424913 ], [ 74.103119, 31.401435 ], [ 74.091319, 31.388129 ], [ 74.080007, 31.396837 ], [ 74.055105, 31.4053 ], [ 74.043468, 31.416083 ], [ 73.997, 31.320909 ], [ 73.983816, 31.305243 ], [ 73.967784, 31.298774 ], [ 73.950287, 31.315131 ], [ 73.938894, 31.322292 ], [ 73.933604, 31.316759 ], [ 73.930756, 31.3039 ], [ 73.923595, 31.298896 ], [ 73.91448, 31.296698 ], [ 73.905691, 31.292548 ], [ 73.893891, 31.279608 ], [ 73.885671, 31.26557 ], [ 73.872162, 31.230496 ], [ 73.861339, 31.23782 ], [ 73.823171, 31.24669 ], [ 73.807221, 31.254706 ], [ 73.790457, 31.259385 ], [ 73.775401, 31.248969 ], [ 73.756114, 31.22366 ], [ 73.726085, 31.197821 ], [ 73.708914, 31.187527 ], [ 73.690684, 31.183295 ], [ 73.655365, 31.184923 ], [ 73.646251, 31.177273 ], [ 73.659923, 31.155382 ], [ 73.6421, 31.15998 ], [ 73.628835, 31.158881 ], [ 73.617198, 31.152615 ], [ 73.604584, 31.14171 ], [ 73.589447, 31.150214 ], [ 73.579682, 31.141872 ], [ 73.573253, 31.128363 ], [ 73.567149, 31.121283 ], [ 73.546316, 31.123887 ], [ 73.539561, 31.131659 ], [ 73.543224, 31.162177 ], [ 73.525645, 31.145575 ], [ 73.514903, 31.132839 ], [ 73.502859, 31.122829 ], [ 73.481049, 31.114366 ], [ 73.459076, 31.110663 ], [ 73.443289, 31.112413 ], [ 73.406179, 31.121283 ], [ 73.40919, 31.116807 ], [ 73.414561, 31.106391 ], [ 73.419688, 31.100775 ], [ 73.404552, 31.096869 ], [ 73.390147, 31.095486 ], [ 73.385265, 31.089871 ], [ 73.398692, 31.073432 ], [ 73.381928, 31.071316 ], [ 73.362397, 31.065212 ], [ 73.350108, 31.055365 ], [ 73.354503, 31.0421 ], [ 73.359386, 31.033515 ], [ 73.358328, 31.024197 ], [ 73.353526, 31.015245 ], [ 73.347341, 31.008002 ], [ 73.341401, 31.00495 ], [ 73.336925, 31.007025 ], [ 73.333425, 31.010362 ], [ 73.330333, 31.01142 ], [ 73.314382, 30.999335 ], [ 73.310557, 30.997097 ], [ 73.257823, 30.987576 ], [ 73.245209, 30.980333 ], [ 73.240326, 30.973253 ], [ 73.237641, 30.964789 ], [ 73.235932, 30.94656 ], [ 73.233002, 30.939561 ], [ 73.226003, 30.935004 ], [ 73.207449, 30.928819 ], [ 73.200694, 30.936306 ], [ 73.192149, 30.924587 ], [ 73.183116, 30.925238 ], [ 73.17335, 30.928819 ], [ 73.163097, 30.925727 ], [ 73.160818, 30.921251 ], [ 73.159272, 30.910956 ], [ 73.156505, 30.908962 ], [ 73.142507, 30.909125 ], [ 73.135671, 30.907172 ], [ 73.131765, 30.902167 ], [ 73.134288, 30.894639 ], [ 73.149832, 30.877021 ], [ 73.153331, 30.871121 ], [ 73.149506, 30.855536 ], [ 73.14088, 30.856147 ], [ 73.126069, 30.867987 ], [ 73.101736, 30.862616 ], [ 73.096446, 30.848904 ], [ 73.092214, 30.832628 ], [ 73.071544, 30.819607 ], [ 73.057058, 30.817328 ], [ 73.052338, 30.820258 ], [ 73.049327, 30.824774 ], [ 73.039561, 30.827012 ], [ 73.026947, 30.821845 ], [ 73.0171, 30.810818 ], [ 73.005626, 30.800889 ], [ 72.988292, 30.799099 ], [ 72.997325, 30.787299 ], [ 72.997162, 30.777777 ], [ 72.989024, 30.770209 ], [ 72.974701, 30.76435 ], [ 72.9546, 30.772488 ], [ 72.930268, 30.773261 ], [ 72.885265, 30.76435 ], [ 72.889171, 30.746649 ], [ 72.881765, 30.730902 ], [ 72.868256, 30.722602 ], [ 72.85434, 30.727118 ], [ 72.848643, 30.72663 ], [ 72.843191, 30.719184 ], [ 72.836925, 30.706326 ], [ 72.833425, 30.701361 ], [ 72.825613, 30.705878 ], [ 72.813243, 30.717149 ], [ 72.775401, 30.717149 ], [ 72.771495, 30.716091 ], [ 72.767019, 30.717312 ], [ 72.763276, 30.717475 ], [ 72.761729, 30.713446 ], [ 72.762462, 30.69892 ], [ 72.761729, 30.696112 ], [ 72.757253, 30.692694 ], [ 72.751475, 30.689724 ], [ 72.74407, 30.688096 ], [ 72.734467, 30.689236 ], [ 72.734467, 30.68244 ], [ 72.743907, 30.674913 ], [ 72.745209, 30.661566 ], [ 72.74114, 30.646552 ], [ 72.734467, 30.633979 ], [ 72.724539, 30.621649 ], [ 72.718028, 30.618232 ], [ 72.709402, 30.617784 ], [ 72.693451, 30.614122 ], [ 72.69573, 30.611029 ], [ 72.698334, 30.603868 ], [ 72.700287, 30.60045 ], [ 72.689708, 30.596462 ], [ 72.679128, 30.594184 ], [ 72.668956, 30.595038 ], [ 72.659434, 30.60045 ], [ 72.649913, 30.591579 ], [ 72.642589, 30.590115 ], [ 72.632091, 30.593044 ], [ 72.585216, 30.595404 ], [ 72.574311, 30.601671 ], [ 72.567312, 30.610663 ], [ 72.556244, 30.620958 ], [ 72.541433, 30.625678 ], [ 72.525808, 30.615749 ], [ 72.511974, 30.624376 ], [ 72.496186, 30.628526 ], [ 72.467296, 30.60871 ], [ 72.453868, 30.614122 ], [ 72.446381, 30.607286 ], [ 72.450125, 30.605089 ], [ 72.460053, 30.60045 ], [ 72.460053, 30.593044 ], [ 72.45045, 30.594997 ], [ 72.442556, 30.599677 ], [ 72.436697, 30.604763 ], [ 72.432872, 30.607286 ], [ 72.423595, 30.608466 ], [ 72.405528, 30.607286 ], [ 72.387706, 30.602729 ], [ 72.362722, 30.589626 ], [ 72.347179, 30.586859 ], [ 72.33839, 30.587755 ], [ 72.322358, 30.592068 ], [ 72.312999, 30.593044 ], [ 72.30421, 30.590888 ], [ 72.288015, 30.581488 ], [ 72.278575, 30.579372 ], [ 72.225108, 30.583075 ], [ 72.214366, 30.586859 ], [ 72.196707, 30.579779 ], [ 72.17392, 30.578192 ], [ 72.151541, 30.581732 ], [ 72.119884, 30.596706 ], [ 72.0831, 30.600043 ], [ 72.070323, 30.607286 ], [ 72.054617, 30.606147 ], [ 71.984304, 30.616156 ], [ 71.972341, 30.621772 ], [ 71.940929, 30.646593 ], [ 71.936615, 30.651882 ], [ 71.930431, 30.655463 ], [ 71.918875, 30.655707 ], [ 71.918224, 30.652208 ], [ 71.888194, 30.630927 ], [ 71.876882, 30.627712 ], [ 71.840343, 30.627021 ], [ 71.822765, 30.620958 ], [ 71.832042, 30.604763 ], [ 71.817963, 30.600043 ], [ 71.794444, 30.604112 ], [ 71.774913, 30.614122 ] ] ] } },
{ "type": "Feature", "properties": { "name": "Beas", "name_en": "Beas", "scalerank": 8.0 }, "geometry": { "type": "MultiLineString", "coordinates": [ [ [ 77.195079, 32.258857 ], [ 77.199474, 32.240017 ], [ 77.203217, 32.193915 ], [ 77.201915, 32.186306 ], [ 77.200206, 32.180854 ], [ 77.198171, 32.176093 ], [ 77.156668, 32.116807 ], [ 77.135265, 31.99494 ], [ 77.120942, 31.953233 ], [ 77.119395, 31.939887 ], [ 77.120535, 31.929999 ], [ 77.123464, 31.923896 ], [ 77.140066, 31.908555 ], [ 77.154714, 31.891181 ], [ 77.160574, 31.879747 ], [ 77.169037, 31.855007 ], [ 77.172293, 31.849555 ], [ 77.184011, 31.83454 ], [ 77.187592, 31.826687 ], [ 77.192393, 31.807929 ], [ 77.195893, 31.794379 ], [ 77.205984, 31.776394 ], [ 77.209972, 31.765937 ], [ 77.214692, 31.737616 ], [ 77.200206, 31.722113 ], [ 77.17571, 31.715766 ], [ 77.105968, 31.715522 ], [ 77.091319, 31.712348 ], [ 77.067149, 31.700629 ], [ 77.059255, 31.699246 ], [ 77.049815, 31.701768 ], [ 77.043875, 31.706814 ], [ 77.038585, 31.712348 ], [ 77.031505, 31.716824 ], [ 77.009044, 31.720323 ], [ 76.988048, 31.717108 ], [ 76.967296, 31.711493 ], [ 76.945079, 31.707953 ], [ 76.939871, 31.709011 ], [ 76.93629, 31.711371 ], [ 76.934825, 31.713731 ], [ 76.934662, 31.717963 ], [ 76.935313, 31.722113 ], [ 76.937429, 31.729112 ], [ 76.938975, 31.738796 ], [ 76.939464, 31.74962 ], [ 76.938243, 31.759101 ], [ 76.936697, 31.76321 ], [ 76.9345, 31.768378 ], [ 76.930756, 31.772569 ], [ 76.856456, 31.820909 ], [ 76.850597, 31.822781 ], [ 76.781749, 31.836493 ], [ 76.777354, 31.839871 ], [ 76.769542, 31.847846 ], [ 76.764171, 31.855536 ], [ 76.760671, 31.863389 ], [ 76.755951, 31.870876 ], [ 76.747325, 31.877143 ], [ 76.682709, 31.898261 ], [ 76.593842, 31.903835 ], [ 76.573334, 31.894802 ], [ 76.554617, 31.881619 ], [ 76.531668, 31.86933 ], [ 76.524669, 31.862982 ], [ 76.521658, 31.852322 ], [ 76.517996, 31.848578 ], [ 76.444265, 31.808946 ], [ 76.422537, 31.804267 ], [ 76.383067, 31.803005 ], [ 76.369395, 31.799669 ], [ 76.337413, 31.785956 ], [ 76.320811, 31.782172 ], [ 76.302013, 31.784939 ], [ 76.29713, 31.787421 ], [ 76.292491, 31.79088 ], [ 76.289154, 31.795722 ], [ 76.28655, 31.801215 ], [ 76.28297, 31.818915 ], [ 76.280691, 31.824042 ], [ 76.276866, 31.827908 ], [ 76.272065, 31.83043 ], [ 76.250011, 31.837917 ], [ 76.245128, 31.840888 ], [ 76.240896, 31.844509 ], [ 76.237722, 31.848985 ], [ 76.235444, 31.854438 ], [ 76.232188, 31.872341 ], [ 76.229991, 31.878363 ], [ 76.226492, 31.882636 ], [ 76.220876, 31.885443 ], [ 76.21575, 31.886827 ], [ 76.200287, 31.886339 ] ], [ [ 75.934825, 31.964545 ], [ 75.917735, 31.958523 ], [ 75.898204, 31.962266 ], [ 75.861257, 31.982611 ], [ 75.801768, 32.005683 ], [ 75.75294, 32.032416 ], [ 75.706554, 32.049872 ], [ 75.687755, 32.067328 ], [ 75.694591, 32.097032 ], [ 75.693858, 32.105984 ], [ 75.688406, 32.111762 ], [ 75.679291, 32.112128 ], [ 75.660411, 32.104682 ], [ 75.642589, 32.102159 ], [ 75.603526, 32.089382 ], [ 75.59547, 32.085313 ], [ 75.588471, 32.079779 ], [ 75.569021, 32.05329 ], [ 75.555431, 32.038438 ], [ 75.549897, 32.026923 ], [ 75.545095, 32.010769 ], [ 75.53476, 31.940009 ], [ 75.537527, 31.920478 ], [ 75.560313, 31.870307 ], [ 75.562918, 31.858466 ], [ 75.561697, 31.851264 ], [ 75.559011, 31.843207 ], [ 75.55128, 31.828681 ], [ 75.548432, 31.820339 ], [ 75.548757, 31.809149 ], [ 75.556895, 31.792792 ], [ 75.559093, 31.784206 ], [ 75.558035, 31.777452 ], [ 75.545339, 31.765977 ], [ 75.54005, 31.758124 ], [ 75.537852, 31.743028 ], [ 75.528412, 31.711941 ], [ 75.395518, 31.594021 ], [ 75.376069, 31.581122 ], [ 75.370616, 31.575222 ], [ 75.35434, 31.549262 ], [ 75.319916, 31.509792 ], [ 75.298839, 31.503852 ], [ 75.293712, 31.496853 ], [ 75.290701, 31.493476 ], [ 75.276459, 31.483344 ], [ 75.240245, 31.467637 ], [ 75.227143, 31.456977 ], [ 75.185639, 31.397162 ], [ 75.174246, 31.368964 ], [ 75.172944, 31.360541 ], [ 75.168875, 31.346788 ], [ 75.162527, 31.337999 ], [ 75.141368, 31.322862 ], [ 75.134044, 31.315945 ], [ 75.128347, 31.307807 ], [ 75.118256, 31.289618 ], [ 75.036876, 31.198025 ], [ 75.002696, 31.176296 ] ] ] } },
{ "type": "Feature", "properties": { "name": "Helmand", "name_en": "Helmand", "scalerank": 6.0 }, "geometry": { "type": "MultiLineString", "coordinates": [ [ [ 68.489268, 34.571641 ], [ 68.470714, 34.558173 ], [ 68.450694, 34.548936 ], [ 68.370697, 34.525417 ], [ 68.361746, 34.520087 ], [ 68.358002, 34.512641 ], [ 68.354584, 34.501085 ], [ 68.348888, 34.490587 ], [ 68.338471, 34.486029 ], [ 68.319753, 34.490017 ], [ 68.287364, 34.508328 ], [ 68.266694, 34.513292 ], [ 68.211843, 34.512966 ], [ 68.035655, 34.497097 ], [ 68.013113, 34.492458 ], [ 67.995697, 34.482611 ], [ 67.977794, 34.466254 ], [ 67.959402, 34.453315 ], [ 67.939708, 34.443712 ], [ 67.917979, 34.437567 ], [ 67.739187, 34.410264 ], [ 67.677257, 34.385932 ], [ 67.650401, 34.379218 ], [ 67.63087, 34.365587 ], [ 67.619395, 34.362494 ], [ 67.596772, 34.360297 ], [ 67.574718, 34.355048 ], [ 67.530284, 34.33515 ], [ 67.430675, 34.252631 ], [ 67.353608, 34.216335 ], [ 67.331065, 34.211697 ], [ 67.313487, 34.205634 ], [ 67.296316, 34.191026 ], [ 67.266205, 34.15705 ] ], [ [ 67.266205, 34.163194 ], [ 67.230072, 34.11046 ], [ 67.221609, 34.101833 ], [ 67.216075, 34.091335 ], [ 67.229991, 34.068142 ], [ 67.2588, 34.033515 ], [ 67.261648, 34.013617 ], [ 67.243337, 33.977362 ], [ 67.238292, 33.954372 ], [ 67.168224, 33.954291 ], [ 67.149506, 33.950954 ], [ 67.133718, 33.939561 ], [ 67.091401, 33.89289 ], [ 67.073416, 33.881537 ], [ 67.029389, 33.865749 ], [ 67.01295, 33.855333 ], [ 66.928966, 33.762803 ], [ 66.8956, 33.738715 ], [ 66.875499, 33.729926 ], [ 66.855235, 33.72602 ], [ 66.776866, 33.725369 ], [ 66.768891, 33.721625 ], [ 66.752859, 33.70421 ], [ 66.742686, 33.695868 ], [ 66.731212, 33.691514 ], [ 66.692312, 33.705756 ], [ 66.671886, 33.708808 ], [ 66.65504, 33.684109 ], [ 66.616466, 33.65823 ], [ 66.54005, 33.62405 ], [ 66.51474, 33.606879 ], [ 66.496674, 33.603461 ], [ 66.488536, 33.598415 ], [ 66.465587, 33.573757 ], [ 66.45753, 33.56741 ], [ 66.423269, 33.546902 ], [ 66.412364, 33.546088 ], [ 66.388194, 33.547675 ], [ 66.378917, 33.543484 ], [ 66.360037, 33.52851 ], [ 66.319916, 33.503974 ], [ 66.30657, 33.492255 ], [ 66.297293, 33.473944 ], [ 66.291026, 33.450954 ], [ 66.286143, 33.406602 ], [ 66.273529, 33.403388 ], [ 66.196707, 33.40351 ], [ 66.162201, 33.388861 ], [ 66.054861, 33.296942 ], [ 66.050222, 33.290391 ], [ 66.046479, 33.280056 ], [ 66.052989, 33.2567 ], [ 66.053315, 33.243964 ], [ 66.025401, 33.230658 ], [ 66.011729, 33.212104 ], [ 65.991303, 33.170193 ], [ 65.968028, 33.139228 ], [ 65.950287, 33.12226 ], [ 65.933604, 33.114936 ], [ 65.922781, 33.106798 ], [ 65.895518, 33.070176 ], [ 65.875255, 33.060248 ], [ 65.866466, 33.060126 ], [ 65.842296, 33.06505 ], [ 65.832612, 33.067003 ], [ 65.823009, 33.067165 ], [ 65.81308, 33.064236 ], [ 65.802989, 33.057196 ], [ 65.76474, 33.016628 ], [ 65.751069, 33.005683 ], [ 65.723074, 32.990587 ], [ 65.589366, 32.942247 ], [ 65.576671, 32.933376 ], [ 65.569347, 32.930691 ], [ 65.551768, 32.931912 ], [ 65.545665, 32.929958 ], [ 65.53948, 32.920518 ], [ 65.540619, 32.914415 ], [ 65.544444, 32.909369 ], [ 65.545665, 32.903266 ], [ 65.539561, 32.885606 ], [ 65.538829, 32.879014 ], [ 65.535737, 32.869981 ], [ 65.528901, 32.864569 ], [ 65.521983, 32.861192 ], [ 65.518972, 32.858222 ], [ 65.511241, 32.852403 ], [ 65.495616, 32.845038 ], [ 65.483165, 32.833035 ], [ 65.484874, 32.813259 ], [ 65.478038, 32.813259 ], [ 65.489757, 32.791531 ], [ 65.485769, 32.77086 ], [ 65.464366, 32.731309 ], [ 65.449229, 32.691026 ], [ 65.336192, 32.52029 ], [ 65.319753, 32.511583 ], [ 65.326671, 32.503485 ], [ 65.327566, 32.496405 ], [ 65.32366, 32.489366 ], [ 65.316661, 32.481513 ], [ 65.312999, 32.473415 ], [ 65.314871, 32.46601 ], [ 65.31837, 32.458604 ], [ 65.319753, 32.450751 ], [ 65.314138, 32.416205 ], [ 65.307628, 32.401557 ], [ 65.28769, 32.390408 ], [ 65.277436, 32.378201 ], [ 65.268647, 32.363389 ], [ 65.261322, 32.33808 ], [ 65.251964, 32.330837 ], [ 65.224132, 32.31977 ], [ 65.209483, 32.323269 ], [ 65.195567, 32.3192 ], [ 65.18214, 32.317328 ], [ 65.169444, 32.327257 ], [ 65.153819, 32.318468 ], [ 65.107432, 32.299913 ], [ 65.104991, 32.325751 ], [ 65.090261, 32.333116 ], [ 65.073741, 32.328152 ], [ 65.056407, 32.303982 ], [ 65.011729, 32.282253 ], [ 64.997569, 32.27265 ], [ 64.966401, 32.206855 ], [ 64.953543, 32.186957 ], [ 64.934988, 32.168402 ], [ 64.874766, 32.128607 ], [ 64.84905, 32.10163 ], [ 64.792084, 31.991482 ], [ 64.750662, 31.937201 ], [ 64.744395, 31.91946 ], [ 64.73585, 31.908149 ], [ 64.682221, 31.881619 ], [ 64.624929, 31.833319 ], [ 64.582286, 31.821885 ], [ 64.559093, 31.809394 ], [ 64.43214, 31.720811 ], [ 64.398529, 31.68769 ], [ 64.378673, 31.672471 ], [ 64.353933, 31.663113 ] ], [ [ 61.604096, 31.204413 ], [ 61.61435, 31.182807 ], [ 61.629975, 31.143134 ], [ 61.636811, 31.117743 ], [ 61.667003, 31.065985 ], [ 61.690684, 31.038031 ], [ 61.717865, 31.022895 ], [ 61.746349, 31.011298 ], [ 61.773448, 30.994005 ], [ 61.792247, 30.973456 ], [ 61.799815, 30.961697 ], [ 61.804128, 30.949978 ], [ 61.807872, 30.881659 ], [ 61.80185, 30.87877 ], [ 61.799408, 30.871649 ], [ 61.797862, 30.853705 ], [ 61.799327, 30.852607 ], [ 61.80185, 30.847235 ], [ 61.803966, 30.840033 ], [ 61.804128, 30.833279 ], [ 61.80071, 30.829901 ], [ 61.794037, 30.825873 ], [ 61.787201, 30.820421 ], [ 61.783702, 30.812771 ], [ 61.785167, 30.805609 ], [ 61.797862, 30.778632 ], [ 61.790538, 30.771796 ], [ 61.819347, 30.738308 ], [ 61.824718, 30.733954 ], [ 61.824718, 30.709744 ], [ 61.819265, 30.687812 ], [ 61.81837, 30.679307 ], [ 61.832123, 30.559516 ], [ 61.814057, 30.467475 ], [ 61.811534, 30.432237 ], [ 61.854503, 30.357367 ], [ 61.860932, 30.350653 ], [ 61.886729, 30.339789 ], [ 61.903901, 30.327826 ], [ 61.916515, 30.316921 ], [ 61.932384, 30.308783 ], [ 61.969005, 30.3039 ], [ 61.996593, 30.291368 ], [ 62.011648, 30.289333 ], [ 62.05185, 30.291368 ], [ 62.09905, 30.283067 ], [ 62.21575, 30.229926 ], [ 62.427989, 30.169989 ], [ 62.474539, 30.164984 ], [ 62.558849, 30.168524 ], [ 62.781749, 30.234198 ], [ 62.821707, 30.239691 ], [ 62.855072, 30.253445 ], [ 62.873057, 30.25788 ], [ 62.958995, 30.25788 ], [ 62.984793, 30.269232 ], [ 62.996511, 30.271511 ], [ 63.0088, 30.269721 ], [ 63.028331, 30.260565 ], [ 63.038097, 30.25788 ], [ 63.062592, 30.261664 ], [ 63.101329, 30.285671 ], [ 63.116954, 30.291368 ], [ 63.134288, 30.300645 ], [ 63.170177, 30.345079 ], [ 63.188975, 30.360297 ], [ 63.23349, 30.366523 ], [ 63.2553, 30.373887 ], [ 63.270925, 30.401964 ], [ 63.301199, 30.428168 ], [ 63.366303, 30.467556 ], [ 63.415457, 30.505683 ], [ 63.432384, 30.515326 ], [ 63.45574, 30.524115 ], [ 63.49464, 30.533718 ], [ 63.515147, 30.54267 ], [ 63.524099, 30.555772 ], [ 63.535248, 30.56505 ], [ 63.58839, 30.583686 ], [ 63.606537, 30.586859 ], [ 63.628673, 30.581977 ], [ 63.675385, 30.563585 ], [ 63.775076, 30.549018 ], [ 63.808604, 30.537665 ], [ 63.847585, 30.530951 ], [ 63.886729, 30.528917 ], [ 63.911388, 30.53498 ], [ 63.924408, 30.543809 ], [ 63.9546, 30.556505 ], [ 63.969737, 30.566352 ], [ 63.979747, 30.576199 ], [ 64.010509, 30.625271 ], [ 64.022716, 30.65412 ], [ 64.024913, 30.665351 ], [ 64.02825, 30.674384 ], [ 64.035655, 30.675605 ], [ 64.044526, 30.674425 ], [ 64.051687, 30.676215 ], [ 64.05714, 30.683458 ], [ 64.063406, 30.698432 ], [ 64.077159, 30.717475 ], [ 64.097179, 30.770535 ], [ 64.101492, 30.787462 ], [ 64.103282, 30.80504 ], [ 64.100108, 30.819607 ], [ 64.10434, 30.823432 ], [ 64.107351, 30.829291 ], [ 64.107839, 30.836208 ], [ 64.103526, 30.843533 ], [ 64.095714, 30.853135 ], [ 64.095307, 30.859402 ], [ 64.098074, 30.865302 ], [ 64.10198, 30.887397 ], [ 64.106619, 30.90119 ], [ 64.114187, 30.914374 ], [ 64.124034, 30.925727 ], [ 64.14088, 30.950222 ], [ 64.16505, 31.009833 ], [ 64.182628, 31.031846 ], [ 64.165131, 31.068142 ], [ 64.163015, 31.086493 ], [ 64.171967, 31.103868 ], [ 64.184662, 31.122667 ], [ 64.187104, 31.139757 ], [ 64.186453, 31.156928 ], [ 64.189464, 31.175849 ], [ 64.210216, 31.211371 ], [ 64.22405, 31.229926 ], [ 64.233897, 31.237901 ], [ 64.271414, 31.298774 ], [ 64.333507, 31.35696 ], [ 64.35963, 31.390692 ], [ 64.374441, 31.429145 ], [ 64.377045, 31.442939 ], [ 64.377452, 31.448554 ], [ 64.367605, 31.463894 ], [ 64.360362, 31.471706 ], [ 64.35377, 31.474677 ], [ 64.34905, 31.479926 ], [ 64.347179, 31.494574 ], [ 64.346772, 31.624457 ], [ 64.350597, 31.647244 ], [ 64.360769, 31.663113 ] ] ] } },
{ "type": "Feature", "properties": { "name": "Jhelum", "name_en": "Jhelum", "scalerank": 7.0 }, "geometry": { "type": "MultiLineString", "coordinates": [ [ [ 74.531749, 34.301622 ], [ 74.40797, 34.268907 ], [ 74.375906, 34.249538 ], [ 74.35255, 34.222113 ], [ 74.340343, 34.214423 ], [ 74.29892, 34.207343 ], [ 74.287527, 34.197292 ], [ 74.279226, 34.185899 ], [ 74.26946, 34.177517 ], [ 74.259939, 34.175849 ], [ 74.238292, 34.178168 ], [ 74.228526, 34.177517 ], [ 74.22047, 34.173896 ], [ 74.194347, 34.15705 ], [ 74.17392, 34.150906 ], [ 74.118663, 34.149604 ], [ 74.087901, 34.13642 ], [ 74.053722, 34.114325 ], [ 74.020437, 34.098822 ], [ 73.991954, 34.105251 ], [ 73.974864, 34.111518 ], [ 73.912852, 34.101833 ], [ 73.896251, 34.105251 ], [ 73.880626, 34.113837 ], [ 73.851736, 34.136542 ], [ 73.818614, 34.156033 ], [ 73.785167, 34.166205 ], [ 73.707612, 34.170681 ], [ 73.690929, 34.174994 ], [ 73.660248, 34.193712 ], [ 73.627452, 34.202989 ], [ 73.610769, 34.214871 ], [ 73.584076, 34.238959 ], [ 73.539236, 34.297431 ], [ 73.513438, 34.324042 ], [ 73.481049, 34.33515 ], [ 73.472585, 34.335801 ], [ 73.466807, 34.336982 ], [ 73.461192, 34.337185 ], [ 73.453868, 34.33515 ], [ 73.460216, 34.319037 ], [ 73.487885, 34.198025 ], [ 73.488862, 34.180935 ], [ 73.486908, 34.146186 ], [ 73.487885, 34.129096 ], [ 73.50587, 34.067939 ], [ 73.516124, 34.007351 ], [ 73.577403, 33.90998 ], [ 73.580089, 33.876247 ], [ 73.564708, 33.802924 ], [ 73.573985, 33.776557 ], [ 73.586029, 33.761746 ], [ 73.593354, 33.74494 ], [ 73.596934, 33.726833 ], [ 73.597748, 33.707953 ], [ 73.593272, 33.69477 ], [ 73.575125, 33.662624 ], [ 73.573985, 33.653347 ], [ 73.575857, 33.646918 ], [ 73.570567, 33.633002 ], [ 73.573985, 33.625759 ], [ 73.601166, 33.605251 ], [ 73.612234, 33.592475 ], [ 73.622651, 33.574774 ], [ 73.630463, 33.556098 ], [ 73.632498, 33.540066 ], [ 73.628673, 33.530463 ], [ 73.622, 33.527411 ], [ 73.615652, 33.525458 ], [ 73.612234, 33.518988 ], [ 73.612397, 33.509345 ], [ 73.620209, 33.476508 ], [ 73.623464, 33.46894 ], [ 73.625906, 33.460964 ], [ 73.625255, 33.45128 ], [ 73.619884, 33.447821 ], [ 73.610769, 33.44599 ], [ 73.601736, 33.440782 ], [ 73.592052, 33.410915 ], [ 73.580333, 33.398993 ], [ 73.5713, 33.386583 ], [ 73.573985, 33.36876 ], [ 73.584402, 33.354682 ], [ 73.595876, 33.342068 ], [ 73.600841, 33.332099 ], [ 73.597748, 33.32099 ] ], [ [ 75.366222, 33.444444 ], [ 75.356944, 33.47724 ], [ 75.35255, 33.484809 ], [ 75.342784, 33.492255 ], [ 75.324636, 33.49669 ], [ 75.314708, 33.502224 ], [ 75.249522, 33.553738 ], [ 75.207612, 33.569607 ], [ 75.188569, 33.582872 ], [ 75.180593, 33.605251 ], [ 75.174327, 33.615587 ], [ 75.132823, 33.669786 ], [ 75.109955, 33.69538 ], [ 75.105479, 33.704535 ], [ 75.106456, 33.717393 ], [ 75.110932, 33.726101 ], [ 75.116222, 33.733344 ], [ 75.118582, 33.742377 ], [ 75.116222, 33.763454 ], [ 75.110037, 33.782986 ], [ 75.101573, 33.800238 ], [ 75.091889, 33.814399 ], [ 75.085216, 33.820665 ], [ 75.066661, 33.833767 ], [ 75.019542, 33.879584 ], [ 75.007335, 33.898505 ], [ 74.994151, 33.935899 ], [ 74.982595, 33.950954 ], [ 74.963796, 33.957628 ], [ 74.916433, 33.964911 ], [ 74.90683, 33.975165 ], [ 74.905528, 34.000027 ], [ 74.900483, 34.014919 ], [ 74.890147, 34.026068 ], [ 74.717459, 34.140163 ], [ 74.639415, 34.238959 ], [ 74.625499, 34.251532 ], [ 74.620697, 34.25849 ], [ 74.618744, 34.270046 ], [ 74.621023, 34.28205 ], [ 74.630382, 34.302029 ], [ 74.632498, 34.310981 ], [ 74.629649, 34.333075 ], [ 74.622, 34.347602 ], [ 74.593842, 34.37991 ] ], [ [ 73.642996, 33.142198 ], [ 73.620046, 33.123562 ], [ 73.638113, 33.102322 ], [ 73.670421, 33.083848 ], [ 73.729747, 33.061632 ], [ 73.761241, 33.044704 ], [ 73.777924, 33.018175 ], [ 73.769786, 32.977729 ], [ 73.763682, 32.969509 ], [ 73.754161, 32.960395 ], [ 73.743907, 32.95246 ], [ 73.735362, 32.947333 ], [ 73.727957, 32.94005 ], [ 73.712901, 32.915798 ], [ 73.700776, 32.906317 ], [ 73.687755, 32.89879 ], [ 73.680268, 32.891466 ], [ 73.674571, 32.88406 ], [ 73.66684, 32.875922 ], [ 73.62379, 32.850613 ], [ 73.612234, 32.841173 ], [ 73.602061, 32.820421 ], [ 73.590343, 32.770616 ], [ 73.577403, 32.755479 ], [ 73.563243, 32.747097 ], [ 73.556244, 32.738837 ], [ 73.551362, 32.729438 ], [ 73.543224, 32.717637 ], [ 73.532725, 32.707099 ], [ 73.522227, 32.700141 ], [ 73.468842, 32.677436 ], [ 73.418549, 32.648261 ], [ 73.37672, 32.640326 ], [ 73.346934, 32.630479 ], [ 73.330333, 32.628241 ], [ 73.285167, 32.635525 ], [ 73.26946, 32.635118 ], [ 73.266612, 32.607449 ], [ 73.228119, 32.596991 ], [ 73.065684, 32.581122 ], [ 73.026541, 32.572333 ], [ 72.99171, 32.54975 ], [ 72.976085, 32.543728 ], [ 72.933035, 32.543158 ], [ 72.916026, 32.536444 ], [ 72.884858, 32.511786 ], [ 72.774832, 32.455878 ], [ 72.73349, 32.442003 ], [ 72.693451, 32.436469 ], [ 72.611339, 32.436469 ], [ 72.603933, 32.433621 ], [ 72.591726, 32.419013 ], [ 72.583914, 32.412909 ], [ 72.572358, 32.409125 ], [ 72.535818, 32.402371 ], [ 72.503917, 32.381415 ], [ 72.484467, 32.356553 ], [ 72.46339, 32.335883 ], [ 72.42628, 32.327257 ], [ 72.399913, 32.315863 ], [ 72.372813, 32.288886 ], [ 72.350108, 32.257148 ], [ 72.336518, 32.231635 ], [ 72.306082, 32.13821 ], [ 72.302419, 32.10753 ], [ 72.293956, 32.078192 ], [ 72.25351, 32.032823 ], [ 72.240326, 32.005723 ], [ 72.240733, 31.987494 ], [ 72.251882, 31.948554 ], [ 72.2553, 31.919053 ], [ 72.257091, 31.911404 ], [ 72.265066, 31.895209 ], [ 72.266856, 31.885077 ], [ 72.263194, 31.876899 ], [ 72.258067, 31.869249 ], [ 72.254649, 31.861111 ], [ 72.250906, 31.829291 ], [ 72.247488, 31.815863 ], [ 72.232921, 31.785956 ], [ 72.223155, 31.770819 ], [ 72.211681, 31.757188 ], [ 72.199718, 31.748114 ], [ 72.180919, 31.728827 ], [ 72.167247, 31.697455 ], [ 72.142589, 31.569281 ], [ 72.137625, 31.498481 ], [ 72.13144, 31.479804 ], [ 72.124929, 31.467393 ], [ 72.126475, 31.45954 ], [ 72.129893, 31.451239 ], [ 72.131765, 31.443061 ], [ 72.132823, 31.433458 ], [ 72.137625, 31.417304 ], [ 72.138601, 31.409247 ], [ 72.134939, 31.398993 ], [ 72.12672, 31.393622 ], [ 72.117442, 31.389187 ], [ 72.111339, 31.381293 ], [ 72.11085, 31.366563 ], [ 72.124929, 31.313056 ], [ 72.124929, 31.280707 ], [ 72.129324, 31.265652 ], [ 72.142019, 31.24787 ], [ 72.155528, 31.235541 ], [ 72.158295, 31.229438 ], [ 72.15919, 31.217108 ], [ 72.155854, 31.20954 ], [ 72.141694, 31.200507 ], [ 72.138601, 31.192939 ], [ 72.138764, 31.183295 ] ] ] } },
{ "type": "Feature", "properties": { "name": null, "name_en": null, "scalerank": 7.0 }, "geometry": { "type": "LineString", "coordinates": [ [ 80.940684, 31.391547 ], [ 80.921153, 31.382107 ], [ 80.899913, 31.382392 ], [ 80.862315, 31.388129 ], [ 80.85198, 31.38581 ], [ 80.831554, 31.37755 ], [ 80.820811, 31.375108 ], [ 80.808442, 31.375312 ], [ 80.787039, 31.380072 ], [ 80.73585, 31.382148 ], [ 80.724132, 31.38821 ], [ 80.674734, 31.446845 ], [ 80.655528, 31.46247 ], [ 80.631847, 31.472113 ], [ 80.61964, 31.474148 ], [ 80.606049, 31.474799 ], [ 80.530284, 31.46662 ], [ 80.48878, 31.470404 ], [ 80.451915, 31.486396 ], [ 80.423595, 31.5185 ], [ 80.404714, 31.55919 ], [ 80.398041, 31.58161 ], [ 80.3956, 31.604112 ], [ 80.389252, 31.620917 ], [ 80.374522, 31.634874 ], [ 80.356456, 31.648261 ], [ 80.340912, 31.663113 ], [ 80.31129, 31.711941 ], [ 80.306895, 31.727362 ], [ 80.303152, 31.752794 ], [ 80.292979, 31.770209 ], [ 80.259044, 31.799628 ], [ 80.216401, 31.852647 ], [ 80.185476, 31.869818 ], [ 80.175222, 31.88996 ], [ 80.162852, 31.929389 ], [ 80.132498, 31.995673 ], [ 80.066661, 32.080837 ], [ 80.05071, 32.13227 ], [ 80.042735, 32.145697 ], [ 79.981375, 32.193793 ], [ 79.937266, 32.238389 ], [ 79.930186, 32.248399 ], [ 79.92628, 32.267035 ], [ 79.916596, 32.286566 ], [ 79.904307, 32.304145 ], [ 79.810802, 32.39411 ], [ 79.778575, 32.409776 ], [ 79.746104, 32.419623 ], [ 79.731863, 32.426337 ], [ 79.700857, 32.449571 ], [ 79.693289, 32.458075 ], [ 79.689952, 32.467556 ], [ 79.689952, 32.486029 ], [ 79.687999, 32.492621 ], [ 79.683116, 32.497911 ] ] } },
{ "type": "Feature", "properties": { "name": "Shiquan", "name_en": "Shiquan", "scalerank": 3.0 }, "geometry": { "type": "LineString", "coordinates": [ [ 81.0, 32.449959244161363 ], [ 80.990815, 32.452989 ], [ 80.90504, 32.464138 ], [ 80.865326, 32.475409 ], [ 80.73585, 32.53852 ], [ 80.69044, 32.550889 ], [ 80.647553, 32.553412 ], [ 80.562104, 32.547919 ], [ 80.476654, 32.555854 ], [ 80.255382, 32.544704 ], [ 80.231944, 32.547065 ], [ 80.213145, 32.550889 ], [ 80.19573, 32.551703 ], [ 80.175873, 32.544704 ], [ 80.135671, 32.523017 ], [ 80.094656, 32.519232 ], [ 80.069835, 32.503485 ], [ 80.024669, 32.486029 ], [ 80.005056, 32.482001 ], [ 79.913097, 32.482001 ], [ 79.888927, 32.479356 ], [ 79.804861, 32.451117 ], [ 79.758881, 32.444688 ], [ 79.73463, 32.443915 ] ] } },
{ "type": "Feature", "properties": { "name": "Yurungkax", "name_en": "Yurungkax", "scalerank": 8.0 }, "geometry": { "type": "LineString", "coordinates": [ [ 81.0, 35.686848021035097 ], [ 80.985606, 35.704698 ], [ 80.945242, 35.79621 ], [ 80.915945, 35.831977 ], [ 80.901378, 35.839464 ], [ 80.864757, 35.853542 ], [ 80.850678, 35.863349 ], [ 80.822765, 35.873114 ], [ 80.692475, 35.872911 ], [ 80.67921, 35.877305 ], [ 80.6456, 35.896511 ], [ 80.559662, 35.921413 ], [ 80.502208, 35.951524 ], [ 80.480479, 35.955512 ], [ 80.438975, 35.957628 ], [ 80.417979, 35.961941 ], [ 80.401378, 35.969794 ], [ 80.395112, 35.962348 ], [ 80.387706, 35.969794 ], [ 80.369151, 35.956 ], [ 80.344656, 35.954861 ], [ 80.295339, 35.962348 ], [ 80.273204, 35.961249 ], [ 80.261974, 35.962226 ], [ 80.220714, 35.980292 ], [ 80.217052, 35.982774 ], [ 80.197765, 35.979682 ], [ 80.176687, 35.971625 ], [ 80.155772, 35.966824 ], [ 80.116628, 35.982489 ], [ 80.061453, 35.985419 ], [ 80.037608, 35.990261 ], [ 80.004161, 36.010769 ], [ 80.002696, 36.021064 ], [ 80.004405, 36.034695 ], [ 80.003347, 36.046576 ], [ 79.977143, 36.059353 ], [ 79.966726, 36.077094 ], [ 79.958995, 36.097602 ], [ 79.949474, 36.113145 ], [ 79.929861, 36.125434 ], [ 79.884044, 36.143826 ], [ 79.836192, 36.178656 ], [ 79.829682, 36.186591 ], [ 79.812266, 36.216173 ], [ 79.800548, 36.227118 ], [ 79.784597, 36.238349 ], [ 79.770518, 36.25141 ], [ 79.764578, 36.267686 ], [ 79.762787, 36.289659 ], [ 79.75172, 36.333319 ], [ 79.744151, 36.35338 ], [ 79.733409, 36.371772 ], [ 79.729991, 36.380805 ], [ 79.729747, 36.394355 ], [ 79.733816, 36.405707 ], [ 79.747325, 36.421413 ], [ 79.754893, 36.444892 ], [ 79.804291, 36.513048 ], [ 79.816417, 36.52379 ], [ 79.832286, 36.529731 ], [ 79.880056, 36.534125 ], [ 79.904307, 36.543036 ], [ 79.92099, 36.559841 ], [ 79.92213, 36.586127 ], [ 79.913097, 36.599718 ], [ 79.899099, 36.612982 ], [ 79.886322, 36.628974 ], [ 79.874766, 36.671942 ], [ 79.873057, 36.683458 ], [ 79.877208, 36.688544 ], [ 79.889903, 36.690741 ], [ 79.900645, 36.696641 ], [ 79.90919, 36.705512 ], [ 79.915294, 36.716498 ], [ 79.916596, 36.724189 ], [ 79.916433, 36.733832 ], [ 79.917491, 36.745063 ], [ 79.92213, 36.757432 ], [ 79.927745, 36.763251 ], [ 79.9345, 36.7685 ], [ 79.940196, 36.775987 ], [ 79.942556, 36.788438 ], [ 79.937999, 36.810492 ], [ 79.926768, 36.824246 ], [ 79.913259, 36.836127 ], [ 79.901785, 36.853054 ], [ 79.893077, 36.896918 ], [ 79.899913, 36.941107 ], [ 79.916108, 36.982489 ], [ 79.9428, 37.03087 ], [ 79.949474, 37.048651 ], [ 79.954275, 37.069037 ], [ 79.959565, 37.111029 ], [ 79.971202, 37.1553 ], [ 79.9699, 37.175808 ], [ 79.934174, 37.230984 ], [ 79.928315, 37.247829 ], [ 79.929861, 37.286566 ], [ 79.934174, 37.303005 ], [ 79.971121, 37.365912 ], [ 79.973725, 37.374376 ], [ 79.979991, 37.385688 ], [ 79.990489, 37.456366 ], [ 80.015147, 37.485216 ], [ 80.126964, 37.545111 ], [ 80.204112, 37.598334 ], [ 80.353282, 37.672309 ], [ 80.371023, 37.685981 ], [ 80.400971, 37.721015 ], [ 80.414236, 37.740668 ], [ 80.422455, 37.758002 ], [ 80.424083, 37.768175 ], [ 80.422455, 37.802354 ], [ 80.424083, 37.811347 ], [ 80.432221, 37.823269 ], [ 80.435557, 37.833075 ] ] } },
{ "type": "Feature", "properties": { "name": "Yarkant", "name_en": "Yarkant", "scalerank": 6.0 }, "geometry": { "type": "LineString", "coordinates": [ [ 77.524913, 35.520697 ], [ 77.547781, 35.525702 ], [ 77.564138, 35.5338 ], [ 77.57724, 35.544623 ], [ 77.589854, 35.557929 ], [ 77.611746, 35.574408 ], [ 77.657725, 35.591335 ], [ 77.675222, 35.602607 ], [ 77.681651, 35.619167 ], [ 77.692312, 35.673448 ], [ 77.692475, 35.685167 ], [ 77.697846, 35.687608 ], [ 77.70224, 35.694281 ], [ 77.70574, 35.703925 ], [ 77.708425, 35.715196 ], [ 77.710948, 35.738227 ], [ 77.710867, 35.747423 ], [ 77.709972, 35.753445 ], [ 77.688975, 35.784939 ], [ 77.552745, 35.879665 ], [ 77.545421, 35.890001 ], [ 77.543956, 35.903835 ], [ 77.54892, 35.91295 ], [ 77.555675, 35.920193 ], [ 77.559093, 35.928168 ], [ 77.563487, 35.943061 ], [ 77.642182, 36.079291 ], [ 77.66155, 36.096055 ], [ 77.729503, 36.120958 ], [ 77.759532, 36.142605 ], [ 77.757742, 36.17182 ], [ 77.745942, 36.178046 ], [ 77.69573, 36.178005 ], [ 77.627371, 36.199083 ], [ 77.557872, 36.255398 ], [ 77.531179, 36.267401 ], [ 77.533214, 36.271755 ], [ 77.53655, 36.283474 ], [ 77.538585, 36.287869 ], [ 77.531179, 36.292792 ], [ 77.524425, 36.300238 ], [ 77.51946, 36.30919 ], [ 77.517507, 36.318915 ], [ 77.513927, 36.323106 ], [ 77.496593, 36.335476 ], [ 77.490733, 36.342475 ], [ 77.498057, 36.372382 ], [ 77.480561, 36.406806 ], [ 77.450776, 36.429714 ], [ 77.421316, 36.424994 ], [ 77.404714, 36.43183 ], [ 77.31544, 36.44184 ], [ 77.273204, 36.455919 ], [ 77.250011, 36.459174 ], [ 77.225841, 36.457221 ], [ 77.181244, 36.448188 ], [ 77.158132, 36.446153 ], [ 77.136241, 36.448594 ], [ 77.101085, 36.458523 ], [ 77.079194, 36.459174 ], [ 76.964447, 36.434353 ], [ 76.914154, 36.404568 ], [ 76.904307, 36.401679 ], [ 76.874522, 36.397732 ], [ 76.838308, 36.385281 ], [ 76.828868, 36.383409 ], [ 76.820404, 36.385688 ], [ 76.806163, 36.395453 ], [ 76.795014, 36.397732 ], [ 76.789806, 36.396674 ], [ 76.78004, 36.391954 ], [ 76.773936, 36.390937 ], [ 76.766124, 36.392768 ], [ 76.755789, 36.401679 ], [ 76.749604, 36.404568 ], [ 76.727957, 36.405788 ], [ 76.66448, 36.397732 ], [ 76.643972, 36.400255 ], [ 76.513764, 36.430854 ], [ 76.493663, 36.432481 ], [ 76.478608, 36.440253 ], [ 76.470225, 36.458319 ], [ 76.462413, 36.493272 ], [ 76.458425, 36.498358 ], [ 76.44752, 36.503282 ], [ 76.442475, 36.507595 ], [ 76.441498, 36.512071 ], [ 76.44337, 36.523627 ], [ 76.442475, 36.528022 ], [ 76.429454, 36.544989 ], [ 76.420828, 36.552314 ], [ 76.410737, 36.555365 ], [ 76.389903, 36.558051 ], [ 76.369151, 36.564724 ], [ 76.332612, 36.582709 ], [ 76.274669, 36.619452 ], [ 76.253184, 36.624294 ], [ 76.22877, 36.62519 ], [ 76.208995, 36.628363 ], [ 76.191661, 36.634467 ], [ 76.118663, 36.675157 ], [ 76.102631, 36.688788 ], [ 76.077403, 36.724229 ], [ 76.058197, 36.76081 ], [ 76.044526, 36.801785 ], [ 76.043468, 36.808417 ], [ 76.044526, 36.818223 ], [ 76.044526, 36.822292 ], [ 76.04184, 36.828681 ], [ 76.032807, 36.840196 ], [ 76.030935, 36.846218 ], [ 76.026459, 36.868598 ], [ 76.015554, 36.88581 ], [ 75.98935, 36.911648 ], [ 75.97047, 36.937934 ], [ 75.962006, 36.945828 ], [ 75.952159, 36.949734 ], [ 75.933686, 36.950507 ], [ 75.924408, 36.956081 ], [ 75.920095, 36.971788 ], [ 75.931895, 36.987169 ], [ 75.962006, 37.014106 ], [ 75.990896, 37.073106 ], [ 76.008067, 37.093085 ], [ 76.010671, 37.116238 ], [ 76.009858, 37.158718 ], [ 76.011485, 37.166938 ], [ 76.014415, 37.171942 ], [ 76.015066, 37.177069 ], [ 76.009858, 37.18537 ], [ 76.001557, 37.191352 ], [ 75.979096, 37.20071 ], [ 75.969493, 37.206488 ], [ 75.956065, 37.224229 ], [ 75.937999, 37.266791 ], [ 75.918549, 37.292996 ], [ 75.911062, 37.305854 ], [ 75.90683, 37.317898 ], [ 75.910818, 37.323106 ], [ 75.937429, 37.323757 ], [ 75.954682, 37.328477 ], [ 75.959565, 37.31977 ], [ 75.962576, 37.30744 ], [ 75.96575, 37.298936 ], [ 75.974539, 37.29206 ], [ 75.982188, 37.289862 ], [ 76.003673, 37.288398 ], [ 76.030935, 37.282172 ], [ 76.043468, 37.282742 ], [ 76.069347, 37.287706 ], [ 76.079356, 37.288398 ], [ 76.086518, 37.285346 ], [ 76.090912, 37.280097 ], [ 76.096202, 37.275662 ], [ 76.106049, 37.274726 ], [ 76.122162, 37.280137 ], [ 76.129812, 37.289252 ], [ 76.134939, 37.300605 ], [ 76.143565, 37.312934 ], [ 76.152599, 37.317735 ], [ 76.175304, 37.321885 ], [ 76.184825, 37.32628 ], [ 76.189057, 37.335273 ], [ 76.189952, 37.358751 ], [ 76.191661, 37.363552 ], [ 76.201752, 37.371039 ], [ 76.235037, 37.406562 ], [ 76.249441, 37.418158 ], [ 76.244233, 37.429389 ], [ 76.232432, 37.448065 ], [ 76.229015, 37.459744 ], [ 76.229015, 37.471015 ], [ 76.236339, 37.508124 ], [ 76.236501, 37.544704 ], [ 76.232514, 37.566718 ], [ 76.222748, 37.582587 ], [ 76.22698, 37.585395 ], [ 76.231537, 37.592149 ], [ 76.236339, 37.596869 ], [ 76.215912, 37.632839 ], [ 76.210378, 37.648993 ], [ 76.208507, 37.668891 ], [ 76.204356, 37.686103 ], [ 76.185802, 37.714301 ], [ 76.181163, 37.733466 ], [ 76.192882, 37.780829 ], [ 76.207123, 37.810167 ], [ 76.198009, 37.820258 ], [ 76.181407, 37.827582 ], [ 76.167491, 37.837104 ], [ 76.175792, 37.840928 ], [ 76.194347, 37.84573 ], [ 76.201671, 37.850775 ], [ 76.205984, 37.860622 ], [ 76.213145, 37.88642 ], [ 76.219005, 37.89171 ], [ 76.259939, 37.89171 ], [ 76.26767, 37.896837 ], [ 76.26767, 37.908881 ], [ 76.263113, 37.932685 ], [ 76.267996, 37.957343 ], [ 76.276134, 37.966905 ], [ 76.290945, 37.967882 ], [ 76.314952, 37.966864 ], [ 76.327078, 37.970079 ], [ 76.349132, 37.984646 ], [ 76.363048, 37.987901 ], [ 76.374766, 37.986274 ], [ 76.389903, 37.977607 ], [ 76.40089, 37.97366 ], [ 76.425304, 37.970771 ], [ 76.450694, 37.972439 ], [ 76.474376, 37.979031 ], [ 76.493663, 37.991034 ], [ 76.505056, 37.995714 ], [ 76.518077, 37.994086 ], [ 76.541515, 37.987901 ], [ 76.546804, 37.982245 ], [ 76.542491, 37.969794 ], [ 76.535167, 37.957587 ], [ 76.531261, 37.952501 ], [ 76.537201, 37.931586 ], [ 76.553315, 37.928534 ], [ 76.574718, 37.929877 ], [ 76.612804, 37.914333 ], [ 76.653819, 37.910509 ], [ 76.674571, 37.906033 ], [ 76.7081, 37.888495 ], [ 76.727306, 37.88113 ], [ 76.753022, 37.878038 ], [ 76.775401, 37.882595 ], [ 76.790619, 37.893581 ], [ 76.811697, 37.919013 ], [ 76.8838, 37.970242 ], [ 76.925222, 38.020372 ], [ 76.942149, 38.035102 ], [ 76.961681, 38.04328 ], [ 76.98406, 38.049994 ], [ 77.002696, 38.060492 ], [ 77.010346, 38.079779 ], [ 77.019135, 38.091376 ], [ 77.079194, 38.124457 ], [ 77.209727, 38.23371 ], [ 77.284679, 38.269355 ], [ 77.38144, 38.339301 ], [ 77.393972, 38.354438 ], [ 77.359304, 38.445583 ], [ 77.363292, 38.460883 ], [ 77.352957, 38.475165 ], [ 77.325694, 38.5633 ], [ 77.329031, 38.569363 ], [ 77.3296, 38.583197 ], [ 77.33253, 38.590033 ], [ 77.340587, 38.595811 ], [ 77.35963, 38.600653 ], [ 77.36671, 38.604275 ], [ 77.375662, 38.61933 ], [ 77.381765, 38.652655 ], [ 77.387218, 38.666327 ], [ 77.398855, 38.674994 ], [ 77.435069, 38.690497 ], [ 77.449229, 38.699897 ], [ 77.457937, 38.713894 ], [ 77.459565, 38.728095 ], [ 77.459483, 38.743964 ], [ 77.462901, 38.762519 ], [ 77.483816, 38.796088 ], [ 77.546886, 38.844672 ], [ 77.572765, 38.871161 ], [ 77.581472, 38.891303 ], [ 77.579112, 38.905463 ], [ 77.571788, 38.917792 ], [ 77.565359, 38.932644 ], [ 77.56601, 38.951687 ], [ 77.570323, 38.970526 ], [ 77.568858, 38.986111 ], [ 77.551687, 38.995307 ], [ 77.555431, 39.006619 ], [ 77.56129, 39.013048 ], [ 77.591238, 39.026679 ], [ 77.599376, 39.028754 ], [ 77.606944, 39.031765 ], [ 77.617117, 39.039374 ], [ 77.616222, 39.043321 ], [ 77.621104, 39.085517 ], [ 77.623139, 39.093044 ], [ 77.634776, 39.111396 ], [ 77.639171, 39.121772 ], [ 77.638764, 39.127509 ], [ 77.63974, 39.131944 ], [ 77.647878, 39.138699 ], [ 77.653901, 39.139512 ], [ 77.660411, 39.136786 ], [ 77.665945, 39.133246 ], [ 77.668956, 39.131863 ], [ 77.674083, 39.136542 ], [ 77.682384, 39.149604 ], [ 77.686046, 39.152371 ], [ 77.700125, 39.158637 ], [ 77.710216, 39.160427 ], [ 77.720144, 39.155788 ], [ 77.729991, 39.147569 ], [ 77.734874, 39.148301 ], [ 77.74407, 39.165961 ], [ 77.743093, 39.16767 ], [ 77.742442, 39.173855 ], [ 77.742686, 39.181342 ], [ 77.74407, 39.187079 ], [ 77.748627, 39.192491 ], [ 77.754487, 39.195665 ], [ 77.760509, 39.198065 ], [ 77.799571, 39.225287 ], [ 77.804861, 39.231147 ], [ 77.866954, 39.275214 ], [ 77.912852, 39.286078 ], [ 77.929454, 39.29621 ], [ 77.935802, 39.319892 ], [ 77.943858, 39.332546 ], [ 77.96282, 39.34748 ], [ 78.004812, 39.371446 ], [ 78.019216, 39.374376 ], [ 78.056895, 39.37698 ], [ 78.069347, 39.382025 ], [ 78.074718, 39.389431 ], [ 78.082937, 39.406521 ], [ 78.087332, 39.412421 ], [ 78.094249, 39.415798 ], [ 78.111257, 39.41946 ], [ 78.130626, 39.431708 ], [ 78.160411, 39.442735 ], [ 78.214447, 39.483669 ], [ 78.227306, 39.488715 ], [ 78.259695, 39.493354 ], [ 78.276096283182341, 39.5 ] ] } },
{ "type": "Feature", "properties": { "name": "Harirud", "name_en": "Harirud", "scalerank": 8.0 }, "geometry": { "type": "LineString", "coordinates": [ [ 66.611908, 34.62995 ], [ 66.516856, 34.621894 ], [ 66.498464, 34.615749 ], [ 66.478445, 34.625596 ], [ 66.47169, 34.62995 ], [ 66.460948, 34.624701 ], [ 66.450694, 34.62995 ], [ 66.430756, 34.623847 ], [ 66.408214, 34.632107 ], [ 66.390066, 34.646796 ], [ 66.382335, 34.660102 ], [ 66.37086, 34.670437 ], [ 66.344737, 34.673163 ], [ 66.232432, 34.664008 ], [ 66.171641, 34.648383 ], [ 66.12851, 34.636827 ], [ 66.109386, 34.628933 ], [ 66.071707, 34.606716 ], [ 66.056733, 34.602078 ], [ 65.926687, 34.599473 ], [ 65.791515, 34.55744 ], [ 65.785818, 34.554267 ], [ 65.763927, 34.561591 ], [ 65.740489, 34.560818 ], [ 65.69044, 34.55211 ], [ 65.669932, 34.542751 ], [ 65.658946, 34.540635 ], [ 65.647472, 34.543809 ], [ 65.641368, 34.551459 ], [ 65.636485, 34.560736 ], [ 65.628184, 34.568549 ], [ 65.583995, 34.575385 ], [ 65.495128, 34.540107 ], [ 65.450125, 34.5338 ], [ 65.322765, 34.549343 ], [ 65.077647, 34.518256 ], [ 65.064871, 34.514919 ], [ 65.052175, 34.505886 ], [ 65.058849, 34.488227 ], [ 65.045502, 34.480536 ], [ 64.858897, 34.463935 ], [ 64.783702, 34.437852 ], [ 64.737397, 34.430772 ], [ 64.566173, 34.430772 ], [ 64.557058, 34.427273 ], [ 64.532156, 34.410264 ], [ 64.521414, 34.408962 ], [ 64.421153, 34.407904 ], [ 64.358897, 34.393337 ], [ 64.28183, 34.389757 ], [ 64.270763, 34.387885 ], [ 64.24822, 34.378933 ], [ 64.237315, 34.376166 ], [ 64.224376, 34.376532 ], [ 64.202159, 34.381944 ], [ 64.189464, 34.382351 ], [ 64.17864, 34.379462 ], [ 64.163097, 34.371039 ], [ 63.954845, 34.353787 ], [ 63.941335, 34.354682 ], [ 63.922944, 34.363064 ], [ 63.913585, 34.35932 ], [ 63.903819, 34.352891 ], [ 63.893484, 34.348822 ], [ 63.847585, 34.348822 ], [ 63.802175, 34.341376 ], [ 63.754405, 34.348822 ], [ 63.717052, 34.341498 ], [ 63.613373, 34.348822 ], [ 63.603119, 34.350938 ], [ 63.586192, 34.360378 ], [ 63.575857, 34.362494 ], [ 63.538259, 34.362494 ], [ 63.403412, 34.389838 ], [ 63.375662, 34.392157 ], [ 63.277924, 34.383816 ], [ 63.262218, 34.386827 ], [ 63.230724, 34.398017 ], [ 63.204519, 34.402777 ], [ 63.183116, 34.398139 ], [ 63.117605, 34.35517 ], [ 63.038097, 34.320909 ], [ 62.978933, 34.285671 ], [ 62.965831, 34.280544 ], [ 62.943126, 34.277126 ], [ 62.926036, 34.268988 ], [ 62.910818, 34.25963 ], [ 62.894054, 34.252631 ], [ 62.866628, 34.251492 ], [ 62.843761, 34.258979 ], [ 62.822765, 34.268419 ], [ 62.626964, 34.299384 ], [ 62.417247, 34.291287 ], [ 62.379975, 34.277533 ], [ 62.35963, 34.273057 ], [ 62.307872, 34.270535 ], [ 62.257091, 34.274115 ], [ 62.209727, 34.285753 ], [ 62.167979, 34.307888 ], [ 62.131114, 34.294257 ], [ 62.083995, 34.29446 ], [ 62.03769, 34.302843 ], [ 62.003429, 34.314073 ], [ 61.983816, 34.326768 ], [ 61.948985, 34.356635 ], [ 61.931082, 34.362494 ], [ 61.908132, 34.364203 ], [ 61.867768, 34.372829 ], [ 61.821218, 34.377387 ], [ 61.75294, 34.376166 ], [ 61.72934, 34.378445 ], [ 61.688975, 34.390448 ], [ 61.535085, 34.4171 ], [ 61.431733, 34.462592 ], [ 61.402843, 34.482001 ], [ 61.379649, 34.505886 ], [ 61.362885, 34.536322 ], [ 61.355724, 34.540635 ], [ 61.344737, 34.543972 ], [ 61.339447, 34.551825 ], [ 61.336029, 34.561103 ], [ 61.330577, 34.568549 ], [ 61.312429, 34.575873 ], [ 61.289968, 34.581366 ], [ 61.271007, 34.589667 ], [ 61.254405, 34.625922 ], [ 61.235606, 34.635688 ], [ 61.216807, 34.640652 ], [ 61.208263, 34.646796 ], [ 61.196381, 34.646999 ], [ 61.129161, 34.677191 ], [ 61.119721, 34.685411 ], [ 61.112234, 34.704657 ], [ 61.107026, 34.726589 ], [ 61.105235, 34.742987 ], [ 61.10019, 34.756049 ], [ 61.064952, 34.815009 ], [ 61.073009, 34.847968 ], [ 61.077403, 34.883246 ], [ 61.076589, 34.891954 ], [ 61.072195, 34.91059 ], [ 61.071218, 34.920762 ], [ 61.074311, 34.933376 ], [ 61.08839, 34.952216 ], [ 61.091563, 34.961737 ], [ 61.094819, 34.981228 ], [ 61.109467, 35.018744 ], [ 61.115326, 35.060126 ], [ 61.122651, 35.074408 ], [ 61.146658, 35.102362 ], [ 61.136241, 35.111396 ], [ 61.134776, 35.119656 ], [ 61.137462, 35.128526 ], [ 61.139415, 35.139919 ], [ 61.136648, 35.144232 ], [ 61.101085, 35.183458 ], [ 61.095795, 35.193427 ], [ 61.101736, 35.197943 ], [ 61.111908, 35.202257 ], [ 61.112315, 35.211941 ], [ 61.107432, 35.221503 ], [ 61.101736, 35.225857 ], [ 61.101085, 35.235622 ], [ 61.102061, 35.256903 ], [ 61.107921, 35.278266 ], [ 61.122325, 35.287909 ], [ 61.143565, 35.288357 ], [ 61.16741, 35.291612 ], [ 61.186615, 35.300605 ], [ 61.194591, 35.318386 ], [ 61.189952, 35.369818 ], [ 61.194591, 35.390326 ], [ 61.200287, 35.401435 ], [ 61.221283, 35.424506 ], [ 61.22698, 35.43476 ], [ 61.235606, 35.466091 ], [ 61.246593, 35.485297 ], [ 61.27003, 35.508653 ], [ 61.283376, 35.527452 ], [ 61.289561, 35.548367 ], [ 61.28712, 35.568468 ], [ 61.276541, 35.609442 ], [ 61.244884, 35.649522 ], [ 61.231375, 35.672146 ], [ 61.22877, 35.698798 ], [ 61.232677, 35.704861 ], [ 61.246349, 35.715766 ], [ 61.249278, 35.722724 ], [ 61.248546, 35.740424 ], [ 61.249278, 35.745958 ], [ 61.25587, 35.769721 ], [ 61.255626, 35.779608 ], [ 61.249278, 35.786933 ], [ 61.255789, 35.809394 ], [ 61.254975, 35.825629 ], [ 61.251394, 35.840644 ], [ 61.247, 35.87641 ], [ 61.240652, 35.89411 ], [ 61.231619, 35.910915 ], [ 61.221283, 35.92475 ], [ 61.205333, 35.940782 ], [ 61.187918, 35.953803 ], [ 61.167572, 35.96251 ], [ 61.143077, 35.965684 ], [ 61.129405, 35.970771 ], [ 61.14088, 35.982611 ], [ 61.161225, 35.996202 ], [ 61.173595, 36.006659 ], [ 61.174246, 36.016059 ], [ 61.170502, 36.0362 ], [ 61.173595, 36.048285 ], [ 61.179779, 36.053005 ], [ 61.189138, 36.055976 ], [ 61.197765, 36.060981 ], [ 61.201427, 36.071845 ], [ 61.201915, 36.081 ], [ 61.203624, 36.090766 ], [ 61.206716, 36.099718 ], [ 61.211681, 36.106635 ], [ 61.222179, 36.117743 ], [ 61.224213, 36.123887 ], [ 61.222585, 36.129014 ], [ 61.2199, 36.159206 ], [ 61.205007, 36.2213 ], [ 61.19044, 36.240831 ], [ 61.187266, 36.250596 ], [ 61.186697, 36.273749 ], [ 61.185069, 36.284206 ], [ 61.181082, 36.294704 ], [ 61.17685, 36.300605 ], [ 61.170665, 36.306667 ], [ 61.16269, 36.311835 ], [ 61.153087, 36.315212 ], [ 61.155691, 36.322089 ], [ 61.157237, 36.324897 ], [ 61.160574, 36.328884 ], [ 61.146088, 36.357489 ], [ 61.151947, 36.406521 ], [ 61.173595, 36.487128 ], [ 61.167491, 36.502021 ], [ 61.165701, 36.514024 ], [ 61.170177, 36.524685 ], [ 61.176362, 36.532253 ], [ 61.181733, 36.541856 ], [ 61.185802, 36.553046 ], [ 61.187266, 36.565294 ], [ 61.185557, 36.577908 ], [ 61.181733, 36.587104 ], [ 61.173595, 36.602566 ], [ 61.164561, 36.639472 ], [ 61.160574, 36.650946 ], [ 61.15325, 36.664578 ], [ 61.14796, 36.669135 ], [ 61.139415, 36.671454 ], [ 61.142507, 36.675645 ], [ 61.144054, 36.679226 ], [ 61.146658, 36.682237 ], [ 61.153087, 36.685126 ], [ 61.153087, 36.692572 ], [ 61.14267, 36.69184 ], [ 61.1338, 36.693874 ], [ 61.125662, 36.698594 ], [ 61.118907, 36.706163 ], [ 61.124766, 36.726996 ], [ 61.084727, 36.808621 ], [ 61.060313, 36.814236 ], [ 61.028819, 36.842108 ], [ 60.997976, 36.863389 ], [ 60.975597, 36.849555 ], [ 60.970307, 36.854763 ], [ 60.965912, 36.855821 ], [ 60.961029, 36.85574 ], [ 60.955089, 36.857001 ], [ 60.893565, 36.911648 ], [ 60.876557, 36.939399 ], [ 60.86907, 36.955878 ], [ 60.865733, 36.97309 ], [ 60.797374, 37.021511 ], [ 60.772878, 37.052191 ], [ 60.762299, 37.074327 ], [ 60.766368, 37.092882 ], [ 60.7706, 37.103542 ], [ 60.766368, 37.113552 ], [ 60.75587, 37.127021 ], [ 60.751475, 37.128974 ], [ 60.728526, 37.158718 ], [ 60.701182, 37.18537 ], [ 60.698334, 37.190701 ], [ 60.696056, 37.202704 ], [ 60.694347, 37.206488 ], [ 60.68808, 37.210517 ], [ 60.676036, 37.213324 ], [ 60.670421, 37.216742 ], [ 60.654063, 37.237087 ], [ 60.649669, 37.240017 ], [ 60.633311, 37.239691 ], [ 60.628835, 37.241034 ], [ 60.627045, 37.247178 ], [ 60.619233, 37.261746 ], [ 60.618256, 37.266181 ], [ 60.619884, 37.277533 ], [ 60.619233, 37.282172 ], [ 60.601654, 37.287055 ], [ 60.598155, 37.288398 ], [ 60.587983, 37.320014 ], [ 60.587006, 37.333075 ], [ 60.580007, 37.343533 ], [ 60.571788, 37.353095 ], [ 60.567149, 37.357286 ], [ 60.556733, 37.361884 ], [ 60.552257, 37.372382 ], [ 60.549734, 37.390815 ], [ 60.542735, 37.401435 ], [ 60.537364, 37.406765 ], [ 60.522472, 37.418158 ], [ 60.504324, 37.442328 ], [ 60.499522, 37.446072 ], [ 60.49171, 37.455675 ], [ 60.498057, 37.477484 ], [ 60.515636, 37.51496 ], [ 60.516531, 37.53616 ], [ 60.512299, 37.555284 ], [ 60.503998, 37.572211 ], [ 60.487641, 37.593451 ], [ 60.484304, 37.60224 ], [ 60.482677, 37.61164 ], [ 60.482188, 37.620795 ], [ 60.47877, 37.628119 ], [ 60.454682, 37.658311 ], [ 60.420502, 37.723944 ], [ 60.410085, 37.733466 ], [ 60.394949, 37.741319 ], [ 60.380382, 37.759589 ], [ 60.337901, 37.826239 ], [ 60.332937, 37.842353 ], [ 60.3296, 37.883653 ], [ 60.324962, 37.902126 ], [ 60.318614, 37.919542 ], [ 60.311453, 37.932685 ], [ 60.281993, 37.957831 ], [ 60.268158, 37.97252 ], [ 60.262462, 37.991034 ], [ 60.254893, 38.005561 ], [ 60.143891, 38.091173 ], [ 60.132498, 38.110867 ] ] } },
{ "type": "Feature", "properties": { "name": "Pamir", "name_en": "Pamir", "scalerank": 5.0 }, "geometry": { "type": "LineString", "coordinates": [ [ 73.604584, 37.446072 ], [ 73.484874, 37.481228 ], [ 73.440196, 37.48017 ], [ 73.37794, 37.452826 ], [ 73.361339, 37.45661 ], [ 73.344656, 37.464708 ], [ 73.320811, 37.467231 ], [ 73.295909, 37.465196 ], [ 73.275808, 37.459744 ], [ 73.259858, 37.450263 ], [ 73.211192, 37.408515 ], [ 73.200125, 37.404405 ], [ 73.17864, 37.410997 ], [ 73.169932, 37.408515 ], [ 73.131765, 37.384589 ], [ 73.11614, 37.369249 ], [ 73.098888, 37.340155 ], [ 73.087413, 37.32628 ], [ 73.067149, 37.315375 ], [ 72.995128, 37.309516 ], [ 72.923839, 37.275092 ], [ 72.901947, 37.254014 ], [ 72.876964, 37.247138 ], [ 72.830089, 37.240017 ], [ 72.790294, 37.220567 ], [ 72.760509, 37.187771 ], [ 72.713959, 37.110297 ], [ 72.672293, 37.057888 ], [ 72.666108, 37.038601 ], [ 72.657319, 37.029079 ] ] } },
{ "type": "Feature", "properties": { "name": "Panj", "name_en": "Panj", "scalerank": 5.0 }, "geometry": { "type": "LineString", "coordinates": [ [ 72.657319, 37.029079 ], [ 72.508311, 37.011339 ], [ 72.47462, 36.997667 ], [ 72.405528, 37.00788 ], [ 72.360606, 37.000556 ], [ 72.259288, 36.967597 ], [ 72.219819, 36.945828 ], [ 72.20989, 36.936835 ], [ 72.195567, 36.919216 ], [ 72.186453, 36.911648 ], [ 72.152436, 36.895941 ], [ 72.126231, 36.872911 ], [ 71.836192, 36.699408 ], [ 71.797293, 36.686347 ], [ 71.748139, 36.6789 ], [ 71.699636, 36.6789 ], [ 71.652761, 36.687201 ], [ 71.610769, 36.705105 ], [ 71.576915, 36.733507 ], [ 71.563487, 36.750922 ], [ 71.552419, 36.769802 ], [ 71.544932, 36.790229 ], [ 71.538178, 36.836371 ], [ 71.528087, 36.856391 ], [ 71.471283, 36.930284 ], [ 71.462576, 36.94831 ], [ 71.459483, 36.969997 ], [ 71.459483, 37.011013 ], [ 71.456065, 37.022773 ], [ 71.438894, 37.044379 ], [ 71.432872, 37.054999 ], [ 71.430756, 37.067247 ], [ 71.432872, 37.12755 ], [ 71.440684, 37.168728 ], [ 71.446381, 37.183865 ], [ 71.453298, 37.192816 ], [ 71.449718, 37.216905 ], [ 71.486746, 37.267279 ], [ 71.487641, 37.295233 ], [ 71.493337, 37.307725 ], [ 71.496186, 37.328803 ], [ 71.494395, 37.370917 ], [ 71.486827, 37.409369 ], [ 71.489838, 37.423611 ], [ 71.501231, 37.446072 ], [ 71.510834, 37.486151 ], [ 71.496755, 37.566759 ], [ 71.501231, 37.610541 ], [ 71.504649, 37.616278 ], [ 71.516856, 37.629462 ], [ 71.521576, 37.637885 ], [ 71.524343, 37.647976 ], [ 71.529063, 37.678819 ], [ 71.540538, 37.709988 ], [ 71.542084, 37.719794 ], [ 71.539968, 37.73078 ], [ 71.530772, 37.75198 ], [ 71.529063, 37.761339 ], [ 71.537364, 37.779324 ], [ 71.574229, 37.798285 ], [ 71.589854, 37.815985 ], [ 71.593842, 37.834011 ], [ 71.594656, 37.857733 ], [ 71.593028, 37.879584 ], [ 71.589854, 37.89171 ], [ 71.597341, 37.898546 ], [ 71.566905, 37.92829 ], [ 71.536713, 37.944648 ], [ 71.500662, 37.946479 ], [ 71.378835, 37.913153 ], [ 71.360444, 37.902289 ], [ 71.34075, 37.893581 ], [ 71.319347, 37.900824 ], [ 71.281505, 37.925238 ], [ 71.270763, 37.926378 ], [ 71.263113, 37.924628 ], [ 71.257823, 37.926703 ], [ 71.254161, 37.939521 ], [ 71.255382, 37.950141 ], [ 71.265391, 37.972764 ], [ 71.272227, 37.998236 ], [ 71.30185, 38.042548 ], [ 71.315522, 38.083523 ], [ 71.334076, 38.111884 ], [ 71.340587, 38.141181 ], [ 71.358653, 38.184353 ], [ 71.363862, 38.207058 ], [ 71.357595, 38.251492 ], [ 71.334076, 38.28087 ], [ 71.299734, 38.298896 ], [ 71.217296, 38.326117 ], [ 71.155528, 38.37641 ], [ 71.116954, 38.39879 ], [ 71.088878, 38.41002 ], [ 71.076671, 38.412462 ], [ 71.064464, 38.412055 ], [ 71.056651, 38.409247 ], [ 71.049327, 38.408881 ], [ 71.039073, 38.415595 ], [ 71.032644, 38.423896 ], [ 71.024099, 38.442165 ], [ 71.018158, 38.450019 ], [ 71.008067, 38.458808 ], [ 70.997651, 38.465888 ], [ 70.98642, 38.471137 ], [ 70.973643, 38.473944 ], [ 70.950287, 38.473334 ], [ 70.942963, 38.466173 ], [ 70.9463, 38.443468 ], [ 70.935802, 38.433173 ], [ 70.911713, 38.437852 ], [ 70.870535, 38.453437 ], [ 70.858897, 38.451931 ], [ 70.853282, 38.447699 ], [ 70.849213, 38.443061 ], [ 70.842703, 38.440375 ], [ 70.833588, 38.440782 ], [ 70.817475, 38.445258 ], [ 70.808523, 38.446601 ], [ 70.776785, 38.446723 ], [ 70.760753, 38.443793 ], [ 70.753917, 38.436632 ], [ 70.741303, 38.419704 ], [ 70.682872, 38.414822 ], [ 70.66448, 38.405626 ], [ 70.66448, 38.39879 ], [ 70.684255, 38.386908 ], [ 70.67628, 38.37519 ], [ 70.64088, 38.354438 ], [ 70.631765, 38.350409 ], [ 70.608897, 38.351426 ], [ 70.59962, 38.347276 ], [ 70.59547, 38.338446 ], [ 70.595225, 38.327989 ], [ 70.596202, 38.317816 ], [ 70.596202, 38.309434 ], [ 70.58253, 38.275255 ], [ 70.57252, 38.271308 ], [ 70.559011, 38.268378 ], [ 70.546804, 38.262885 ], [ 70.537364, 38.238308 ], [ 70.508067, 38.192735 ], [ 70.482026, 38.137641 ], [ 70.4699, 38.120714 ], [ 70.459565, 38.112494 ], [ 70.425548, 38.100898 ], [ 70.414968, 38.094753 ], [ 70.370697, 38.058539 ], [ 70.325776, 38.011542 ], [ 70.317475, 38.006537 ], [ 70.293468, 37.996365 ], [ 70.288259, 37.991034 ], [ 70.283376, 37.982123 ], [ 70.272227, 37.97838 ], [ 70.260509, 37.976671 ], [ 70.253673, 37.97366 ], [ 70.250011, 37.964382 ], [ 70.249604, 37.955837 ], [ 70.253347, 37.947618 ], [ 70.26116, 37.939521 ], [ 70.237722, 37.932644 ], [ 70.214285, 37.929511 ], [ 70.191824, 37.933132 ], [ 70.171641, 37.946357 ], [ 70.160085, 37.920925 ], [ 70.164806, 37.890163 ], [ 70.178803, 37.861029 ], [ 70.195567, 37.840196 ], [ 70.207042, 37.835883 ], [ 70.239838, 37.827826 ], [ 70.246755, 37.819403 ], [ 70.249441, 37.80504 ], [ 70.256114, 37.79206 ], [ 70.265147, 37.78144 ], [ 70.274669, 37.774441 ], [ 70.269135, 37.762885 ], [ 70.271251, 37.748887 ], [ 70.281505, 37.719794 ], [ 70.282725, 37.705024 ], [ 70.28004, 37.696316 ], [ 70.276541, 37.688259 ], [ 70.274669, 37.675727 ], [ 70.262136, 37.661078 ], [ 70.257335, 37.658311 ], [ 70.253022, 37.654853 ], [ 70.253429, 37.646796 ], [ 70.254812, 37.637722 ], [ 70.253673, 37.631049 ], [ 70.247813, 37.623603 ], [ 70.245697, 37.621446 ], [ 70.240489, 37.617377 ], [ 70.237234, 37.618354 ], [ 70.218028, 37.617703 ], [ 70.215912, 37.617377 ], [ 70.201589, 37.588243 ], [ 70.198985, 37.579535 ], [ 70.192393, 37.576239 ], [ 70.157319, 37.541612 ], [ 70.128835, 37.532538 ], [ 70.098643, 37.536811 ], [ 70.068777, 37.545478 ], [ 70.04127, 37.549099 ], [ 70.047455, 37.541612 ], [ 70.016531, 37.54621 ], [ 70.007091, 37.549099 ], [ 69.998139, 37.555854 ], [ 69.994151, 37.562445 ], [ 69.989024, 37.567572 ], [ 69.976085, 37.569607 ], [ 69.954845, 37.575751 ], [ 69.944021, 37.589952 ], [ 69.934825, 37.605902 ], [ 69.918468, 37.617377 ], [ 69.894786, 37.618435 ], [ 69.852794, 37.601508 ], [ 69.832449, 37.596869 ], [ 69.822683, 37.593126 ], [ 69.812266, 37.586046 ], [ 69.801768, 37.581732 ], [ 69.791433, 37.58629 ], [ 69.783946, 37.590644 ], [ 69.761811, 37.596055 ], [ 69.753917, 37.596869 ], [ 69.72934, 37.594346 ], [ 69.686941, 37.579861 ], [ 69.664561, 37.576443 ], [ 69.52825, 37.586249 ], [ 69.508311, 37.579291 ], [ 69.490815, 37.537218 ], [ 69.46933, 37.520372 ], [ 69.424897, 37.494452 ], [ 69.421316, 37.489773 ], [ 69.415294, 37.47781 ], [ 69.411225, 37.472724 ], [ 69.403738, 37.467108 ], [ 69.389252, 37.459052 ], [ 69.384044, 37.453559 ], [ 69.37794, 37.43769 ], [ 69.375906, 37.419135 ], [ 69.376557, 37.380927 ], [ 69.37851, 37.377387 ], [ 69.387787, 37.375312 ], [ 69.39088, 37.370917 ], [ 69.390554, 37.365546 ], [ 69.388194, 37.36404 ], [ 69.385346, 37.363349 ], [ 69.384044, 37.360419 ], [ 69.384369, 37.351142 ], [ 69.385916, 37.341742 ], [ 69.389089, 37.333197 ], [ 69.394216, 37.32628 ], [ 69.402599, 37.311347 ], [ 69.409272, 37.276923 ], [ 69.417491, 37.26789 ], [ 69.409434, 37.245917 ], [ 69.426362, 37.239691 ], [ 69.444835, 37.23664 ], [ 69.441661, 37.223822 ], [ 69.407237, 37.17768 ], [ 69.39088, 37.164862 ], [ 69.350515, 37.144395 ], [ 69.334239, 37.129259 ], [ 69.323416, 37.121202 ], [ 69.311615, 37.117743 ], [ 69.285248, 37.113145 ], [ 69.265229, 37.105658 ], [ 69.245372, 37.104112 ], [ 69.150645, 37.155219 ], [ 69.145437, 37.157253 ], [ 69.123139, 37.169379 ], [ 69.113862, 37.177761 ], [ 69.095876, 37.213324 ], [ 69.078054, 37.225409 ], [ 69.055186, 37.237372 ], [ 69.035411, 37.251817 ], [ 69.020763, 37.288194 ], [ 69.004975, 37.305772 ], [ 68.984874, 37.320624 ], [ 68.964936, 37.329372 ], [ 68.896902, 37.336208 ], [ 68.893158, 37.337348 ], [ 68.887462, 37.338406 ], [ 68.884695, 37.335028 ], [ 68.889903, 37.323106 ], [ 68.896251, 37.316718 ], [ 68.912527, 37.306993 ], [ 68.917247, 37.30268 ], [ 68.920665, 37.288194 ], [ 68.915457, 37.279242 ], [ 68.904307, 37.276923 ], [ 68.889903, 37.282172 ], [ 68.876557, 37.296332 ], [ 68.867686, 37.312364 ], [ 68.856375, 37.325141 ], [ 68.835378, 37.329372 ], [ 68.813406, 37.323676 ], [ 68.809825, 37.312323 ], [ 68.821707, 37.282172 ], [ 68.824229, 37.26085 ], [ 68.819916, 37.251166 ], [ 68.808035, 37.251817 ], [ 68.770925, 37.270941 ], [ 68.759288, 37.275499 ], [ 68.746104, 37.276435 ], [ 68.725515, 37.274726 ], [ 68.686534, 37.279242 ], [ 68.668468, 37.27851 ], [ 68.657156, 37.26789 ], [ 68.662364, 37.263983 ], [ 68.66505, 37.25963 ], [ 68.670828, 37.247423 ], [ 68.648204, 37.244574 ], [ 68.635916, 37.230089 ], [ 68.6303, 37.214057 ], [ 68.626475, 37.206488 ], [ 68.608409, 37.204372 ], [ 68.570893, 37.194932 ], [ 68.551036, 37.192816 ], [ 68.546153, 37.188503 ], [ 68.532237, 37.169257 ], [ 68.523448, 37.164862 ], [ 68.51295, 37.164252 ], [ 68.465424, 37.155585 ], [ 68.403331, 37.151882 ], [ 68.417572, 37.128485 ], [ 68.411143, 37.113593 ], [ 68.391368, 37.10574 ], [ 68.365489, 37.103461 ], [ 68.345632, 37.107123 ], [ 68.326182, 37.113308 ], [ 68.307058, 37.114529 ], [ 68.287852, 37.103461 ], [ 68.280284, 37.086859 ], [ 68.281179, 37.066718 ], [ 68.287852, 37.024604 ], [ 68.277354, 37.010321 ], [ 68.253429, 37.010443 ], [ 68.212006, 37.021511 ] ] } },
{ "type": "Feature", "properties": { "name": "Zarafshon", "name_en": "Zarafshon", "scalerank": 8.0 }, "geometry": { "type": "MultiLineString", "coordinates": [ [ [ 70.471202, 39.471055 ], [ 70.329031, 39.447821 ], [ 70.278738, 39.450629 ], [ 70.15683, 39.481024 ], [ 70.114268, 39.484158 ], [ 70.085541, 39.480292 ], [ 70.057628, 39.47252 ], [ 69.993256, 39.451361 ], [ 69.961518, 39.44656 ], [ 69.929861, 39.450629 ], [ 69.853119, 39.471259 ], [ 69.809825, 39.477729 ], [ 69.765391, 39.477891 ], [ 69.381847, 39.429511 ], [ 68.928722, 39.423285 ], [ 68.910411, 39.419623 ], [ 68.866303, 39.398261 ], [ 68.851003, 39.392035 ], [ 68.8331, 39.388536 ], [ 68.685557, 39.411404 ], [ 68.654877, 39.402167 ], [ 68.654877, 39.409613 ], [ 68.587006, 39.407172 ], [ 68.566335, 39.409613 ], [ 68.546886, 39.42003 ], [ 68.528575, 39.43537 ], [ 68.513601, 39.453192 ], [ 68.504161, 39.471055 ], [ 68.485769, 39.463813 ], [ 68.476736, 39.46365 ], [ 68.469493, 39.467149 ], [ 68.456472, 39.471055 ], [ 68.442393, 39.472032 ], [ 68.433116, 39.47016 ], [ 68.423269, 39.466986 ], [ 68.40797, 39.464219 ], [ 68.360281, 39.464219 ], [ 68.312999, 39.457465 ], [ 68.214366, 39.478339 ], [ 68.161388, 39.480577 ], [ 68.127452, 39.457465 ], [ 68.119721, 39.464219 ], [ 68.108979, 39.468451 ], [ 68.096283, 39.470526 ], [ 68.082612, 39.471055 ], [ 68.0713, 39.4737 ], [ 68.055431, 39.486436 ], [ 68.045502, 39.491563 ], [ 68.03004, 39.493842 ], [ 67.979584, 39.491563 ], [ 67.974132, 39.492784 ], [ 67.96339, 39.497829 ], [ 67.956065, 39.498399 ], [ 67.949962, 39.495958 ], [ 67.935069, 39.486518 ], [ 67.929454, 39.484158 ], [ 67.905772, 39.485134 ], [ 67.848237, 39.49787 ], [ 67.842246906437126, 39.5 ] ], [ [ 63.838923695529616, 39.5 ], [ 63.841563, 39.493964 ], [ 63.85377, 39.474473 ], [ 63.866466, 39.459906 ], [ 63.894054, 39.436387 ], [ 63.907644, 39.419867 ], [ 63.91505, 39.407823 ], [ 63.91684, 39.401964 ], [ 63.91505, 39.385077 ], [ 63.913097, 39.375312 ], [ 63.909109, 39.365424 ], [ 63.907237, 39.355902 ], [ 63.927664, 39.317165 ], [ 63.915701, 39.290229 ], [ 63.887299, 39.268988 ], [ 63.761322, 39.213894 ], [ 63.733897, 39.207587 ], [ 63.713634, 39.206366 ], [ 63.697276, 39.201036 ], [ 63.686453, 39.189521 ], [ 63.680186, 39.150214 ], [ 63.670421, 39.120917 ], [ 63.668061, 39.10456 ] ] ] } },
{ "type": "Feature", "properties": { "name": "Amu  Darya", "name_en": "Amu  Darya", "scalerank": 5.0 }, "geometry": { "type": "LineString", "coordinates": [ [ 68.212006, 37.021511 ], [ 68.185964, 37.018581 ], [ 68.167491, 37.006374 ], [ 68.151459, 36.992987 ], [ 68.133067, 36.986762 ], [ 68.120616, 36.980536 ], [ 68.054454, 36.934882 ], [ 68.044363, 36.92947 ], [ 68.032237, 36.925482 ], [ 68.019786, 36.925889 ], [ 68.010671, 36.931098 ], [ 68.005626, 36.93891 ], [ 68.001557, 36.947699 ], [ 67.995697, 36.956081 ], [ 67.961355, 36.99018 ], [ 67.952566, 36.996446 ], [ 67.928966, 37.006456 ], [ 67.917979, 37.014106 ], [ 67.901947, 37.034613 ], [ 67.891612, 37.052273 ], [ 67.877696, 37.064643 ], [ 67.83253, 37.07335 ], [ 67.807628, 37.083523 ], [ 67.785085, 37.096788 ], [ 67.772553, 37.110297 ], [ 67.771576, 37.12519 ], [ 67.780203, 37.189073 ], [ 67.775645, 37.207831 ], [ 67.763682, 37.221137 ], [ 67.746349, 37.2296 ], [ 67.725515, 37.233832 ], [ 67.689871, 37.232489 ], [ 67.677175, 37.233832 ], [ 67.666026, 37.238227 ], [ 67.644135, 37.251492 ], [ 67.632742, 37.254259 ], [ 67.621511, 37.253201 ], [ 67.602306, 37.248562 ], [ 67.591807, 37.247423 ], [ 67.585704, 37.242865 ], [ 67.579519, 37.232937 ], [ 67.571788, 37.223415 ], [ 67.561046, 37.22016 ], [ 67.544526, 37.231757 ], [ 67.525645, 37.273139 ], [ 67.502696, 37.282172 ], [ 67.481944, 37.277655 ], [ 67.463634, 37.266466 ], [ 67.430675, 37.240017 ], [ 67.410737, 37.228095 ], [ 67.390717, 37.219794 ], [ 67.36907, 37.214911 ], [ 67.344737, 37.213324 ], [ 67.319021, 37.208686 ], [ 67.281016, 37.18891 ], [ 67.2588, 37.18537 ], [ 67.236339, 37.192694 ], [ 67.225027, 37.207953 ], [ 67.217459, 37.226508 ], [ 67.20753, 37.24372 ], [ 67.187429, 37.258409 ], [ 67.143077, 37.272081 ], [ 67.122813, 37.282172 ], [ 67.113536, 37.297431 ], [ 67.097097, 37.340847 ], [ 67.084565, 37.34988 ], [ 67.063731, 37.354804 ], [ 67.023692, 37.377753 ], [ 67.005463, 37.384589 ], [ 66.957286, 37.385443 ], [ 66.865245, 37.368232 ], [ 66.73463, 37.363552 ], [ 66.724132, 37.360419 ], [ 66.704194, 37.346747 ], [ 66.693614, 37.343695 ], [ 66.666596, 37.34455 ], [ 66.654307, 37.346381 ], [ 66.588308, 37.36872 ], [ 66.564138, 37.370917 ], [ 66.538585, 37.369412 ], [ 66.519135, 37.364366 ], [ 66.502452, 37.355902 ], [ 66.484793, 37.343695 ], [ 66.469656, 37.330024 ], [ 66.460948, 37.324652 ], [ 66.450694, 37.323106 ], [ 66.438243, 37.328152 ], [ 66.423269, 37.345974 ], [ 66.413097, 37.34988 ], [ 66.389171, 37.347439 ], [ 66.320323, 37.329372 ], [ 66.293956, 37.331407 ], [ 66.273936, 37.343533 ], [ 66.257335, 37.357042 ], [ 66.241466, 37.363552 ], [ 66.232026, 37.365587 ], [ 66.218191, 37.375027 ], [ 66.207449, 37.377143 ], [ 66.174327, 37.375759 ], [ 66.162608, 37.377143 ], [ 66.142589, 37.385321 ], [ 66.125255, 37.398953 ], [ 66.097585, 37.428656 ], [ 66.079194, 37.441107 ], [ 65.854747, 37.508124 ], [ 65.835704, 37.519355 ], [ 65.828705, 37.525906 ], [ 65.820567, 37.535468 ], [ 65.803803, 37.565538 ], [ 65.796153, 37.569607 ], [ 65.776134, 37.573106 ], [ 65.710704, 37.596869 ], [ 65.6692, 37.599921 ], [ 65.648692, 37.603787 ], [ 65.631602, 37.613959 ], [ 65.601492, 37.638536 ], [ 65.55185, 37.664862 ], [ 65.536713, 37.669298 ], [ 65.520437, 37.67182 ], [ 65.501557, 37.672634 ], [ 65.485362, 37.676378 ], [ 65.458507, 37.693956 ], [ 65.402843, 37.711208 ], [ 65.307058, 37.708564 ], [ 65.265147, 37.72724 ], [ 65.255382, 37.742743 ], [ 65.239024, 37.787624 ], [ 65.22755, 37.805732 ], [ 65.213308, 37.82156 ], [ 65.146251, 37.943549 ], [ 65.118256, 37.981269 ], [ 65.086436, 38.007758 ], [ 65.025076, 38.044216 ], [ 65.007823, 38.049384 ], [ 64.954112, 38.092475 ], [ 64.936127, 38.103949 ], [ 64.897716, 38.119818 ], [ 64.876964, 38.124823 ], [ 64.854096, 38.124457 ], [ 64.676036, 38.179714 ], [ 64.608002, 38.209174 ], [ 64.583263, 38.213202 ], [ 64.568858, 38.218573 ], [ 64.538097, 38.244656 ], [ 64.518484, 38.254218 ], [ 64.470876, 38.26435 ], [ 64.451427, 38.271796 ], [ 64.370535, 38.327216 ], [ 64.353933, 38.343573 ], [ 64.306733, 38.412543 ], [ 64.281261, 38.44123 ], [ 64.177826, 38.507514 ], [ 64.154389, 38.531928 ], [ 64.097341, 38.648871 ], [ 64.072032, 38.681586 ], [ 64.038585, 38.707302 ], [ 63.997081, 38.730902 ], [ 63.977794, 38.747097 ], [ 63.969737, 38.765326 ], [ 63.966889, 38.829372 ], [ 63.962901, 38.844509 ], [ 63.952647, 38.859727 ], [ 63.911388, 38.902533 ], [ 63.906749, 38.911322 ], [ 63.90325, 38.934109 ], [ 63.897472, 38.943427 ], [ 63.879324, 38.956977 ], [ 63.859874, 38.967353 ], [ 63.848399, 38.97016 ], [ 63.823416, 38.971381 ], [ 63.812022, 38.974189 ], [ 63.78419, 38.992947 ], [ 63.774913, 38.995307 ], [ 63.754893, 39.003689 ], [ 63.739024, 39.023301 ], [ 63.716401, 39.062934 ], [ 63.686127, 39.09101 ], [ 63.647716, 39.110541 ], [ 63.558197, 39.138699 ], [ 63.522227, 39.159695 ], [ 63.468761, 39.220038 ], [ 63.428396, 39.241726 ], [ 63.416108, 39.243842 ], [ 63.391694, 39.245429 ], [ 63.379975, 39.248562 ], [ 63.373546, 39.253974 ], [ 63.364675, 39.263007 ], [ 63.35434, 39.27143 ], [ 63.320079, 39.281765 ], [ 63.278819, 39.312934 ], [ 63.257091, 39.323676 ], [ 63.236095, 39.325385 ], [ 63.1963, 39.317816 ], [ 63.175304, 39.31623 ], [ 63.138601, 39.323594 ], [ 63.120209, 39.331732 ], [ 63.109386, 39.329901 ], [ 63.09905, 39.325873 ], [ 63.08961, 39.323676 ], [ 63.049815, 39.331 ], [ 63.022472, 39.350165 ], [ 62.982921, 39.406195 ], [ 62.993663, 39.433783 ], [ 62.997325, 39.480251 ], [ 62.996580420569607, 39.5 ] ] } }
]
}
